ccode1,ccode2,year,dca
2,20,1996,1
2,20,1997,1
2,20,1998,1
2,20,1999,1
2,20,2000,1
2,20,2001,1
2,20,2002,1
2,20,2003,1
2,20,2004,1
2,20,2005,1
2,20,2006,1
2,20,2007,1
2,20,2008,1
2,20,2009,1
2,20,2010,1
2,100,2009,1
2,100,2010,1
2,140,1983,1
2,140,1984,1
2,140,1985,1
2,140,1986,1
2,140,1987,1
2,140,1988,1
2,140,1989,1
2,140,1990,1
2,140,1991,1
2,140,1992,1
2,140,1993,1
2,140,1994,1
2,140,1995,1
2,140,1996,1
2,140,1997,1
2,140,1998,1
2,140,1999,1
2,140,2000,1
2,140,2001,1
2,140,2002,1
2,140,2003,1
2,140,2004,1
2,140,2005,1
2,140,2006,1
2,140,2007,1
2,140,2008,1
2,140,2009,1
2,140,2010,1
2,155,2008,1
2,155,2009,1
2,155,2010,1
2,160,1998,1
2,160,1999,1
2,160,2000,1
2,160,2001,1
2,160,2002,1
2,160,2003,1
2,160,2004,1
2,160,2005,1
2,160,2006,1
2,160,2007,1
2,160,2008,1
2,160,2009,1
2,160,2010,1
2,200,1988,1
2,200,1989,1
2,200,1990,1
2,200,1991,1
2,200,1992,1
2,200,1993,1
2,200,1994,1
2,200,1995,1
2,200,1996,1
2,200,1997,1
2,200,1998,1
2,200,1999,1
2,200,2000,1
2,200,2001,1
2,200,2002,1
2,200,2003,1
2,200,2004,1
2,200,2005,1
2,200,2006,1
2,200,2007,1
2,200,2008,1
2,200,2009,1
2,200,2010,1
2,210,1998,1
2,210,1999,1
2,210,2000,1
2,210,2001,1
2,210,2002,1
2,210,2003,1
2,210,2004,1
2,210,2005,1
2,210,2006,1
2,210,2007,1
2,210,2008,1
2,210,2009,1
2,210,2010,1
2,212,2010,1
2,220,1994,1
2,220,1995,1
2,220,1996,1
2,220,1997,1
2,220,1998,1
2,220,1999,1
2,220,2000,1
2,220,2001,1
2,220,2002,1
2,220,2003,1
2,220,2004,1
2,220,2005,1
2,220,2006,1
2,220,2007,1
2,220,2008,1
2,220,2009,1
2,220,2010,1
2,225,1988,1
2,225,1989,1
2,225,1990,1
2,225,1991,1
2,225,1992,1
2,225,1993,1
2,225,1994,1
2,225,1995,1
2,225,1996,1
2,225,1997,1
2,225,1998,1
2,225,1999,1
2,225,2000,1
2,225,2001,1
2,225,2002,1
2,225,2003,1
2,225,2004,1
2,225,2005,1
2,225,2006,1
2,225,2007,1
2,225,2008,1
2,225,2009,1
2,225,2010,1
2,230,1980,1
2,230,1981,1
2,230,1982,1
2,230,1983,1
2,230,1984,1
2,230,1985,1
2,230,1986,1
2,230,1987,1
2,230,1988,1
2,230,1989,1
2,230,1990,1
2,230,1991,1
2,230,1992,1
2,230,1993,1
2,230,1994,1
2,230,1995,1
2,230,1996,1
2,230,1997,1
2,230,1998,1
2,230,1999,1
2,230,2000,1
2,230,2001,1
2,230,2002,1
2,230,2003,1
2,230,2004,1
2,230,2005,1
2,230,2006,1
2,230,2007,1
2,230,2008,1
2,230,2009,1
2,230,2010,1
2,290,1995,1
2,290,1996,1
2,290,1997,1
2,290,1998,1
2,290,1999,1
2,290,2000,1
2,290,2001,1
2,290,2002,1
2,290,2003,1
2,290,2004,1
2,290,2005,1
2,290,2006,1
2,290,2007,1
2,290,2008,1
2,290,2009,1
2,290,2010,1
2,305,1991,1
2,305,1992,1
2,305,1993,1
2,305,1994,1
2,305,1995,1
2,305,1996,1
2,305,1997,1
2,305,1998,1
2,305,1999,1
2,305,2000,1
2,305,2001,1
2,305,2002,1
2,305,2003,1
2,305,2004,1
2,305,2005,1
2,305,2006,1
2,305,2007,1
2,305,2008,1
2,305,2009,1
2,305,2010,1
2,310,1995,1
2,310,1996,1
2,310,1997,1
2,310,1998,1
2,310,1999,1
2,310,2000,1
2,310,2001,1
2,310,2002,1
2,310,2003,1
2,310,2004,1
2,310,2005,1
2,310,2006,1
2,310,2007,1
2,310,2008,1
2,310,2009,1
2,310,2010,1
2,316,1996,1
2,316,1997,1
2,316,1998,1
2,316,1999,1
2,316,2000,1
2,316,2001,1
2,316,2002,1
2,316,2003,1
2,316,2004,1
2,316,2005,1
2,316,2006,1
2,316,2008,1
2,316,2009,1
2,316,2010,1
2,317,1994,1
2,317,1995,1
2,317,1996,1
2,317,1997,1
2,317,1998,1
2,317,1999,1
2,317,2000,1
2,317,2001,1
2,325,2006,1
2,325,2007,1
2,325,2008,1
2,325,2009,1
2,325,2010,1
2,344,1994,1
2,344,1995,1
2,344,1996,1
2,344,1997,1
2,344,1998,1
2,344,1999,1
2,344,2000,1
2,350,1986,1
2,350,1987,1
2,350,1988,1
2,350,1989,1
2,350,1990,1
2,350,1991,1
2,350,1992,1
2,350,1993,1
2,350,1994,1
2,350,1995,1
2,350,1996,1
2,350,1997,1
2,350,1998,1
2,350,1999,1
2,350,2000,1
2,350,2001,1
2,350,2002,1
2,350,2003,1
2,350,2004,1
2,350,2005,1
2,350,2006,1
2,350,2007,1
2,350,2008,1
2,350,2009,1
2,350,2010,1
2,359,1995,1
2,359,1996,1
2,359,1997,1
2,359,1998,1
2,359,1999,1
2,359,2000,1
2,359,2001,1
2,359,2002,1
2,359,2003,1
2,359,2004,1
2,359,2005,1
2,359,2006,1
2,359,2007,1
2,359,2008,1
2,359,2009,1
2,359,2010,1
2,367,1995,1
2,367,1996,1
2,367,1997,1
2,367,1998,1
2,367,1999,1
2,367,2000,1
2,367,2001,1
2,368,1994,1
2,368,1995,1
2,368,1996,1
2,368,1997,1
2,368,1998,1
2,368,1999,1
2,368,2000,1
2,368,2001,1
2,368,2002,1
2,368,2003,1
2,368,2004,1
2,368,2005,1
2,368,2006,1
2,368,2007,1
2,368,2008,1
2,368,2009,1
2,368,2010,1
2,369,2000,1
2,369,2001,1
2,369,2002,1
2,369,2003,1
2,369,2004,1
2,369,2005,1
2,369,2006,1
2,369,2007,1
2,369,2008,1
2,369,2009,1
2,369,2010,1
2,371,2001,1
2,371,2002,1
2,371,2003,1
2,371,2004,1
2,371,2005,1
2,371,2006,1
2,371,2007,1
2,371,2008,1
2,375,1991,1
2,375,1992,1
2,375,1993,1
2,375,1994,1
2,375,1995,1
2,375,1996,1
2,375,1997,1
2,375,1998,1
2,375,1999,1
2,375,2000,1
2,375,2001,1
2,375,2002,1
2,375,2003,1
2,375,2004,1
2,375,2005,1
2,375,2006,1
2,375,2007,1
2,375,2008,1
2,375,2009,1
2,375,2010,1
2,380,1987,1
2,380,1988,1
2,380,1989,1
2,380,1990,1
2,380,1991,1
2,380,1992,1
2,380,1993,1
2,380,1994,1
2,380,1995,1
2,380,1996,1
2,380,1997,1
2,380,1998,1
2,380,1999,1
2,380,2000,1
2,380,2001,1
2,380,2002,1
2,380,2003,1
2,380,2004,1
2,380,2005,1
2,380,2006,1
2,380,2007,1
2,380,2008,1
2,380,2009,1
2,380,2010,1
2,390,1980,1
2,390,1981,1
2,390,1982,1
2,390,1983,1
2,390,1984,1
2,390,1985,1
2,390,1986,1
2,390,1987,1
2,390,1988,1
2,390,1989,1
2,390,1990,1
2,390,1991,1
2,390,1992,1
2,390,1993,1
2,390,1994,1
2,390,1995,1
2,390,1996,1
2,390,1997,1
2,390,1998,1
2,390,1999,1
2,390,2000,1
2,390,2001,1
2,390,2002,1
2,390,2003,1
2,390,2004,1
2,390,2005,1
2,390,2006,1
2,390,2007,1
2,390,2008,1
2,390,2009,1
2,390,2010,1
2,560,2001,1
2,560,2002,1
2,560,2003,1
2,560,2004,1
2,560,2005,1
2,560,2006,1
2,560,2007,1
2,560,2008,1
2,560,2009,1
2,560,2010,1
2,640,1980,1
2,640,1981,1
2,640,1982,1
2,640,1983,1
2,640,1984,1
2,640,1985,1
2,640,1986,1
2,640,1987,1
2,640,1988,1
2,640,1989,1
2,640,1990,1
2,640,1991,1
2,640,1992,1
2,640,1993,1
2,640,1994,1
2,640,1995,1
2,640,1996,1
2,640,1997,1
2,640,1998,1
2,640,1999,1
2,640,2000,1
2,640,2001,1
2,640,2002,1
2,640,2003,1
2,640,2004,1
2,640,2005,1
2,640,2006,1
2,640,2007,1
2,640,2008,1
2,640,2009,1
2,640,2010,1
2,651,1988,1
2,651,1989,1
2,651,1990,1
2,651,1991,1
2,651,1992,1
2,651,1993,1
2,651,1994,1
2,651,1995,1
2,651,1996,1
2,651,1997,1
2,651,1998,1
2,651,1999,1
2,651,2000,1
2,651,2001,1
2,651,2002,1
2,651,2003,1
2,651,2004,1
2,651,2005,1
2,651,2006,1
2,651,2007,1
2,651,2008,1
2,651,2009,1
2,651,2010,1
2,666,1987,1
2,666,1988,1
2,666,1989,1
2,666,1990,1
2,666,1991,1
2,666,1992,1
2,666,1993,1
2,666,1994,1
2,666,1995,1
2,666,1996,1
2,666,1997,1
2,666,1998,1
2,666,1999,1
2,666,2000,1
2,666,2001,1
2,666,2002,1
2,666,2003,1
2,666,2004,1
2,666,2005,1
2,666,2006,1
2,666,2007,1
2,666,2008,1
2,666,2009,1
2,666,2010,1
2,670,1982,1
2,670,1983,1
2,670,1984,1
2,670,1985,1
2,670,1986,1
2,670,1987,1
2,670,1988,1
2,732,1988,1
2,732,1989,1
2,732,1990,1
2,732,1991,1
2,732,1992,1
2,732,1993,1
2,732,1994,1
2,732,1995,1
2,732,1996,1
2,732,1997,1
2,732,1998,1
2,732,1999,1
2,732,2000,1
2,732,2001,1
2,732,2002,1
2,732,2003,1
2,732,2004,1
2,732,2005,1
2,732,2006,1
2,732,2007,1
2,732,2008,1
2,732,2009,1
2,732,2010,1
2,750,2004,1
2,750,2005,1
2,750,2006,1
2,750,2007,1
2,750,2008,1
2,750,2009,1
2,750,2010,1
2,830,1995,1
2,830,1996,1
2,830,1997,1
2,830,1998,1
2,830,1999,1
2,830,2000,1
2,830,2001,1
2,830,2002,1
2,830,2003,1
2,830,2004,1
2,830,2005,1
2,830,2006,1
2,830,2007,1
2,830,2008,1
2,830,2009,1
2,830,2010,1
2,835,1994,1
2,835,1995,1
2,835,1996,1
2,835,1997,1
2,835,1998,1
2,835,1999,1
2,835,2000,1
2,850,2010,1
2,900,1994,1
2,900,1995,1
2,900,1996,1
2,900,1997,1
2,900,1998,1
2,900,1999,1
2,900,2000,1
2,900,2001,1
2,900,2002,1
2,900,2003,1
2,900,2004,1
2,900,2005,1
2,900,2006,1
2,900,2007,1
2,900,2008,1
2,900,2009,1
2,900,2010,1
20,2,1996,1
20,2,1997,1
20,2,1998,1
20,2,1999,1
20,2,2000,1
20,2,2001,1
20,2,2002,1
20,2,2003,1
20,2,2004,1
20,2,2005,1
20,2,2006,1
20,2,2007,1
20,2,2008,1
20,2,2009,1
20,2,2010,1
20,115,2004,1
20,115,2005,1
20,115,2006,1
20,115,2007,1
20,115,2008,1
20,115,2009,1
20,115,2010,1
20,211,1987,1
20,211,1988,1
20,211,1989,1
20,211,1990,1
20,211,1991,1
20,211,1992,1
20,211,1993,1
20,211,1994,1
20,211,1995,1
20,211,1996,1
20,211,1997,1
20,211,1998,1
20,211,1999,1
20,211,2000,1
20,211,2001,1
20,211,2002,1
20,211,2003,1
20,211,2004,1
20,211,2005,1
20,211,2006,1
20,211,2007,1
20,211,2008,1
20,211,2009,1
20,211,2010,1
20,230,1991,1
20,230,1992,1
20,230,1993,1
20,230,1994,1
20,230,1995,1
20,230,1996,1
20,230,1997,1
20,230,1998,1
20,230,1999,1
20,316,1994,1
20,316,1995,1
20,316,1996,1
20,316,1997,1
20,316,1998,1
20,316,1999,1
20,316,2000,1
20,316,2001,1
20,316,2002,1
20,316,2003,1
20,316,2004,1
20,316,2005,1
20,316,2006,1
20,316,2007,1
20,316,2008,1
20,316,2009,1
20,316,2010,1
20,317,1995,1
20,317,1996,1
20,317,1997,1
20,317,1998,1
20,317,1999,1
20,317,2000,1
20,317,2001,1
20,339,2005,1
20,339,2006,1
20,339,2007,1
20,339,2008,1
20,339,2009,1
20,339,2010,1
20,355,1999,1
20,355,2000,1
20,355,2001,1
20,355,2002,1
20,355,2003,1
20,355,2004,1
20,355,2005,1
20,360,1993,1
20,360,1994,1
20,360,1995,1
20,360,1996,1
20,360,1997,1
20,360,1998,1
20,360,1999,1
20,360,2000,1
20,360,2001,1
20,360,2002,1
20,360,2003,1
20,360,2004,1
20,360,2005,1
20,360,2006,1
20,360,2007,1
20,360,2008,1
20,360,2009,1
20,360,2010,1
20,380,2004,1
20,380,2005,1
20,380,2006,1
20,380,2007,1
20,380,2008,1
20,380,2009,1
20,380,2010,1
20,560,1998,1
20,560,1999,1
20,560,2000,1
20,560,2001,1
20,560,2002,1
20,560,2003,1
20,560,2004,1
40,365,1997,1
40,365,1998,1
40,365,1999,1
40,365,2000,1
40,365,2001,1
40,365,2002,1
40,365,2003,1
40,540,2002,1
40,540,2003,1
40,540,2004,1
40,540,2005,1
40,540,2006,1
40,540,2007,1
40,540,2008,1
42,140,2010,1
90,140,2006,1
90,140,2007,1
90,140,2008,1
90,140,2009,1
90,140,2010,1
90,155,2003,1
90,155,2004,1
90,155,2005,1
90,155,2006,1
90,155,2007,1
90,155,2008,1
90,155,2009,1
90,155,2010,1
90,230,2006,1
90,230,2007,1
90,230,2008,1
90,230,2009,1
90,230,2010,1
91,140,2007,1
91,140,2008,1
91,140,2009,1
91,140,2010,1
91,160,2006,1
91,160,2007,1
91,160,2008,1
91,160,2009,1
91,160,2010,1
91,230,2006,1
91,230,2007,1
91,230,2008,1
91,230,2009,1
91,230,2010,1
92,135,2008,1
92,135,2009,1
92,135,2010,1
92,140,2007,1
92,140,2008,1
92,140,2009,1
92,140,2010,1
92,160,2009,1
92,160,2010,1
92,230,2006,1
92,230,2007,1
92,230,2008,1
92,230,2009,1
92,230,2010,1
93,230,2006,1
93,230,2007,1
93,230,2008,1
93,230,2009,1
93,230,2010,1
95,325,2010,1
100,2,2009,1
100,2,2010,1
100,140,2003,1
100,140,2004,1
100,140,2005,1
100,140,2006,1
100,140,2007,1
100,140,2008,1
100,140,2009,1
100,140,2010,1
100,220,1996,1
100,220,1997,1
100,220,1998,1
100,220,1999,1
100,220,2000,1
100,220,2001,1
100,220,2002,1
100,220,2003,1
100,220,2004,1
100,220,2005,1
100,220,2006,1
100,220,2007,1
100,220,2008,1
100,220,2009,1
100,220,2010,1
100,316,2006,1
100,316,2007,1
100,316,2008,1
100,316,2009,1
100,316,2010,1
101,145,2008,1
101,145,2009,1
101,145,2010,1
101,160,2004,1
101,160,2005,1
101,160,2006,1
101,160,2007,1
101,160,2008,1
101,160,2009,1
101,160,2010,1
101,230,2005,1
101,230,2006,1
101,230,2007,1
101,230,2008,1
101,230,2009,1
101,230,2010,1
101,365,2001,1
101,365,2002,1
101,365,2003,1
101,365,2004,1
101,365,2005,1
101,365,2006,1
101,365,2007,1
101,365,2008,1
101,365,2009,1
101,365,2010,1
101,630,2009,1
101,630,2010,1
110,140,2009,1
110,140,2010,1
115,20,2004,1
115,20,2005,1
115,20,2006,1
115,20,2007,1
115,20,2008,1
115,20,2009,1
115,20,2010,1
115,140,2008,1
115,140,2009,1
115,140,2010,1
130,140,2007,1
130,140,2008,1
130,140,2009,1
130,140,2010,1
130,160,2007,1
130,160,2008,1
130,160,2009,1
130,160,2010,1
130,165,2010,1
130,230,2008,1
130,230,2009,1
130,230,2010,1
135,92,2008,1
135,92,2009,1
135,92,2010,1
135,140,2006,1
135,140,2007,1
135,140,2008,1
135,140,2009,1
135,140,2010,1
135,155,2001,1
135,155,2002,1
135,155,2003,1
135,155,2004,1
135,155,2005,1
135,155,2006,1
135,155,2007,1
135,155,2008,1
135,155,2009,1
135,155,2010,1
135,160,2006,1
135,160,2007,1
135,160,2008,1
135,160,2009,1
135,160,2010,1
135,230,2006,1
135,230,2007,1
135,230,2008,1
135,230,2009,1
135,230,2010,1
135,290,2008,1
135,290,2009,1
135,290,2010,1
135,325,2002,1
135,325,2003,1
135,325,2004,1
135,325,2005,1
135,325,2006,1
135,325,2007,1
135,325,2008,1
135,325,2009,1
135,325,2010,1
135,365,1996,1
135,365,1997,1
135,365,1998,1
135,365,1999,1
135,365,2000,1
135,365,2001,1
135,365,2002,1
135,365,2003,1
135,365,2004,1
135,365,2005,1
135,365,2006,1
135,365,2007,1
135,365,2008,1
135,365,2009,1
135,365,2010,1
135,666,2008,1
135,666,2009,1
135,666,2010,1
140,2,1983,1
140,2,1984,1
140,2,1985,1
140,2,1986,1
140,2,1987,1
140,2,1988,1
140,2,1989,1
140,2,1990,1
140,2,1991,1
140,2,1992,1
140,2,1993,1
140,2,1994,1
140,2,1995,1
140,2,1996,1
140,2,1997,1
140,2,1998,1
140,2,1999,1
140,2,2000,1
140,2,2001,1
140,2,2002,1
140,2,2003,1
140,2,2004,1
140,2,2005,1
140,2,2006,1
140,2,2007,1
140,2,2008,1
140,2,2009,1
140,2,2010,1
140,42,2010,1
140,90,2006,1
140,90,2007,1
140,90,2008,1
140,90,2009,1
140,90,2010,1
140,91,2007,1
140,91,2008,1
140,91,2009,1
140,91,2010,1
140,92,2007,1
140,92,2008,1
140,92,2009,1
140,92,2010,1
140,100,2003,1
140,100,2004,1
140,100,2005,1
140,100,2006,1
140,100,2007,1
140,100,2008,1
140,100,2009,1
140,100,2010,1
140,110,2009,1
140,110,2010,1
140,115,2008,1
140,115,2009,1
140,115,2010,1
140,130,2007,1
140,130,2008,1
140,130,2009,1
140,130,2010,1
140,135,2006,1
140,135,2007,1
140,135,2008,1
140,135,2009,1
140,135,2010,1
140,145,2007,1
140,145,2008,1
140,145,2009,1
140,145,2010,1
140,150,2007,1
140,150,2008,1
140,150,2009,1
140,150,2010,1
140,155,2000,1
140,155,2001,1
140,155,2002,1
140,155,2003,1
140,155,2004,1
140,155,2005,1
140,155,2006,1
140,155,2007,1
140,155,2008,1
140,155,2009,1
140,155,2010,1
140,160,1997,1
140,160,1998,1
140,160,1999,1
140,160,2000,1
140,160,2001,1
140,160,2002,1
140,160,2003,1
140,160,2005,1
140,160,2006,1
140,160,2007,1
140,160,2008,1
140,160,2009,1
140,160,2010,1
140,165,2010,1
140,200,1981,1
140,200,1982,1
140,200,1983,1
140,200,1984,1
140,200,1985,1
140,200,1986,1
140,200,1987,1
140,200,1988,1
140,200,1989,1
140,200,1990,1
140,200,1991,1
140,200,1992,1
140,200,1993,1
140,200,1994,1
140,200,1995,1
140,200,1996,1
140,200,1997,1
140,200,1998,1
140,200,1999,1
140,200,2000,1
140,200,2001,1
140,200,2002,1
140,200,2003,1
140,200,2004,1
140,200,2005,1
140,200,2006,1
140,200,2007,1
140,200,2008,1
140,200,2009,1
140,200,2010,1
140,220,1982,1
140,220,1983,1
140,220,1984,1
140,220,1985,1
140,220,1986,1
140,220,1987,1
140,220,1988,1
140,220,2008,1
140,220,2009,1
140,220,2010,1
140,230,2010,1
140,235,2005,1
140,235,2006,1
140,235,2007,1
140,235,2008,1
140,235,2009,1
140,235,2010,1
140,290,2010,1
140,316,2010,1
140,317,1997,1
140,317,1998,1
140,317,1999,1
140,317,2000,1
140,317,2001,1
140,317,2002,1
140,317,2003,1
140,317,2004,1
140,317,2005,1
140,317,2006,1
140,317,2007,1
140,317,2008,1
140,317,2009,1
140,317,2010,1
140,325,2008,1
140,325,2009,1
140,325,2010,1
140,345,2010,1
140,365,2002,1
140,365,2003,1
140,365,2004,1
140,365,2005,1
140,365,2006,1
140,365,2007,1
140,365,2008,1
140,365,2009,1
140,365,2010,1
140,369,2010,1
140,380,2000,1
140,380,2001,1
140,380,2002,1
140,380,2003,1
140,380,2004,1
140,380,2005,1
140,380,2006,1
140,380,2007,1
140,380,2008,1
140,380,2009,1
140,380,2010,1
140,666,2010,1
140,670,1984,1
140,670,1985,1
140,670,1986,1
140,670,1987,1
140,670,1988,1
140,670,1989,1
140,670,1990,1
140,670,1991,1
140,670,1992,1
140,670,1993,1
140,670,1994,1
140,750,2003,1
140,750,2004,1
140,750,2005,1
140,750,2006,1
140,750,2007,1
140,750,2008,1
140,750,2009,1
140,750,2010,1
145,101,2008,1
145,101,2009,1
145,101,2010,1
145,140,2007,1
145,140,2008,1
145,140,2009,1
145,140,2010,1
145,160,1996,1
145,160,1997,1
145,160,1998,1
145,160,1999,1
145,160,2000,1
145,160,2001,1
145,160,2002,1
145,160,2003,1
145,160,2004,1
145,160,2005,1
145,160,2006,1
145,160,2007,1
145,160,2008,1
145,160,2009,1
145,160,2010,1
145,230,2001,1
145,230,2002,1
145,230,2003,1
145,230,2004,1
145,230,2005,1
145,230,2006,1
145,230,2007,1
150,140,2007,1
150,140,2008,1
150,140,2009,1
150,140,2010,1
150,160,1997,1
150,160,1998,1
150,160,1999,1
150,160,2000,1
150,160,2001,1
150,160,2002,1
150,160,2003,1
150,160,2007,1
150,160,2008,1
150,160,2009,1
150,160,2010,1
150,165,2010,1
155,2,2008,1
155,2,2009,1
155,2,2010,1
155,90,2003,1
155,90,2004,1
155,90,2005,1
155,90,2006,1
155,90,2007,1
155,90,2008,1
155,90,2009,1
155,90,2010,1
155,135,2001,1
155,135,2002,1
155,135,2003,1
155,135,2004,1
155,135,2005,1
155,135,2006,1
155,135,2007,1
155,135,2008,1
155,135,2009,1
155,135,2010,1
155,140,2000,1
155,140,2001,1
155,140,2002,1
155,140,2003,1
155,140,2004,1
155,140,2005,1
155,140,2006,1
155,140,2007,1
155,140,2008,1
155,140,2009,1
155,140,2010,1
155,160,1995,1
155,160,1996,1
155,160,1997,1
155,160,1998,1
155,160,1999,1
155,160,2000,1
155,160,2001,1
155,160,2002,1
155,160,2003,1
155,160,2004,1
155,160,2005,1
155,160,2006,1
155,200,1991,1
155,200,1992,1
155,200,1993,1
155,200,1994,1
155,200,1995,1
155,200,1996,1
155,200,1997,1
155,220,1996,1
155,220,1997,1
155,220,1998,1
155,220,1999,1
155,220,2000,1
155,220,2001,1
155,220,2002,1
155,230,1997,1
155,230,1998,1
155,230,1999,1
155,230,2000,1
155,230,2001,1
155,230,2002,1
155,230,2003,1
155,230,2004,1
155,230,2005,1
155,230,2006,1
155,230,2007,1
155,230,2008,1
155,230,2009,1
155,230,2010,1
155,325,1997,1
155,325,1998,1
155,325,1999,1
155,325,2000,1
155,325,2001,1
155,325,2002,1
155,325,2003,1
155,325,2004,1
155,325,2005,1
155,325,2006,1
155,325,2007,1
155,325,2008,1
155,325,2009,1
155,325,2010,1
155,365,2004,1
155,365,2005,1
155,365,2006,1
155,365,2007,1
155,365,2008,1
155,365,2009,1
155,365,2010,1
155,560,2006,1
155,560,2007,1
155,560,2008,1
155,560,2009,1
155,560,2010,1
155,640,2004,1
155,640,2005,1
155,640,2006,1
155,640,2007,1
155,640,2008,1
155,640,2009,1
155,640,2010,1
155,750,2007,1
155,750,2008,1
155,750,2009,1
155,750,2010,1
155,820,1993,1
155,820,1994,1
155,820,1995,1
155,820,1996,1
155,820,1997,1
155,820,1998,1
155,820,1999,1
155,820,2000,1
155,820,2001,1
155,820,2002,1
155,820,2003,1
155,820,2004,1
155,820,2005,1
155,820,2006,1
155,820,2007,1
155,820,2008,1
155,820,2009,1
155,820,2010,1
160,2,1998,1
160,2,1999,1
160,2,2000,1
160,2,2001,1
160,2,2002,1
160,2,2003,1
160,2,2004,1
160,2,2005,1
160,2,2006,1
160,2,2007,1
160,2,2008,1
160,2,2009,1
160,2,2010,1
160,91,2006,1
160,91,2007,1
160,91,2008,1
160,91,2009,1
160,91,2010,1
160,92,2009,1
160,92,2010,1
160,101,2004,1
160,101,2005,1
160,101,2006,1
160,101,2007,1
160,101,2008,1
160,101,2009,1
160,101,2010,1
160,130,2007,1
160,130,2008,1
160,130,2009,1
160,130,2010,1
160,135,2006,1
160,135,2007,1
160,135,2008,1
160,135,2009,1
160,135,2010,1
160,140,1997,1
160,140,1998,1
160,140,1999,1
160,140,2000,1
160,140,2001,1
160,140,2002,1
160,140,2003,1
160,140,2005,1
160,140,2006,1
160,140,2007,1
160,140,2008,1
160,140,2009,1
160,140,2010,1
160,145,1996,1
160,145,1997,1
160,145,1998,1
160,145,1999,1
160,145,2000,1
160,145,2001,1
160,145,2002,1
160,145,2003,1
160,145,2004,1
160,145,2005,1
160,145,2006,1
160,145,2007,1
160,145,2008,1
160,145,2009,1
160,145,2010,1
160,150,1997,1
160,150,1998,1
160,150,1999,1
160,150,2000,1
160,150,2001,1
160,150,2002,1
160,150,2003,1
160,150,2007,1
160,150,2008,1
160,150,2009,1
160,150,2010,1
160,155,1995,1
160,155,1996,1
160,155,1997,1
160,155,1998,1
160,155,1999,1
160,155,2000,1
160,155,2001,1
160,155,2002,1
160,155,2003,1
160,155,2004,1
160,155,2005,1
160,155,2006,1
160,165,2010,1
160,200,1998,1
160,200,1999,1
160,200,2000,1
160,200,2001,1
160,200,2002,1
160,200,2003,1
160,200,2004,1
160,200,2005,1
160,200,2006,1
160,200,2007,1
160,200,2008,1
160,200,2009,1
160,200,2010,1
160,211,2001,1
160,211,2002,1
160,211,2003,1
160,211,2004,1
160,211,2005,1
160,211,2006,1
160,211,2007,1
160,220,1998,1
160,220,1999,1
160,220,2000,1
160,220,2001,1
160,220,2002,1
160,220,2003,1
160,220,2004,1
160,220,2005,1
160,220,2006,1
160,220,2007,1
160,220,2008,1
160,220,2009,1
160,220,2010,1
160,230,1989,1
160,230,1990,1
160,230,1991,1
160,230,1992,1
160,230,1993,1
160,230,1994,1
160,230,1995,1
160,230,1996,1
160,230,1997,1
160,230,1998,1
160,230,1999,1
160,230,2000,1
160,230,2001,1
160,230,2002,1
160,230,2003,1
160,230,2004,1
160,230,2005,1
160,230,2006,1
160,230,2007,1
160,230,2008,1
160,230,2009,1
160,230,2010,1
160,235,2004,1
160,235,2005,1
160,235,2006,1
160,235,2007,1
160,235,2008,1
160,235,2009,1
160,235,2010,1
160,325,1992,1
160,325,1993,1
160,325,1994,1
160,325,1995,1
160,325,1996,1
160,325,1997,1
160,325,1998,1
160,325,1999,1
160,325,2000,1
160,325,2001,1
160,325,2002,1
160,325,2003,1
160,325,2004,1
160,325,2005,1
160,325,2006,1
160,325,2007,1
160,325,2008,1
160,325,2009,1
160,325,2010,1
160,365,2004,1
160,365,2005,1
160,365,2006,1
160,365,2007,1
160,365,2008,1
160,365,2009,1
160,365,2010,1
160,369,1998,1
160,369,1999,1
160,369,2000,1
160,369,2001,1
160,369,2002,1
160,369,2003,1
160,369,2004,1
160,369,2005,1
160,369,2006,1
160,369,2007,1
160,369,2008,1
160,369,2009,1
160,369,2010,1
160,560,1997,1
160,560,1998,1
160,560,1999,1
160,560,2000,1
160,560,2001,1
160,560,2002,1
160,560,2003,1
160,560,2010,1
160,600,2009,1
160,600,2010,1
160,666,2010,1
160,710,2007,1
160,710,2008,1
160,710,2009,1
160,710,2010,1
165,130,2010,1
165,140,2010,1
165,150,2010,1
165,160,2010,1
165,235,2007,1
165,235,2008,1
165,235,2009,1
165,235,2010,1
165,365,2002,1
165,365,2003,1
165,365,2004,1
165,365,2005,1
165,365,2006,1
165,365,2007,1
165,365,2008,1
165,365,2009,1
165,365,2010,1
200,2,1988,1
200,2,1989,1
200,2,1990,1
200,2,1991,1
200,2,1992,1
200,2,1993,1
200,2,1994,1
200,2,1995,1
200,2,1996,1
200,2,1997,1
200,2,1998,1
200,2,1999,1
200,2,2000,1
200,2,2001,1
200,2,2002,1
200,2,2003,1
200,2,2004,1
200,2,2005,1
200,2,2006,1
200,2,2007,1
200,2,2008,1
200,2,2009,1
200,2,2010,1
200,140,1981,1
200,140,1982,1
200,140,1983,1
200,140,1984,1
200,140,1985,1
200,140,1986,1
200,140,1987,1
200,140,1988,1
200,140,1989,1
200,140,1990,1
200,140,1991,1
200,140,1992,1
200,140,1993,1
200,140,1994,1
200,140,1995,1
200,140,1996,1
200,140,1997,1
200,140,1998,1
200,140,1999,1
200,140,2000,1
200,140,2001,1
200,140,2002,1
200,140,2003,1
200,140,2004,1
200,140,2005,1
200,140,2006,1
200,140,2007,1
200,140,2008,1
200,140,2009,1
200,140,2010,1
200,155,1991,1
200,155,1992,1
200,155,1993,1
200,155,1994,1
200,155,1995,1
200,155,1996,1
200,155,1997,1
200,160,1998,1
200,160,1999,1
200,160,2000,1
200,160,2001,1
200,160,2002,1
200,160,2003,1
200,160,2004,1
200,160,2005,1
200,160,2006,1
200,160,2007,1
200,160,2008,1
200,160,2009,1
200,160,2010,1
200,220,2010,1
200,225,2002,1
200,225,2003,1
200,225,2004,1
200,225,2005,1
200,225,2006,1
200,225,2007,1
200,225,2008,1
200,225,2009,1
200,225,2010,1
200,230,1985,1
200,230,1986,1
200,230,1987,1
200,230,1988,1
200,230,1989,1
200,230,1990,1
200,230,1991,1
200,230,1992,1
200,230,1993,1
200,230,1994,1
200,230,1995,1
200,230,1996,1
200,230,1997,1
200,230,1998,1
200,230,1999,1
200,230,2000,1
200,230,2001,1
200,230,2002,1
200,230,2003,1
200,230,2004,1
200,230,2005,1
200,230,2006,1
200,230,2007,1
200,230,2008,1
200,230,2009,1
200,230,2010,1
200,316,1997,1
200,316,1998,1
200,316,1999,1
200,316,2000,1
200,316,2001,1
200,316,2002,1
200,316,2003,1
200,316,2004,1
200,316,2005,1
200,316,2006,1
200,316,2007,1
200,316,2008,1
200,316,2009,1
200,316,2010,1
200,317,1998,1
200,317,1999,1
200,317,2000,1
200,317,2001,1
200,317,2002,1
200,317,2003,1
200,317,2004,1
200,317,2005,1
200,317,2006,1
200,317,2007,1
200,317,2008,1
200,317,2009,1
200,317,2010,1
200,344,2002,1
200,344,2003,1
200,344,2004,1
200,344,2005,1
200,344,2006,1
200,344,2007,1
200,344,2008,1
200,344,2009,1
200,344,2010,1
200,345,2002,1
200,345,2003,1
200,345,2004,1
200,345,2005,1
200,345,2006,1
200,345,2007,1
200,345,2008,1
200,345,2009,1
200,345,2010,1
200,349,1995,1
200,349,1996,1
200,349,1997,1
200,349,1998,1
200,349,1999,1
200,349,2000,1
200,349,2001,1
200,349,2002,1
200,349,2003,1
200,349,2004,1
200,349,2005,1
200,349,2006,1
200,349,2007,1
200,349,2008,1
200,349,2009,1
200,349,2010,1
200,350,1983,1
200,350,1984,1
200,350,1985,1
200,350,1986,1
200,350,1987,1
200,350,1988,1
200,350,1989,1
200,359,2006,1
200,359,2007,1
200,359,2008,1
200,359,2009,1
200,359,2010,1
200,366,2010,1
200,367,1994,1
200,367,1995,1
200,367,1996,1
200,367,1997,1
200,367,1998,1
200,367,1999,1
200,367,2000,1
200,368,1994,1
200,368,1995,1
200,368,1996,1
200,368,1997,1
200,368,1998,1
200,368,1999,1
200,368,2000,1
200,368,2001,1
200,368,2002,1
200,368,2003,1
200,368,2004,1
200,368,2005,1
200,368,2006,1
200,368,2007,1
200,368,2008,1
200,368,2009,1
200,368,2010,1
200,369,2001,1
200,369,2002,1
200,369,2003,1
200,369,2004,1
200,369,2005,1
200,369,2006,1
200,369,2007,1
200,371,2004,1
200,371,2005,1
200,371,2006,1
200,371,2007,1
200,371,2008,1
200,371,2009,1
200,371,2010,1
200,372,1999,1
200,372,2000,1
200,372,2001,1
200,372,2002,1
200,372,2003,1
200,372,2004,1
200,372,2005,1
200,373,2004,1
200,373,2005,1
200,373,2006,1
200,373,2007,1
200,373,2008,1
200,373,2009,1
200,373,2010,1
200,375,1993,1
200,375,1994,1
200,375,1995,1
200,375,1996,1
200,375,1997,1
200,375,1998,1
200,375,1999,1
200,380,1994,1
200,380,1995,1
200,380,1996,1
200,380,1997,1
200,380,1998,1
200,380,1999,1
200,380,2000,1
200,380,2001,1
200,380,2002,1
200,380,2003,1
200,380,2004,1
200,380,2005,1
200,380,2006,1
200,380,2007,1
200,380,2008,1
200,380,2009,1
200,380,2010,1
200,385,1986,1
200,385,1987,1
200,385,1988,1
200,385,1989,1
200,385,1990,1
200,385,1991,1
200,385,1992,1
200,560,1997,1
200,560,1998,1
200,560,1999,1
200,560,2000,1
200,560,2001,1
200,560,2002,1
200,560,2003,1
200,560,2004,1
200,560,2005,1
200,560,2006,1
200,560,2007,1
200,560,2008,1
200,560,2009,1
200,560,2010,1
200,666,1998,1
200,666,1999,1
200,666,2000,1
200,666,2001,1
200,666,2002,1
200,666,2003,1
200,666,2004,1
200,670,1988,1
200,670,1989,1
200,670,1990,1
200,670,1991,1
200,670,1992,1
200,670,1993,1
200,670,1994,1
200,696,1996,1
200,696,1997,1
200,696,1998,1
200,696,1999,1
200,696,2000,1
200,696,2001,1
200,696,2002,1
200,703,2006,1
200,703,2007,1
200,703,2008,1
200,703,2009,1
200,703,2010,1
200,705,2000,1
200,705,2001,1
200,705,2002,1
200,705,2003,1
200,705,2004,1
200,705,2005,1
200,705,2006,1
200,705,2007,1
200,705,2008,1
200,705,2009,1
200,705,2010,1
200,750,1988,1
200,750,1989,1
200,750,1990,1
200,750,1991,1
200,750,1992,1
200,750,1993,1
200,750,1994,1
200,750,1995,1
200,750,1996,1
200,750,1997,1
200,750,1998,1
200,750,1999,1
200,770,2005,1
200,770,2006,1
200,770,2007,1
200,770,2008,1
200,770,2009,1
200,770,2010,1
200,820,1988,1
200,820,1989,1
200,820,1990,1
200,820,1991,1
200,820,1992,1
200,820,1993,1
200,820,1994,1
200,820,1998,1
200,820,1999,1
200,820,2000,1
200,820,2001,1
200,820,2002,1
200,820,2003,1
200,820,2004,1
200,900,1988,1
200,900,1989,1
200,900,1990,1
200,900,1991,1
200,900,1992,1
200,900,1993,1
200,900,1994,1
205,225,2008,1
205,225,2009,1
205,225,2010,1
210,2,1998,1
210,2,1999,1
210,2,2000,1
210,2,2001,1
210,2,2002,1
210,2,2003,1
210,2,2004,1
210,2,2005,1
210,2,2006,1
210,2,2007,1
210,2,2008,1
210,2,2009,1
210,2,2010,1
210,220,1984,1
210,220,1985,1
210,220,1986,1
210,220,1987,1
210,220,1988,1
210,220,1989,1
210,220,1990,1
210,225,2004,1
210,225,2005,1
210,225,2006,1
210,225,2007,1
210,225,2008,1
210,225,2009,1
210,225,2010,1
210,316,1995,1
210,316,1996,1
210,316,1997,1
210,316,1998,1
210,316,1999,1
210,316,2000,1
210,316,2001,1
210,316,2002,1
210,316,2003,1
210,316,2004,1
210,316,2005,1
210,316,2006,1
210,316,2007,1
210,316,2008,1
210,316,2009,1
210,316,2010,1
210,339,1998,1
210,339,1999,1
210,339,2000,1
210,339,2001,1
210,339,2002,1
210,339,2003,1
210,339,2004,1
210,349,1999,1
210,349,2000,1
210,349,2001,1
210,349,2002,1
210,349,2003,1
210,349,2004,1
210,349,2005,1
210,355,1996,1
210,355,1997,1
210,355,1998,1
210,355,1999,1
210,355,2000,1
210,355,2001,1
210,355,2002,1
210,355,2003,1
210,355,2004,1
210,355,2005,1
210,355,2006,1
210,367,2008,1
210,367,2009,1
210,367,2010,1
210,368,1996,1
210,368,1997,1
210,368,1998,1
210,368,1999,1
210,368,2000,1
210,368,2001,1
210,368,2002,1
210,368,2003,1
210,368,2004,1
210,368,2008,1
210,368,2009,1
210,368,2010,1
210,375,1996,1
210,375,1997,1
210,375,1998,1
210,375,1999,1
210,375,2000,1
210,375,2001,1
210,375,2002,1
210,560,2005,1
210,560,2006,1
210,560,2007,1
210,560,2008,1
210,560,2009,1
210,560,2010,1
210,690,1995,1
210,690,1996,1
210,690,1997,1
210,690,1998,1
210,690,1999,1
210,690,2000,1
210,690,2001,1
211,20,1987,1
211,20,1988,1
211,20,1989,1
211,20,1990,1
211,20,1991,1
211,20,1992,1
211,20,1993,1
211,20,1994,1
211,20,1995,1
211,20,1996,1
211,20,1997,1
211,20,1998,1
211,20,1999,1
211,20,2000,1
211,20,2001,1
211,20,2002,1
211,20,2003,1
211,20,2004,1
211,20,2005,1
211,20,2006,1
211,20,2007,1
211,20,2008,1
211,20,2009,1
211,20,2010,1
211,160,2001,1
211,160,2002,1
211,160,2003,1
211,160,2004,1
211,160,2005,1
211,160,2006,1
211,160,2007,1
211,225,2007,1
211,225,2008,1
211,225,2009,1
211,225,2010,1
211,290,1993,1
211,290,1994,1
211,290,1995,1
211,310,1989,1
211,310,1990,1
211,310,1991,1
211,310,1992,1
211,310,1993,1
211,310,1994,1
211,310,1995,1
211,310,1996,1
211,310,1997,1
211,310,1998,1
211,310,1999,1
211,310,2000,1
211,310,2001,1
211,310,2002,1
211,310,2003,1
211,310,2004,1
211,310,2005,1
211,310,2006,1
211,310,2007,1
211,310,2008,1
211,310,2009,1
211,310,2010,1
211,339,2005,1
211,339,2006,1
211,339,2007,1
211,339,2008,1
211,339,2009,1
211,339,2010,1
211,344,2002,1
211,344,2003,1
211,344,2004,1
211,344,2005,1
211,344,2006,1
211,344,2007,1
211,344,2008,1
211,344,2009,1
211,344,2010,1
211,345,2003,1
211,345,2004,1
211,345,2005,1
211,345,2006,1
211,345,2007,1
211,345,2008,1
211,345,2009,1
211,345,2010,1
211,349,2001,1
211,349,2002,1
211,349,2003,1
211,349,2004,1
211,349,2005,1
211,349,2006,1
211,349,2007,1
211,349,2008,1
211,349,2009,1
211,349,2010,1
211,366,2002,1
211,366,2003,1
211,366,2004,1
211,366,2005,1
211,366,2006,1
211,366,2007,1
211,366,2008,1
211,367,2002,1
211,367,2003,1
211,367,2004,1
211,367,2005,1
211,367,2006,1
211,367,2007,1
211,367,2008,1
211,560,2006,1
211,560,2007,1
211,560,2008,1
211,560,2009,1
211,560,2010,1
211,616,2009,1
211,616,2010,1
211,640,1987,1
211,640,1988,1
211,640,1989,1
211,640,1990,1
211,640,1991,1
211,640,1992,1
211,640,1993,1
211,640,1994,1
211,640,1995,1
211,640,1996,1
211,640,1997,1
211,640,1998,1
211,640,1999,1
211,640,2000,1
211,640,2001,1
211,640,2002,1
211,640,2003,1
211,640,2004,1
211,640,2005,1
211,640,2006,1
211,640,2007,1
211,640,2008,1
211,640,2009,1
211,640,2010,1
211,816,2003,1
211,816,2004,1
211,816,2005,1
211,816,2006,1
211,816,2007,1
211,816,2008,1
211,816,2009,1
212,2,2010,1
212,317,2003,1
212,317,2004,1
212,317,2005,1
212,317,2006,1
212,317,2007,1
212,317,2008,1
212,317,2009,1
212,368,2002,1
212,368,2003,1
212,368,2004,1
212,368,2005,1
212,368,2006,1
212,368,2007,1
212,368,2008,1
220,2,1994,1
220,2,1995,1
220,2,1996,1
220,2,1997,1
220,2,1998,1
220,2,1999,1
220,2,2000,1
220,2,2001,1
220,2,2002,1
220,2,2003,1
220,2,2004,1
220,2,2005,1
220,2,2006,1
220,2,2007,1
220,2,2008,1
220,2,2009,1
220,2,2010,1
220,100,1996,1
220,100,1997,1
220,100,1998,1
220,100,1999,1
220,100,2000,1
220,100,2001,1
220,100,2002,1
220,100,2003,1
220,100,2004,1
220,100,2005,1
220,100,2006,1
220,100,2007,1
220,100,2008,1
220,100,2009,1
220,100,2010,1
220,140,1982,1
220,140,1983,1
220,140,1984,1
220,140,1985,1
220,140,1986,1
220,140,1987,1
220,140,1988,1
220,140,2008,1
220,140,2009,1
220,140,2010,1
220,155,1996,1
220,155,1997,1
220,155,1998,1
220,155,1999,1
220,155,2000,1
220,155,2001,1
220,155,2002,1
220,160,1998,1
220,160,1999,1
220,160,2000,1
220,160,2001,1
220,160,2002,1
220,160,2003,1
220,160,2004,1
220,160,2005,1
220,160,2006,1
220,160,2007,1
220,160,2008,1
220,160,2009,1
220,160,2010,1
220,200,2010,1
220,210,1984,1
220,210,1985,1
220,210,1986,1
220,210,1987,1
220,210,1988,1
220,210,1989,1
220,210,1990,1
220,225,2000,1
220,225,2001,1
220,225,2002,1
220,225,2003,1
220,225,2004,1
220,225,2005,1
220,225,2006,1
220,225,2007,1
220,225,2008,1
220,225,2009,1
220,225,2010,1
220,230,1983,1
220,230,1984,1
220,230,1985,1
220,230,1986,1
220,230,1987,1
220,230,1988,1
220,230,1989,1
220,230,1990,1
220,230,1991,1
220,230,1992,1
220,230,1993,1
220,230,1994,1
220,230,1995,1
220,230,1996,1
220,230,1997,1
220,230,1998,1
220,230,1999,1
220,230,2000,1
220,230,2001,1
220,230,2002,1
220,230,2003,1
220,230,2004,1
220,230,2005,1
220,230,2006,1
220,230,2007,1
220,230,2008,1
220,230,2009,1
220,230,2010,1
220,235,1999,1
220,235,2000,1
220,235,2001,1
220,235,2002,1
220,235,2003,1
220,235,2004,1
220,235,2005,1
220,235,2006,1
220,235,2007,1
220,235,2008,1
220,235,2009,1
220,235,2010,1
220,290,1992,1
220,290,1993,1
220,290,1994,1
220,290,1995,1
220,290,1996,1
220,290,1997,1
220,290,1998,1
220,290,1999,1
220,290,2000,1
220,290,2001,1
220,290,2002,1
220,290,2003,1
220,290,2004,1
220,290,2005,1
220,290,2006,1
220,290,2007,1
220,290,2008,1
220,290,2009,1
220,290,2010,1
220,315,1992,1
220,316,1993,1
220,316,1994,1
220,316,1995,1
220,316,1996,1
220,316,1997,1
220,316,1998,1
220,316,1999,1
220,316,2000,1
220,316,2001,1
220,316,2002,1
220,316,2003,1
220,316,2004,1
220,316,2005,1
220,316,2006,1
220,316,2007,1
220,316,2008,1
220,316,2009,1
220,316,2010,1
220,317,2009,1
220,317,2010,1
220,339,1996,1
220,339,1997,1
220,339,1998,1
220,339,1999,1
220,339,2000,1
220,339,2001,1
220,339,2002,1
220,339,2003,1
220,339,2004,1
220,339,2005,1
220,339,2006,1
220,339,2007,1
220,339,2008,1
220,339,2009,1
220,339,2010,1
220,344,1997,1
220,344,1998,1
220,344,1999,1
220,344,2000,1
220,344,2001,1
220,344,2002,1
220,344,2003,1
220,349,2002,1
220,349,2003,1
220,349,2004,1
220,349,2005,1
220,349,2006,1
220,349,2007,1
220,349,2008,1
220,349,2009,1
220,349,2010,1
220,350,1992,1
220,350,1993,1
220,350,1994,1
220,350,1995,1
220,350,1996,1
220,350,1997,1
220,350,1998,1
220,350,2008,1
220,350,2009,1
220,350,2010,1
220,352,2007,1
220,352,2008,1
220,352,2009,1
220,352,2010,1
220,355,1992,1
220,355,1993,1
220,355,1994,1
220,355,1995,1
220,355,1996,1
220,355,1997,1
220,355,1998,1
220,360,1998,1
220,360,1999,1
220,360,2000,1
220,360,2001,1
220,360,2002,1
220,360,2003,1
220,360,2004,1
220,360,2005,1
220,360,2006,1
220,360,2007,1
220,360,2008,1
220,360,2009,1
220,360,2010,1
220,365,1994,1
220,365,1995,1
220,365,1996,1
220,365,1997,1
220,365,1998,1
220,365,1999,1
220,365,2000,1
220,365,2001,1
220,365,2002,1
220,365,2003,1
220,365,2004,1
220,365,2005,1
220,365,2006,1
220,365,2007,1
220,365,2008,1
220,365,2009,1
220,365,2010,1
220,366,1994,1
220,366,1995,1
220,366,1996,1
220,366,1997,1
220,366,1998,1
220,366,1999,1
220,366,2000,1
220,366,2001,1
220,366,2002,1
220,366,2003,1
220,366,2004,1
220,366,2005,1
220,366,2006,1
220,366,2007,1
220,366,2008,1
220,366,2009,1
220,366,2010,1
220,368,1994,1
220,368,1995,1
220,368,1996,1
220,368,1997,1
220,368,1998,1
220,368,1999,1
220,368,2000,1
220,369,1996,1
220,369,1997,1
220,369,1998,1
220,369,1999,1
220,369,2000,1
220,369,2001,1
220,369,2002,1
220,369,2003,1
220,369,2004,1
220,369,2005,1
220,369,2006,1
220,369,2007,1
220,369,2008,1
220,369,2009,1
220,369,2010,1
220,370,2007,1
220,370,2008,1
220,370,2009,1
220,370,2010,1
220,371,2010,1
220,375,1995,1
220,375,1996,1
220,375,1997,1
220,375,1998,1
220,375,1999,1
220,375,2000,1
220,375,2001,1
220,380,1992,1
220,380,1993,1
220,380,1994,1
220,380,1995,1
220,380,1996,1
220,380,1997,1
220,380,1998,1
220,380,1999,1
220,380,2000,1
220,380,2001,1
220,380,2002,1
220,380,2003,1
220,380,2004,1
220,380,2005,1
220,380,2006,1
220,380,2007,1
220,380,2008,1
220,380,2009,1
220,380,2010,1
220,560,1998,1
220,560,1999,1
220,560,2000,1
220,560,2001,1
220,560,2002,1
220,560,2003,1
220,560,2004,1
220,560,2005,1
220,560,2006,1
220,560,2007,1
220,560,2008,1
220,560,2009,1
220,560,2010,1
220,620,2007,1
220,620,2008,1
220,620,2009,1
220,620,2010,1
220,640,2000,1
220,640,2001,1
220,640,2002,1
220,640,2003,1
220,640,2004,1
220,640,2005,1
220,640,2006,1
220,640,2007,1
220,640,2008,1
220,640,2009,1
220,640,2010,1
220,690,1992,1
220,690,1993,1
220,690,1994,1
220,690,1995,1
220,690,1996,1
220,690,1997,1
220,690,1998,1
220,705,2009,1
220,705,2010,1
220,750,1983,1
220,750,1984,1
220,750,1985,1
220,750,1986,1
220,750,1987,1
220,750,1988,1
220,750,1989,1
220,750,2006,1
220,750,2007,1
220,750,2008,1
220,750,2009,1
220,750,2010,1
220,820,1993,1
220,820,1994,1
220,820,1995,1
220,820,1996,1
220,820,1997,1
220,820,1998,1
220,820,1999,1
220,850,1996,1
220,850,1997,1
220,850,1998,1
220,850,1999,1
220,850,2000,1
220,850,2001,1
220,850,2002,1
220,850,2003,1
220,850,2004,1
220,850,2005,1
220,850,2006,1
220,900,1990,1
220,900,1991,1
220,900,1992,1
220,900,1993,1
220,900,1994,1
220,900,1995,1
220,900,1996,1
220,900,1997,1
220,900,1998,1
220,900,1999,1
220,900,2000,1
220,900,2001,1
220,900,2002,1
220,900,2003,1
220,900,2004,1
220,900,2005,1
220,900,2006,1
220,900,2007,1
220,900,2008,1
220,900,2009,1
220,900,2010,1
225,2,1988,1
225,2,1989,1
225,2,1990,1
225,2,1991,1
225,2,1992,1
225,2,1993,1
225,2,1994,1
225,2,1995,1
225,2,1996,1
225,2,1997,1
225,2,1998,1
225,2,1999,1
225,2,2000,1
225,2,2001,1
225,2,2002,1
225,2,2003,1
225,2,2004,1
225,2,2005,1
225,2,2006,1
225,2,2007,1
225,2,2008,1
225,2,2009,1
225,2,2010,1
225,200,2002,1
225,200,2003,1
225,200,2004,1
225,200,2005,1
225,200,2006,1
225,200,2007,1
225,200,2008,1
225,200,2009,1
225,200,2010,1
225,205,2008,1
225,205,2009,1
225,205,2010,1
225,210,2004,1
225,210,2005,1
225,210,2006,1
225,210,2007,1
225,210,2008,1
225,210,2009,1
225,210,2010,1
225,211,2007,1
225,211,2008,1
225,211,2009,1
225,211,2010,1
225,220,2000,1
225,220,2001,1
225,220,2002,1
225,220,2003,1
225,220,2004,1
225,220,2005,1
225,220,2006,1
225,220,2007,1
225,220,2008,1
225,220,2009,1
225,220,2010,1
225,230,2001,1
225,230,2002,1
225,230,2003,1
225,230,2004,1
225,230,2005,1
225,230,2006,1
225,230,2007,1
225,230,2008,1
225,230,2009,1
225,230,2010,1
225,305,2004,1
225,305,2005,1
225,305,2006,1
225,305,2007,1
225,305,2008,1
225,305,2009,1
225,305,2010,1
225,316,2008,1
225,316,2009,1
225,316,2010,1
225,325,2003,1
225,325,2004,1
225,325,2005,1
225,325,2006,1
225,325,2007,1
225,325,2008,1
225,325,2009,1
225,325,2010,1
225,369,2002,1
225,369,2003,1
225,369,2004,1
225,369,2005,1
225,369,2006,1
225,369,2007,1
225,369,2008,1
225,369,2009,1
225,369,2010,1
225,375,2004,1
225,375,2005,1
225,375,2006,1
225,375,2007,1
225,375,2008,1
225,375,2009,1
225,375,2010,1
225,380,2004,1
225,380,2005,1
225,380,2006,1
225,380,2007,1
225,380,2008,1
225,380,2009,1
225,380,2010,1
225,385,2004,1
225,385,2005,1
225,385,2006,1
225,385,2007,1
225,385,2008,1
225,385,2009,1
225,385,2010,1
225,390,2007,1
225,390,2008,1
225,390,2009,1
225,390,2010,1
230,2,1980,1
230,2,1981,1
230,2,1982,1
230,2,1983,1
230,2,1984,1
230,2,1985,1
230,2,1986,1
230,2,1987,1
230,2,1988,1
230,2,1989,1
230,2,1990,1
230,2,1991,1
230,2,1992,1
230,2,1993,1
230,2,1994,1
230,2,1995,1
230,2,1996,1
230,2,1997,1
230,2,1998,1
230,2,1999,1
230,2,2000,1
230,2,2001,1
230,2,2002,1
230,2,2003,1
230,2,2004,1
230,2,2005,1
230,2,2006,1
230,2,2007,1
230,2,2008,1
230,2,2009,1
230,2,2010,1
230,20,1991,1
230,20,1992,1
230,20,1993,1
230,20,1994,1
230,20,1995,1
230,20,1996,1
230,20,1997,1
230,20,1998,1
230,20,1999,1
230,90,2006,1
230,90,2007,1
230,90,2008,1
230,90,2009,1
230,90,2010,1
230,91,2006,1
230,91,2007,1
230,91,2008,1
230,91,2009,1
230,91,2010,1
230,92,2006,1
230,92,2007,1
230,92,2008,1
230,92,2009,1
230,92,2010,1
230,93,2006,1
230,93,2007,1
230,93,2008,1
230,93,2009,1
230,93,2010,1
230,101,2005,1
230,101,2006,1
230,101,2007,1
230,101,2008,1
230,101,2009,1
230,101,2010,1
230,130,2008,1
230,130,2009,1
230,130,2010,1
230,135,2006,1
230,135,2007,1
230,135,2008,1
230,135,2009,1
230,135,2010,1
230,140,2010,1
230,145,2001,1
230,145,2002,1
230,145,2003,1
230,145,2004,1
230,145,2005,1
230,145,2006,1
230,145,2007,1
230,155,1997,1
230,155,1998,1
230,155,1999,1
230,155,2000,1
230,155,2001,1
230,155,2002,1
230,155,2003,1
230,155,2004,1
230,155,2005,1
230,155,2006,1
230,155,2007,1
230,155,2008,1
230,155,2009,1
230,155,2010,1
230,160,1989,1
230,160,1990,1
230,160,1991,1
230,160,1992,1
230,160,1993,1
230,160,1994,1
230,160,1995,1
230,160,1996,1
230,160,1997,1
230,160,1998,1
230,160,1999,1
230,160,2000,1
230,160,2001,1
230,160,2002,1
230,160,2003,1
230,160,2004,1
230,160,2005,1
230,160,2006,1
230,160,2007,1
230,160,2008,1
230,160,2009,1
230,160,2010,1
230,200,1985,1
230,200,1986,1
230,200,1987,1
230,200,1988,1
230,200,1989,1
230,200,1990,1
230,200,1991,1
230,200,1992,1
230,200,1993,1
230,200,1994,1
230,200,1995,1
230,200,1996,1
230,200,1997,1
230,200,1998,1
230,200,1999,1
230,200,2000,1
230,200,2001,1
230,200,2002,1
230,200,2003,1
230,200,2004,1
230,200,2005,1
230,200,2006,1
230,200,2007,1
230,200,2008,1
230,200,2009,1
230,200,2010,1
230,220,1983,1
230,220,1984,1
230,220,1985,1
230,220,1986,1
230,220,1987,1
230,220,1988,1
230,220,1989,1
230,220,1990,1
230,220,1991,1
230,220,1992,1
230,220,1993,1
230,220,1994,1
230,220,1995,1
230,220,1996,1
230,220,1997,1
230,220,1998,1
230,220,1999,1
230,220,2000,1
230,220,2001,1
230,220,2002,1
230,220,2003,1
230,220,2004,1
230,220,2005,1
230,220,2006,1
230,220,2007,1
230,220,2008,1
230,220,2009,1
230,220,2010,1
230,225,2001,1
230,225,2002,1
230,225,2003,1
230,225,2004,1
230,225,2005,1
230,225,2006,1
230,225,2007,1
230,225,2008,1
230,225,2009,1
230,225,2010,1
230,235,1998,1
230,235,1999,1
230,235,2000,1
230,235,2001,1
230,235,2002,1
230,235,2003,1
230,235,2004,1
230,235,2005,1
230,290,1994,1
230,290,1995,1
230,290,1996,1
230,290,1997,1
230,290,1998,1
230,290,1999,1
230,290,2000,1
230,290,2001,1
230,290,2002,1
230,290,2003,1
230,290,2004,1
230,290,2005,1
230,290,2006,1
230,290,2007,1
230,290,2008,1
230,290,2009,1
230,290,2010,1
230,310,1995,1
230,310,1996,1
230,310,1997,1
230,310,1998,1
230,310,1999,1
230,310,2000,1
230,310,2001,1
230,317,1999,1
230,317,2000,1
230,317,2001,1
230,317,2002,1
230,317,2003,1
230,317,2004,1
230,317,2005,1
230,317,2006,1
230,317,2007,1
230,317,2008,1
230,317,2009,1
230,317,2010,1
230,325,1980,1
230,325,1981,1
230,325,1982,1
230,325,1983,1
230,325,1984,1
230,325,1985,1
230,325,1986,1
230,325,1987,1
230,325,1988,1
230,325,1989,1
230,325,1990,1
230,325,1991,1
230,325,1992,1
230,325,1993,1
230,325,1994,1
230,325,1995,1
230,325,1996,1
230,325,1997,1
230,325,1998,1
230,325,1999,1
230,325,2000,1
230,325,2001,1
230,325,2002,1
230,325,2003,1
230,325,2004,1
230,325,2005,1
230,325,2006,1
230,325,2007,1
230,325,2008,1
230,325,2009,1
230,325,2010,1
230,343,2009,1
230,343,2010,1
230,344,1999,1
230,344,2000,1
230,344,2001,1
230,344,2002,1
230,344,2003,1
230,344,2004,1
230,344,2005,1
230,345,2009,1
230,345,2010,1
230,346,2006,1
230,346,2007,1
230,346,2008,1
230,346,2009,1
230,346,2010,1
230,349,1997,1
230,349,1998,1
230,349,1999,1
230,349,2000,1
230,349,2001,1
230,349,2002,1
230,349,2003,1
230,350,1985,1
230,350,1986,1
230,350,1987,1
230,350,1988,1
230,350,1989,1
230,350,1990,1
230,350,1991,1
230,350,1992,1
230,350,1993,1
230,350,1994,1
230,350,1995,1
230,350,1996,1
230,350,1997,1
230,350,1998,1
230,350,1999,1
230,350,2000,1
230,350,2001,1
230,350,2002,1
230,350,2003,1
230,350,2004,1
230,350,2005,1
230,350,2006,1
230,350,2007,1
230,350,2008,1
230,350,2009,1
230,350,2010,1
230,355,1995,1
230,355,1996,1
230,355,1997,1
230,355,1998,1
230,355,1999,1
230,355,2000,1
230,355,2001,1
230,355,2005,1
230,355,2006,1
230,355,2007,1
230,355,2008,1
230,355,2009,1
230,355,2010,1
230,366,1999,1
230,366,2000,1
230,366,2001,1
230,366,2002,1
230,366,2003,1
230,366,2004,1
230,366,2005,1
230,368,2001,1
230,368,2002,1
230,368,2003,1
230,368,2004,1
230,368,2005,1
230,368,2006,1
230,368,2007,1
230,369,1996,1
230,369,1997,1
230,369,1998,1
230,369,1999,1
230,369,2000,1
230,369,2001,1
230,369,2002,1
230,375,1997,1
230,375,1998,1
230,375,1999,1
230,375,2000,1
230,375,2001,1
230,375,2002,1
230,375,2003,1
230,380,2003,1
230,380,2004,1
230,380,2005,1
230,380,2006,1
230,380,2007,1
230,380,2008,1
230,380,2009,1
230,380,2010,1
230,385,1985,1
230,385,1986,1
230,385,1987,1
230,385,1988,1
230,385,1989,1
230,385,1990,1
230,385,1991,1
230,385,1992,1
230,385,1993,1
230,385,1994,1
230,385,1995,1
230,385,1996,1
230,385,1997,1
230,385,1998,1
230,385,1999,1
230,385,2000,1
230,385,2001,1
230,385,2002,1
230,385,2003,1
230,385,2004,1
230,385,2005,1
230,385,2006,1
230,385,2007,1
230,385,2008,1
230,385,2009,1
230,385,2010,1
230,560,1997,1
230,560,1998,1
230,560,1999,1
230,560,2000,1
230,560,2001,1
230,560,2002,1
230,560,2003,1
230,560,2004,1
230,560,2005,1
230,560,2006,1
230,560,2007,1
230,560,2008,1
230,560,2009,1
230,560,2010,1
230,616,1987,1
230,616,1988,1
230,616,1989,1
230,616,1990,1
230,616,1991,1
230,616,1992,1
230,616,1993,1
230,616,1994,1
230,616,1995,1
230,616,1996,1
230,616,1997,1
230,616,1998,1
230,616,1999,1
230,616,2000,1
230,616,2001,1
230,616,2002,1
230,616,2003,1
230,616,2004,1
230,616,2005,1
230,616,2006,1
230,616,2007,1
230,616,2008,1
230,616,2009,1
230,616,2010,1
230,620,2007,1
230,620,2008,1
230,620,2009,1
230,620,2010,1
230,666,1997,1
230,666,1998,1
230,666,1999,1
230,666,2000,1
230,666,2001,1
230,666,2002,1
230,666,2003,1
230,666,2004,1
230,666,2005,1
230,666,2006,1
230,666,2007,1
230,666,2008,1
230,666,2009,1
230,666,2010,1
230,670,2008,1
230,670,2009,1
230,670,2010,1
230,710,1989,1
230,710,1990,1
230,710,1991,1
230,710,1992,1
230,710,1993,1
230,710,1994,1
230,710,1995,1
230,732,1992,1
230,732,1993,1
230,732,1994,1
230,732,1995,1
230,732,1996,1
230,732,1997,1
230,732,1998,1
230,732,2006,1
230,732,2007,1
230,732,2008,1
230,732,2009,1
230,732,2010,1
230,816,2010,1
230,900,2008,1
230,900,2009,1
230,900,2010,1
235,140,2005,1
235,140,2006,1
235,140,2007,1
235,140,2008,1
235,140,2009,1
235,140,2010,1
235,160,2004,1
235,160,2005,1
235,160,2006,1
235,160,2007,1
235,160,2008,1
235,160,2009,1
235,160,2010,1
235,165,2007,1
235,165,2008,1
235,165,2009,1
235,165,2010,1
235,220,1999,1
235,220,2000,1
235,220,2001,1
235,220,2002,1
235,220,2003,1
235,220,2004,1
235,220,2005,1
235,220,2006,1
235,220,2007,1
235,220,2008,1
235,220,2009,1
235,220,2010,1
235,230,1998,1
235,230,1999,1
235,230,2000,1
235,230,2001,1
235,230,2002,1
235,230,2003,1
235,230,2004,1
235,230,2005,1
235,290,1995,1
235,290,1996,1
235,290,1997,1
235,290,1998,1
235,290,1999,1
235,290,2000,1
235,290,2001,1
235,290,2002,1
235,290,2003,1
235,290,2004,1
235,290,2005,1
235,290,2006,1
235,290,2007,1
235,290,2008,1
235,290,2009,1
235,290,2010,1
235,310,1996,1
235,310,1997,1
235,310,1998,1
235,310,1999,1
235,310,2000,1
235,310,2001,1
235,310,2002,1
235,310,2003,1
235,310,2004,1
235,310,2005,1
235,310,2006,1
235,310,2007,1
235,310,2008,1
235,310,2009,1
235,310,2010,1
235,316,1996,1
235,316,1997,1
235,316,1998,1
235,316,1999,1
235,316,2000,1
235,316,2001,1
235,316,2002,1
235,316,2003,1
235,316,2004,1
235,316,2005,1
235,316,2006,1
235,316,2007,1
235,316,2008,1
235,316,2009,1
235,316,2010,1
235,317,1999,1
235,317,2000,1
235,317,2001,1
235,317,2002,1
235,317,2003,1
235,317,2004,1
235,317,2005,1
235,317,2006,1
235,317,2007,1
235,317,2008,1
235,317,2009,1
235,317,2010,1
235,345,2009,1
235,345,2010,1
235,349,1998,1
235,349,1999,1
235,349,2000,1
235,349,2001,1
235,349,2002,1
235,349,2003,1
235,349,2004,1
235,349,2005,1
235,349,2006,1
235,349,2007,1
235,349,2008,1
235,349,2009,1
235,349,2010,1
235,355,1995,1
235,355,1996,1
235,355,1997,1
235,355,1998,1
235,355,1999,1
235,355,2000,1
235,355,2001,1
235,360,1995,1
235,360,1996,1
235,360,1997,1
235,360,1998,1
235,360,1999,1
235,360,2000,1
235,360,2001,1
235,360,2002,1
235,360,2003,1
235,360,2004,1
235,360,2005,1
235,360,2006,1
235,360,2007,1
235,360,2008,1
235,360,2009,1
235,360,2010,1
235,365,2000,1
235,365,2001,1
235,365,2002,1
235,365,2003,1
235,365,2004,1
235,365,2005,1
235,365,2006,1
235,365,2007,1
235,365,2008,1
235,365,2009,1
235,365,2010,1
235,368,2002,1
235,368,2003,1
235,368,2004,1
235,368,2005,1
235,368,2006,1
235,368,2007,1
235,368,2008,1
235,369,2008,1
235,369,2009,1
235,369,2010,1
235,615,2005,1
235,615,2006,1
235,615,2007,1
235,615,2008,1
235,615,2009,1
235,615,2010,1
255,290,1993,1
255,290,1994,1
255,290,1995,1
255,290,1996,1
255,290,1997,1
255,290,1998,1
255,290,1999,1
255,290,2000,1
255,290,2001,1
255,290,2002,1
255,290,2003,1
255,290,2004,1
255,290,2005,1
255,290,2006,1
255,290,2007,1
255,290,2008,1
255,290,2009,1
255,290,2010,1
255,316,1993,1
255,316,1994,1
255,316,1995,1
255,316,1996,1
255,316,1997,1
255,316,1998,1
255,316,1999,1
255,316,2000,1
255,316,2001,1
255,316,2002,1
255,316,2003,1
255,316,2004,1
255,316,2005,1
255,316,2006,1
255,316,2007,1
255,316,2008,1
255,316,2009,1
255,316,2010,1
255,317,1994,1
255,317,1995,1
255,317,1996,1
255,317,1997,1
255,317,1998,1
255,317,1999,1
255,317,2000,1
255,317,2001,1
255,317,2002,1
255,317,2003,1
255,317,2004,1
255,317,2005,1
255,317,2006,1
255,317,2007,1
255,317,2008,1
255,317,2009,1
255,317,2010,1
255,341,2007,1
255,341,2008,1
255,341,2009,1
255,341,2010,1
255,345,2006,1
255,345,2007,1
255,345,2008,1
255,345,2009,1
255,345,2010,1
255,349,1996,1
255,349,1997,1
255,349,1998,1
255,349,1999,1
255,349,2000,1
255,349,2001,1
255,349,2002,1
255,349,2003,1
255,349,2004,1
255,349,2005,1
255,349,2006,1
255,349,2007,1
255,349,2008,1
255,349,2009,1
255,349,2010,1
255,355,1994,1
255,355,1995,1
255,355,1996,1
255,355,1997,1
255,355,1998,1
255,355,1999,1
255,355,2000,1
255,355,2001,1
255,355,2002,1
255,355,2003,1
255,355,2004,1
255,355,2005,1
255,359,2003,1
255,359,2004,1
255,359,2005,1
255,359,2006,1
255,359,2007,1
255,359,2008,1
255,359,2009,1
255,367,1994,1
255,367,1995,1
255,367,1996,1
255,367,1997,1
255,367,1998,1
255,367,1999,1
255,367,2000,1
255,368,1994,1
255,368,1995,1
255,368,1996,1
255,368,1997,1
255,368,1998,1
255,368,1999,1
255,368,2000,1
255,368,2001,1
255,368,2002,1
255,368,2003,1
255,368,2004,1
255,368,2005,1
255,368,2006,1
255,368,2007,1
255,368,2008,1
255,368,2009,1
255,368,2010,1
255,369,1993,1
255,369,1994,1
255,369,1995,1
255,369,1996,1
255,369,1997,1
255,369,1998,1
255,369,1999,1
255,369,2000,1
255,369,2001,1
255,369,2002,1
255,369,2003,1
255,369,2004,1
255,369,2005,1
255,369,2006,1
255,369,2007,1
255,369,2008,1
255,369,2009,1
255,369,2010,1
255,371,2007,1
255,371,2008,1
255,371,2009,1
255,371,2010,1
255,373,2006,1
255,373,2007,1
255,373,2008,1
255,373,2009,1
255,373,2010,1
255,375,2003,1
255,375,2004,1
255,375,2005,1
255,375,2006,1
255,375,2007,1
255,375,2008,1
255,375,2009,1
255,380,1994,1
255,380,1995,1
255,380,1996,1
255,380,1997,1
255,380,1998,1
255,380,1999,1
255,380,2000,1
255,380,2001,1
255,380,2002,1
255,380,2003,1
255,380,2004,1
255,380,2005,1
255,380,2006,1
255,380,2007,1
255,380,2009,1
255,380,2010,1
255,560,1999,1
255,560,2000,1
255,560,2001,1
255,560,2002,1
255,560,2003,1
255,560,2004,1
255,560,2005,1
255,560,2006,1
255,560,2007,1
255,560,2008,1
255,560,2009,1
255,560,2010,1
255,616,2003,1
255,616,2004,1
255,616,2005,1
255,616,2006,1
255,616,2007,1
255,616,2008,1
255,616,2009,1
255,616,2010,1
255,640,2009,1
255,640,2010,1
255,663,2009,1
255,663,2010,1
255,696,1997,1
255,696,1998,1
255,696,1999,1
255,696,2000,1
255,696,2001,1
255,696,2002,1
255,696,2003,1
255,705,2001,1
255,705,2002,1
255,705,2003,1
255,705,2004,1
255,705,2005,1
255,705,2006,1
255,705,2007,1
255,705,2008,1
255,705,2009,1
255,705,2010,1
255,712,2008,1
255,712,2009,1
255,712,2010,1
255,750,2001,1
255,750,2002,1
255,750,2003,1
255,750,2004,1
255,750,2005,1
255,750,2006,1
255,750,2007,1
290,2,1995,1
290,2,1996,1
290,2,1997,1
290,2,1998,1
290,2,1999,1
290,2,2000,1
290,2,2001,1
290,2,2002,1
290,2,2003,1
290,2,2004,1
290,2,2005,1
290,2,2006,1
290,2,2007,1
290,2,2008,1
290,2,2009,1
290,2,2010,1
290,135,2008,1
290,135,2009,1
290,135,2010,1
290,140,2010,1
290,211,1993,1
290,211,1994,1
290,211,1995,1
290,220,1992,1
290,220,1993,1
290,220,1994,1
290,220,1995,1
290,220,1996,1
290,220,1997,1
290,220,1998,1
290,220,1999,1
290,220,2000,1
290,220,2001,1
290,220,2002,1
290,220,2003,1
290,220,2004,1
290,220,2005,1
290,220,2006,1
290,220,2007,1
290,220,2008,1
290,220,2009,1
290,220,2010,1
290,230,1994,1
290,230,1995,1
290,230,1996,1
290,230,1997,1
290,230,1998,1
290,230,1999,1
290,230,2000,1
290,230,2001,1
290,230,2002,1
290,230,2003,1
290,230,2004,1
290,230,2005,1
290,230,2006,1
290,230,2007,1
290,230,2008,1
290,230,2009,1
290,230,2010,1
290,235,1995,1
290,235,1996,1
290,235,1997,1
290,235,1998,1
290,235,1999,1
290,235,2000,1
290,235,2001,1
290,235,2002,1
290,235,2003,1
290,235,2004,1
290,235,2005,1
290,235,2006,1
290,235,2007,1
290,235,2008,1
290,235,2009,1
290,235,2010,1
290,255,1993,1
290,255,1994,1
290,255,1995,1
290,255,1996,1
290,255,1997,1
290,255,1998,1
290,255,1999,1
290,255,2000,1
290,255,2001,1
290,255,2002,1
290,255,2003,1
290,255,2004,1
290,255,2005,1
290,255,2006,1
290,255,2007,1
290,255,2008,1
290,255,2009,1
290,255,2010,1
290,315,1991,1
290,315,1992,1
290,316,1996,1
290,316,1997,1
290,316,1998,1
290,316,1999,1
290,316,2000,1
290,316,2001,1
290,316,2002,1
290,316,2003,1
290,316,2004,1
290,316,2005,1
290,316,2006,1
290,316,2007,1
290,316,2008,1
290,316,2009,1
290,316,2010,1
290,317,1993,1
290,317,1994,1
290,317,1995,1
290,317,1996,1
290,317,1997,1
290,317,1998,1
290,317,1999,1
290,317,2000,1
290,317,2001,1
290,317,2002,1
290,317,2003,1
290,317,2004,1
290,317,2005,1
290,317,2006,1
290,339,2003,1
290,339,2004,1
290,339,2005,1
290,339,2006,1
290,339,2007,1
290,339,2008,1
290,339,2009,1
290,339,2010,1
290,343,1996,1
290,343,1997,1
290,343,1998,1
290,343,1999,1
290,343,2000,1
290,343,2001,1
290,343,2002,1
290,343,2003,1
290,343,2004,1
290,343,2005,1
290,343,2006,1
290,343,2007,1
290,343,2008,1
290,343,2009,1
290,343,2010,1
290,349,1998,1
290,349,1999,1
290,349,2000,1
290,349,2001,1
290,349,2002,1
290,349,2003,1
290,349,2004,1
290,349,2005,1
290,349,2006,1
290,349,2007,1
290,349,2008,1
290,349,2009,1
290,349,2010,1
290,350,2004,1
290,350,2005,1
290,350,2006,1
290,350,2007,1
290,350,2008,1
290,350,2009,1
290,350,2010,1
290,355,1994,1
290,355,1995,1
290,355,1996,1
290,355,1997,1
290,355,1998,1
290,355,1999,1
290,355,2000,1
290,359,1998,1
290,359,1999,1
290,359,2000,1
290,359,2001,1
290,359,2002,1
290,359,2003,1
290,359,2004,1
290,359,2005,1
290,359,2006,1
290,359,2007,1
290,359,2008,1
290,359,2009,1
290,359,2010,1
290,365,2003,1
290,365,2004,1
290,365,2005,1
290,365,2006,1
290,365,2007,1
290,365,2008,1
290,365,2009,1
290,365,2010,1
290,367,1992,1
290,367,1993,1
290,367,1994,1
290,367,1995,1
290,367,1996,1
290,367,1997,1
290,367,1998,1
290,367,1999,1
290,367,2000,1
290,367,2001,1
290,367,2002,1
290,367,2003,1
290,367,2004,1
290,367,2005,1
290,367,2006,1
290,367,2007,1
290,367,2008,1
290,367,2009,1
290,367,2010,1
290,368,1993,1
290,368,1994,1
290,368,1995,1
290,368,1996,1
290,368,1997,1
290,368,1998,1
290,368,1999,1
290,368,2000,1
290,368,2001,1
290,368,2002,1
290,368,2003,1
290,368,2004,1
290,368,2005,1
290,368,2006,1
290,368,2007,1
290,368,2008,1
290,368,2009,1
290,368,2010,1
290,369,1993,1
290,369,1994,1
290,369,1995,1
290,369,1996,1
290,369,1997,1
290,369,1998,1
290,369,1999,1
290,369,2000,1
290,369,2001,1
290,369,2002,1
290,369,2003,1
290,369,2004,1
290,369,2005,1
290,369,2006,1
290,369,2007,1
290,369,2008,1
290,369,2009,1
290,369,2010,1
290,370,1993,1
290,370,1994,1
290,370,1995,1
290,370,1996,1
290,370,1997,1
290,370,1998,1
290,370,1999,1
290,370,2000,1
290,371,2004,1
290,371,2005,1
290,371,2006,1
290,371,2007,1
290,371,2008,1
290,371,2009,1
290,371,2010,1
290,372,1996,1
290,372,1997,1
290,372,1998,1
290,372,1999,1
290,372,2000,1
290,372,2001,1
290,372,2002,1
290,372,2003,1
290,372,2004,1
290,372,2005,1
290,372,2006,1
290,372,2007,1
290,372,2008,1
290,372,2009,1
290,372,2010,1
290,373,2005,1
290,373,2006,1
290,373,2007,1
290,373,2008,1
290,373,2009,1
290,373,2010,1
290,375,1997,1
290,375,1998,1
290,375,1999,1
290,375,2000,1
290,375,2001,1
290,375,2002,1
290,375,2003,1
290,375,2004,1
290,375,2005,1
290,375,2006,1
290,375,2007,1
290,375,2008,1
290,375,2009,1
290,375,2010,1
290,385,1996,1
290,385,1997,1
290,385,1998,1
290,385,1999,1
290,385,2000,1
290,385,2001,1
290,385,2002,1
290,385,2010,1
290,390,1993,1
290,390,1994,1
290,390,1995,1
290,390,1996,1
290,390,1997,1
290,390,1998,1
290,390,1999,1
290,560,1999,1
290,560,2000,1
290,560,2001,1
290,560,2002,1
290,560,2003,1
290,560,2004,1
290,560,2005,1
290,560,2006,1
290,560,2007,1
290,560,2008,1
290,560,2009,1
290,560,2010,1
290,640,1994,1
290,640,1995,1
290,640,1996,1
290,640,1997,1
290,640,1998,1
290,640,1999,1
290,640,2000,1
290,640,2001,1
290,640,2002,1
290,640,2003,1
290,640,2004,1
290,640,2005,1
290,640,2006,1
290,640,2007,1
290,640,2008,1
290,640,2009,1
290,640,2010,1
290,666,1994,1
290,666,1995,1
290,666,1996,1
290,666,1997,1
290,666,1998,1
290,666,1999,1
290,666,2000,1
290,666,2004,1
290,666,2005,1
290,666,2006,1
290,666,2007,1
290,666,2008,1
290,666,2009,1
290,666,2010,1
290,702,2003,1
290,702,2004,1
290,702,2005,1
290,702,2006,1
290,702,2007,1
290,702,2008,1
290,702,2009,1
290,705,2007,1
290,705,2008,1
290,705,2009,1
290,705,2010,1
290,710,2009,1
290,710,2010,1
290,750,2003,1
290,750,2004,1
290,750,2005,1
290,750,2006,1
290,750,2007,1
290,750,2008,1
290,750,2009,1
290,750,2010,1
290,816,2010,1
305,2,1991,1
305,2,1992,1
305,2,1993,1
305,2,1994,1
305,2,1995,1
305,2,1996,1
305,2,1997,1
305,2,1998,1
305,2,1999,1
305,2,2000,1
305,2,2001,1
305,2,2002,1
305,2,2003,1
305,2,2004,1
305,2,2005,1
305,2,2006,1
305,2,2007,1
305,2,2008,1
305,2,2009,1
305,2,2010,1
305,225,2004,1
305,225,2005,1
305,225,2006,1
305,225,2007,1
305,225,2008,1
305,225,2009,1
305,225,2010,1
305,317,1993,1
305,317,1994,1
305,317,1995,1
305,317,1996,1
305,317,1997,1
305,317,1998,1
305,317,1999,1
305,345,2006,1
305,345,2007,1
305,345,2008,1
305,345,2009,1
305,345,2010,1
305,349,1993,1
305,349,1994,1
305,349,1995,1
305,349,1996,1
305,349,1997,1
305,349,1998,1
305,349,1999,1
305,349,2000,1
305,349,2001,1
305,349,2002,1
305,349,2003,1
305,349,2004,1
305,349,2005,1
305,349,2006,1
305,349,2007,1
305,349,2008,1
305,349,2009,1
305,349,2010,1
305,355,1993,1
305,355,1994,1
305,355,1995,1
305,355,1996,1
305,355,1997,1
305,355,1998,1
305,355,1999,1
305,369,1995,1
305,369,1996,1
305,369,1997,1
305,369,1998,1
305,369,1999,1
305,369,2000,1
305,369,2001,1
305,369,2002,1
305,369,2003,1
305,369,2004,1
305,369,2005,1
305,369,2006,1
305,369,2007,1
305,369,2008,1
305,369,2009,1
305,369,2010,1
305,375,1994,1
305,375,1995,1
305,375,1996,1
305,375,1997,1
305,375,1998,1
305,375,1999,1
305,375,2000,1
310,2,1995,1
310,2,1996,1
310,2,1997,1
310,2,1998,1
310,2,1999,1
310,2,2000,1
310,2,2001,1
310,2,2002,1
310,2,2003,1
310,2,2004,1
310,2,2005,1
310,2,2006,1
310,2,2007,1
310,2,2008,1
310,2,2009,1
310,2,2010,1
310,211,1989,1
310,211,1990,1
310,211,1991,1
310,211,1992,1
310,211,1993,1
310,211,1994,1
310,211,1995,1
310,211,1996,1
310,211,1997,1
310,211,1998,1
310,211,1999,1
310,211,2000,1
310,211,2001,1
310,211,2002,1
310,211,2003,1
310,211,2004,1
310,211,2005,1
310,211,2006,1
310,211,2007,1
310,211,2008,1
310,211,2009,1
310,211,2010,1
310,230,1995,1
310,230,1996,1
310,230,1997,1
310,230,1998,1
310,230,1999,1
310,230,2000,1
310,230,2001,1
310,235,1996,1
310,235,1997,1
310,235,1998,1
310,235,1999,1
310,235,2000,1
310,235,2001,1
310,235,2002,1
310,235,2003,1
310,235,2004,1
310,235,2005,1
310,235,2006,1
310,235,2007,1
310,235,2008,1
310,235,2009,1
310,235,2010,1
310,315,1991,1
310,315,1992,1
310,316,1993,1
310,316,1994,1
310,316,1995,1
310,316,1996,1
310,316,1997,1
310,316,1998,1
310,316,1999,1
310,316,2000,1
310,316,2001,1
310,316,2002,1
310,316,2003,1
310,316,2004,1
310,316,2005,1
310,316,2006,1
310,316,2007,1
310,316,2008,1
310,316,2009,1
310,316,2010,1
310,317,1993,1
310,317,1994,1
310,317,1995,1
310,317,1996,1
310,317,1997,1
310,317,1998,1
310,317,1999,1
310,317,2009,1
310,317,2010,1
310,339,1993,1
310,339,1994,1
310,339,1995,1
310,339,1996,1
310,339,1997,1
310,339,1998,1
310,339,1999,1
310,339,2000,1
310,339,2001,1
310,343,2009,1
310,343,2010,1
310,344,1996,1
310,344,1997,1
310,344,1998,1
310,344,1999,1
310,344,2000,1
310,344,2001,1
310,345,2010,1
310,349,1998,1
310,349,1999,1
310,349,2000,1
310,349,2001,1
310,349,2002,1
310,349,2003,1
310,349,2004,1
310,349,2005,1
310,349,2006,1
310,349,2007,1
310,349,2008,1
310,349,2009,1
310,349,2010,1
310,350,2003,1
310,350,2004,1
310,350,2005,1
310,350,2006,1
310,350,2007,1
310,350,2008,1
310,350,2009,1
310,355,1991,1
310,355,1992,1
310,355,1993,1
310,355,1994,1
310,355,1995,1
310,355,1996,1
310,355,1997,1
310,359,1997,1
310,359,1998,1
310,359,1999,1
310,359,2000,1
310,359,2001,1
310,359,2002,1
310,359,2003,1
310,360,2003,1
310,360,2004,1
310,360,2005,1
310,360,2006,1
310,360,2007,1
310,360,2008,1
310,360,2009,1
310,360,2010,1
310,365,2002,1
310,365,2003,1
310,365,2004,1
310,365,2005,1
310,365,2006,1
310,365,2007,1
310,365,2008,1
310,365,2009,1
310,365,2010,1
310,367,1999,1
310,367,2000,1
310,367,2001,1
310,367,2002,1
310,367,2003,1
310,367,2004,1
310,367,2005,1
310,368,1997,1
310,368,1998,1
310,368,1999,1
310,368,2000,1
310,368,2001,1
310,368,2002,1
310,368,2003,1
310,369,1992,1
310,369,1993,1
310,369,1994,1
310,369,1995,1
310,369,1996,1
310,369,1997,1
310,369,1998,1
310,369,1999,1
310,369,2000,1
310,369,2001,1
310,369,2002,1
310,369,2003,1
310,369,2004,1
310,369,2005,1
310,369,2006,1
310,369,2007,1
310,369,2008,1
310,369,2009,1
310,369,2010,1
310,371,2010,1
310,375,2005,1
310,375,2006,1
310,375,2007,1
310,375,2008,1
310,375,2009,1
310,375,2010,1
310,380,1995,1
310,380,1996,1
310,380,1997,1
310,380,1998,1
310,380,1999,1
310,380,2000,1
310,380,2001,1
310,380,2002,1
310,380,2003,1
310,380,2004,1
310,380,2005,1
310,380,2006,1
310,380,2007,1
310,380,2008,1
310,380,2009,1
310,380,2010,1
310,640,1995,1
310,640,1996,1
310,640,1997,1
310,640,1998,1
310,640,1999,1
310,640,2000,1
310,640,2001,1
310,640,2002,1
310,640,2003,1
310,640,2004,1
310,640,2005,1
310,640,2006,1
310,640,2007,1
310,640,2008,1
310,640,2009,1
310,640,2010,1
310,710,2007,1
310,710,2008,1
310,710,2009,1
310,710,2010,1
310,750,2003,1
310,750,2004,1
310,750,2005,1
310,750,2006,1
310,750,2007,1
310,750,2008,1
310,750,2009,1
310,750,2010,1
315,220,1992,1
315,290,1991,1
315,290,1992,1
315,310,1991,1
315,310,1992,1
316,2,1996,1
316,2,1997,1
316,2,1998,1
316,2,1999,1
316,2,2000,1
316,2,2001,1
316,2,2002,1
316,2,2003,1
316,2,2004,1
316,2,2005,1
316,2,2006,1
316,2,2008,1
316,2,2009,1
316,2,2010,1
316,20,1994,1
316,20,1995,1
316,20,1996,1
316,20,1997,1
316,20,1998,1
316,20,1999,1
316,20,2000,1
316,20,2001,1
316,20,2002,1
316,20,2003,1
316,20,2004,1
316,20,2005,1
316,20,2006,1
316,20,2007,1
316,20,2008,1
316,20,2009,1
316,20,2010,1
316,100,2006,1
316,100,2007,1
316,100,2008,1
316,100,2009,1
316,100,2010,1
316,140,2010,1
316,200,1997,1
316,200,1998,1
316,200,1999,1
316,200,2000,1
316,200,2001,1
316,200,2002,1
316,200,2003,1
316,200,2004,1
316,200,2005,1
316,200,2006,1
316,200,2007,1
316,200,2008,1
316,200,2009,1
316,200,2010,1
316,210,1995,1
316,210,1996,1
316,210,1997,1
316,210,1998,1
316,210,1999,1
316,210,2000,1
316,210,2001,1
316,210,2002,1
316,210,2003,1
316,210,2004,1
316,210,2005,1
316,210,2006,1
316,210,2007,1
316,210,2008,1
316,210,2009,1
316,210,2010,1
316,220,1993,1
316,220,1994,1
316,220,1995,1
316,220,1996,1
316,220,1997,1
316,220,1998,1
316,220,1999,1
316,220,2000,1
316,220,2001,1
316,220,2002,1
316,220,2003,1
316,220,2004,1
316,220,2005,1
316,220,2006,1
316,220,2007,1
316,220,2008,1
316,220,2009,1
316,220,2010,1
316,225,2008,1
316,225,2009,1
316,225,2010,1
316,235,1996,1
316,235,1997,1
316,235,1998,1
316,235,1999,1
316,235,2000,1
316,235,2001,1
316,235,2002,1
316,235,2003,1
316,235,2004,1
316,235,2005,1
316,235,2006,1
316,235,2007,1
316,235,2008,1
316,235,2009,1
316,235,2010,1
316,255,1993,1
316,255,1994,1
316,255,1995,1
316,255,1996,1
316,255,1997,1
316,255,1998,1
316,255,1999,1
316,255,2000,1
316,255,2001,1
316,255,2002,1
316,255,2003,1
316,255,2004,1
316,255,2005,1
316,255,2006,1
316,255,2007,1
316,255,2008,1
316,255,2009,1
316,255,2010,1
316,290,1996,1
316,290,1997,1
316,290,1998,1
316,290,1999,1
316,290,2000,1
316,290,2001,1
316,290,2002,1
316,290,2003,1
316,290,2004,1
316,290,2005,1
316,290,2006,1
316,290,2007,1
316,290,2008,1
316,290,2009,1
316,290,2010,1
316,310,1993,1
316,310,1994,1
316,310,1995,1
316,310,1996,1
316,310,1997,1
316,310,1998,1
316,310,1999,1
316,310,2000,1
316,310,2001,1
316,310,2002,1
316,310,2003,1
316,310,2004,1
316,310,2005,1
316,310,2006,1
316,310,2007,1
316,310,2008,1
316,310,2009,1
316,310,2010,1
316,317,1994,1
316,317,1995,1
316,317,1996,1
316,317,1997,1
316,317,1998,1
316,317,1999,1
316,317,2000,1
316,317,2001,1
316,317,2002,1
316,317,2003,1
316,317,2004,1
316,317,2005,1
316,317,2006,1
316,317,2007,1
316,317,2008,1
316,317,2009,1
316,317,2010,1
316,325,1996,1
316,325,1997,1
316,325,1998,1
316,325,1999,1
316,325,2000,1
316,325,2001,1
316,325,2002,1
316,325,2003,1
316,325,2004,1
316,325,2005,1
316,325,2006,1
316,325,2007,1
316,325,2008,1
316,325,2009,1
316,325,2010,1
316,339,1999,1
316,339,2000,1
316,339,2001,1
316,339,2002,1
316,339,2003,1
316,339,2004,1
316,339,2005,1
316,339,2006,1
316,339,2007,1
316,339,2008,1
316,339,2009,1
316,339,2010,1
316,343,2000,1
316,343,2001,1
316,343,2002,1
316,343,2003,1
316,343,2004,1
316,343,2005,1
316,343,2006,1
316,343,2007,1
316,343,2008,1
316,343,2009,1
316,343,2010,1
316,344,1998,1
316,344,1999,1
316,344,2000,1
316,344,2001,1
316,344,2002,1
316,344,2003,1
316,344,2004,1
316,344,2005,1
316,344,2006,1
316,344,2007,1
316,344,2008,1
316,344,2009,1
316,344,2010,1
316,345,2005,1
316,345,2006,1
316,345,2007,1
316,345,2008,1
316,345,2009,1
316,345,2010,1
316,349,1993,1
316,349,1994,1
316,349,1995,1
316,349,1996,1
316,349,1997,1
316,349,1998,1
316,349,1999,1
316,349,2000,1
316,349,2001,1
316,349,2002,1
316,349,2003,1
316,349,2004,1
316,349,2005,1
316,349,2006,1
316,349,2007,1
316,349,2008,1
316,349,2009,1
316,349,2010,1
316,350,2001,1
316,350,2002,1
316,350,2003,1
316,350,2004,1
316,350,2005,1
316,350,2006,1
316,350,2007,1
316,350,2008,1
316,350,2009,1
316,350,2010,1
316,355,1995,1
316,355,1996,1
316,355,1997,1
316,355,1998,1
316,355,1999,1
316,355,2000,1
316,355,2001,1
316,355,2002,1
316,355,2003,1
316,355,2004,1
316,355,2005,1
316,355,2006,1
316,355,2007,1
316,355,2008,1
316,355,2009,1
316,355,2010,1
316,360,1995,1
316,360,1996,1
316,360,1997,1
316,360,1998,1
316,360,1999,1
316,360,2000,1
316,360,2001,1
316,365,2001,1
316,365,2002,1
316,365,2003,1
316,365,2004,1
316,365,2005,1
316,365,2006,1
316,365,2007,1
316,365,2008,1
316,365,2009,1
316,365,2010,1
316,366,1996,1
316,366,1997,1
316,366,1998,1
316,366,1999,1
316,366,2000,1
316,366,2001,1
316,366,2002,1
316,366,2003,1
316,366,2004,1
316,366,2005,1
316,366,2006,1
316,366,2007,1
316,366,2008,1
316,366,2009,1
316,366,2010,1
316,367,1993,1
316,367,1994,1
316,367,1995,1
316,367,1996,1
316,367,1997,1
316,367,1998,1
316,367,1999,1
316,367,2000,1
316,367,2001,1
316,367,2002,1
316,367,2003,1
316,367,2004,1
316,367,2005,1
316,367,2006,1
316,367,2007,1
316,367,2008,1
316,367,2009,1
316,367,2010,1
316,368,1993,1
316,368,1994,1
316,368,1995,1
316,368,1996,1
316,368,1997,1
316,368,1998,1
316,368,1999,1
316,368,2000,1
316,368,2001,1
316,368,2002,1
316,368,2003,1
316,368,2004,1
316,368,2005,1
316,368,2006,1
316,368,2007,1
316,368,2008,1
316,368,2009,1
316,368,2010,1
316,369,1996,1
316,369,1997,1
316,369,1998,1
316,369,1999,1
316,369,2000,1
316,369,2001,1
316,369,2002,1
316,369,2003,1
316,369,2004,1
316,369,2005,1
316,369,2006,1
316,369,2007,1
316,369,2008,1
316,369,2009,1
316,369,2010,1
316,370,1993,1
316,370,1994,1
316,370,1995,1
316,370,1996,1
316,370,1997,1
316,370,1998,1
316,370,1999,1
316,370,2000,1
316,370,2001,1
316,370,2002,1
316,370,2003,1
316,370,2004,1
316,370,2005,1
316,370,2006,1
316,371,2010,1
316,372,1999,1
316,372,2000,1
316,372,2001,1
316,372,2002,1
316,372,2003,1
316,372,2004,1
316,372,2005,1
316,372,2006,1
316,372,2007,1
316,372,2008,1
316,372,2009,1
316,372,2010,1
316,373,2009,1
316,373,2010,1
316,375,1996,1
316,375,1997,1
316,375,1998,1
316,375,1999,1
316,375,2000,1
316,375,2001,1
316,375,2002,1
316,385,1995,1
316,385,1996,1
316,385,1997,1
316,385,1998,1
316,385,1999,1
316,385,2000,1
316,385,2001,1
316,385,2002,1
316,385,2003,1
316,385,2004,1
316,385,2005,1
316,385,2006,1
316,385,2007,1
316,385,2008,1
316,385,2009,1
316,385,2010,1
316,560,1999,1
316,560,2000,1
316,560,2001,1
316,560,2002,1
316,560,2003,1
316,560,2004,1
316,560,2005,1
316,560,2006,1
316,560,2007,1
316,560,2008,1
316,560,2009,1
316,560,2010,1
316,616,2000,1
316,616,2001,1
316,616,2002,1
316,616,2003,1
316,616,2004,1
316,616,2005,1
316,616,2006,1
316,616,2007,1
316,616,2008,1
316,616,2009,1
316,616,2010,1
316,640,1997,1
316,640,1998,1
316,640,1999,1
316,640,2000,1
316,640,2001,1
316,640,2002,1
316,640,2003,1
316,640,2004,1
316,640,2005,1
316,640,2006,1
316,640,2007,1
316,640,2008,1
316,640,2009,1
316,640,2010,1
316,651,1998,1
316,651,1999,1
316,651,2000,1
316,651,2001,1
316,651,2002,1
316,651,2003,1
316,651,2004,1
316,651,2005,1
316,651,2006,1
316,651,2007,1
316,651,2008,1
316,651,2009,1
316,651,2010,1
316,663,2009,1
316,663,2010,1
316,666,2009,1
316,666,2010,1
316,816,2009,1
316,816,2010,1
316,840,2004,1
316,840,2005,1
316,840,2006,1
316,840,2007,1
316,840,2008,1
316,840,2009,1
316,840,2010,1
316,850,2006,1
316,850,2007,1
316,850,2008,1
316,850,2009,1
316,850,2010,1
317,2,1994,1
317,2,1995,1
317,2,1996,1
317,2,1997,1
317,2,1998,1
317,2,1999,1
317,2,2000,1
317,2,2001,1
317,20,1995,1
317,20,1996,1
317,20,1997,1
317,20,1998,1
317,20,1999,1
317,20,2000,1
317,20,2001,1
317,140,1997,1
317,140,1998,1
317,140,1999,1
317,140,2000,1
317,140,2001,1
317,140,2002,1
317,140,2003,1
317,140,2004,1
317,140,2005,1
317,140,2006,1
317,140,2007,1
317,140,2008,1
317,140,2009,1
317,140,2010,1
317,200,1998,1
317,200,1999,1
317,200,2000,1
317,200,2001,1
317,200,2002,1
317,200,2003,1
317,200,2004,1
317,200,2005,1
317,200,2006,1
317,200,2007,1
317,200,2008,1
317,200,2009,1
317,200,2010,1
317,212,2003,1
317,212,2004,1
317,212,2005,1
317,212,2006,1
317,212,2007,1
317,212,2008,1
317,212,2009,1
317,220,2009,1
317,220,2010,1
317,230,1999,1
317,230,2000,1
317,230,2001,1
317,230,2002,1
317,230,2003,1
317,230,2004,1
317,230,2005,1
317,230,2006,1
317,230,2007,1
317,230,2008,1
317,230,2009,1
317,230,2010,1
317,235,1999,1
317,235,2000,1
317,235,2001,1
317,235,2002,1
317,235,2003,1
317,235,2004,1
317,235,2005,1
317,235,2006,1
317,235,2007,1
317,235,2008,1
317,235,2009,1
317,235,2010,1
317,255,1994,1
317,255,1995,1
317,255,1996,1
317,255,1997,1
317,255,1998,1
317,255,1999,1
317,255,2000,1
317,255,2001,1
317,255,2002,1
317,255,2003,1
317,255,2004,1
317,255,2005,1
317,255,2006,1
317,255,2007,1
317,255,2008,1
317,255,2009,1
317,255,2010,1
317,290,1993,1
317,290,1994,1
317,290,1995,1
317,290,1996,1
317,290,1997,1
317,290,1998,1
317,290,1999,1
317,290,2000,1
317,290,2001,1
317,290,2002,1
317,290,2003,1
317,290,2004,1
317,290,2005,1
317,290,2006,1
317,305,1993,1
317,305,1994,1
317,305,1995,1
317,305,1996,1
317,305,1997,1
317,305,1998,1
317,305,1999,1
317,310,1993,1
317,310,1994,1
317,310,1995,1
317,310,1996,1
317,310,1997,1
317,310,1998,1
317,310,1999,1
317,310,2009,1
317,310,2010,1
317,316,1994,1
317,316,1995,1
317,316,1996,1
317,316,1997,1
317,316,1998,1
317,316,1999,1
317,316,2000,1
317,316,2001,1
317,316,2002,1
317,316,2003,1
317,316,2004,1
317,316,2005,1
317,316,2006,1
317,316,2007,1
317,316,2008,1
317,316,2009,1
317,316,2010,1
317,325,1997,1
317,325,1998,1
317,325,1999,1
317,325,2000,1
317,325,2001,1
317,325,2002,1
317,325,2003,1
317,339,2008,1
317,339,2009,1
317,339,2010,1
317,344,1997,1
317,344,1998,1
317,344,1999,1
317,344,2000,1
317,344,2001,1
317,344,2002,1
317,344,2003,1
317,345,2005,1
317,345,2006,1
317,345,2007,1
317,345,2008,1
317,345,2009,1
317,345,2010,1
317,349,1997,1
317,349,1998,1
317,349,1999,1
317,349,2000,1
317,349,2001,1
317,349,2002,1
317,349,2003,1
317,349,2004,1
317,349,2005,1
317,349,2006,1
317,349,2007,1
317,349,2008,1
317,349,2009,1
317,349,2010,1
317,350,1998,1
317,350,1999,1
317,350,2000,1
317,350,2001,1
317,350,2002,1
317,350,2003,1
317,350,2004,1
317,355,1995,1
317,355,1996,1
317,355,1997,1
317,355,1998,1
317,355,1999,1
317,355,2000,1
317,355,2001,1
317,359,2005,1
317,359,2006,1
317,359,2007,1
317,359,2008,1
317,359,2009,1
317,359,2010,1
317,360,1993,1
317,360,1994,1
317,360,1995,1
317,360,1996,1
317,360,1997,1
317,360,1998,1
317,360,1999,1
317,360,2000,1
317,360,2001,1
317,360,2002,1
317,360,2003,1
317,360,2004,1
317,360,2005,1
317,360,2006,1
317,360,2007,1
317,360,2008,1
317,360,2009,1
317,360,2010,1
317,365,1997,1
317,365,1998,1
317,365,1999,1
317,365,2000,1
317,365,2001,1
317,365,2002,1
317,365,2003,1
317,365,2004,1
317,365,2005,1
317,365,2006,1
317,365,2007,1
317,365,2008,1
317,365,2009,1
317,365,2010,1
317,366,2001,1
317,366,2002,1
317,366,2003,1
317,366,2004,1
317,366,2005,1
317,366,2006,1
317,366,2007,1
317,367,2000,1
317,367,2001,1
317,367,2002,1
317,367,2003,1
317,367,2004,1
317,367,2005,1
317,367,2006,1
317,368,2002,1
317,368,2003,1
317,368,2004,1
317,368,2005,1
317,368,2006,1
317,368,2007,1
317,368,2008,1
317,368,2009,1
317,368,2010,1
317,369,1993,1
317,369,1994,1
317,369,1995,1
317,369,1996,1
317,369,1997,1
317,369,1998,1
317,369,1999,1
317,369,2000,1
317,369,2001,1
317,369,2002,1
317,369,2003,1
317,369,2004,1
317,369,2005,1
317,369,2006,1
317,369,2007,1
317,369,2008,1
317,369,2009,1
317,369,2010,1
317,375,2002,1
317,375,2003,1
317,375,2004,1
317,375,2005,1
317,375,2006,1
317,375,2007,1
317,375,2008,1
317,390,1999,1
317,390,2000,1
317,390,2001,1
317,390,2002,1
317,390,2003,1
317,390,2004,1
317,390,2005,1
317,560,1997,1
317,560,1998,1
317,560,1999,1
317,560,2000,1
317,560,2001,1
317,560,2002,1
317,560,2003,1
317,560,2004,1
317,560,2005,1
317,560,2006,1
317,560,2007,1
317,560,2008,1
317,560,2009,1
317,560,2010,1
317,640,1997,1
317,640,1998,1
317,640,1999,1
317,640,2000,1
317,640,2001,1
317,640,2002,1
317,640,2003,1
317,640,2004,1
317,640,2005,1
317,640,2006,1
317,640,2007,1
317,640,2008,1
317,640,2009,1
317,640,2010,1
317,696,1999,1
317,696,2000,1
317,696,2001,1
317,696,2002,1
317,696,2003,1
317,696,2004,1
317,696,2005,1
317,696,2006,1
317,696,2007,1
317,696,2008,1
317,696,2009,1
317,696,2010,1
317,705,2008,1
317,705,2009,1
317,705,2010,1
317,710,2000,1
317,710,2001,1
317,710,2002,1
317,710,2003,1
317,710,2004,1
317,710,2005,1
317,710,2006,1
317,710,2007,1
317,710,2008,1
317,710,2009,1
317,710,2010,1
317,750,1995,1
317,750,1996,1
317,750,1997,1
317,750,1998,1
317,750,1999,1
317,750,2000,1
317,750,2001,1
325,2,2006,1
325,2,2007,1
325,2,2008,1
325,2,2009,1
325,2,2010,1
325,95,2010,1
325,135,2002,1
325,135,2003,1
325,135,2004,1
325,135,2005,1
325,135,2006,1
325,135,2007,1
325,135,2008,1
325,135,2009,1
325,135,2010,1
325,140,2008,1
325,140,2009,1
325,140,2010,1
325,155,1997,1
325,155,1998,1
325,155,1999,1
325,155,2000,1
325,155,2001,1
325,155,2002,1
325,155,2003,1
325,155,2004,1
325,155,2005,1
325,155,2006,1
325,155,2007,1
325,155,2008,1
325,155,2009,1
325,155,2010,1
325,160,1992,1
325,160,1993,1
325,160,1994,1
325,160,1995,1
325,160,1996,1
325,160,1997,1
325,160,1998,1
325,160,1999,1
325,160,2000,1
325,160,2001,1
325,160,2002,1
325,160,2003,1
325,160,2004,1
325,160,2005,1
325,160,2006,1
325,160,2007,1
325,160,2008,1
325,160,2009,1
325,160,2010,1
325,225,2003,1
325,225,2004,1
325,225,2005,1
325,225,2006,1
325,225,2007,1
325,225,2008,1
325,225,2009,1
325,225,2010,1
325,230,1980,1
325,230,1981,1
325,230,1982,1
325,230,1983,1
325,230,1984,1
325,230,1985,1
325,230,1986,1
325,230,1987,1
325,230,1988,1
325,230,1989,1
325,230,1990,1
325,230,1991,1
325,230,1992,1
325,230,1993,1
325,230,1994,1
325,230,1995,1
325,230,1996,1
325,230,1997,1
325,230,1998,1
325,230,1999,1
325,230,2000,1
325,230,2001,1
325,230,2002,1
325,230,2003,1
325,230,2004,1
325,230,2005,1
325,230,2006,1
325,230,2007,1
325,230,2008,1
325,230,2009,1
325,230,2010,1
325,316,1996,1
325,316,1997,1
325,316,1998,1
325,316,1999,1
325,316,2000,1
325,316,2001,1
325,316,2002,1
325,316,2003,1
325,316,2004,1
325,316,2005,1
325,316,2006,1
325,316,2007,1
325,316,2008,1
325,316,2009,1
325,316,2010,1
325,317,1997,1
325,317,1998,1
325,317,1999,1
325,317,2000,1
325,317,2001,1
325,317,2002,1
325,317,2003,1
325,339,1995,1
325,339,1996,1
325,339,1997,1
325,339,1998,1
325,339,1999,1
325,339,2000,1
325,339,2001,1
325,339,2002,1
325,339,2003,1
325,339,2004,1
325,339,2005,1
325,339,2006,1
325,339,2007,1
325,339,2008,1
325,339,2009,1
325,339,2010,1
325,343,1997,1
325,343,1998,1
325,343,1999,1
325,343,2000,1
325,343,2001,1
325,343,2002,1
325,343,2003,1
325,343,2004,1
325,343,2005,1
325,343,2006,1
325,343,2007,1
325,343,2008,1
325,343,2009,1
325,343,2010,1
325,344,2000,1
325,344,2001,1
325,344,2002,1
325,344,2003,1
325,344,2004,1
325,344,2005,1
325,344,2006,1
325,344,2007,1
325,344,2008,1
325,344,2009,1
325,344,2010,1
325,345,2003,1
325,345,2004,1
325,345,2005,1
325,345,2006,1
325,345,2007,1
325,345,2008,1
325,345,2009,1
325,345,2010,1
325,349,1996,1
325,349,1997,1
325,349,1998,1
325,349,1999,1
325,349,2000,1
325,349,2001,1
325,349,2002,1
325,349,2003,1
325,349,2004,1
325,349,2005,1
325,349,2006,1
325,349,2007,1
325,349,2008,1
325,349,2009,1
325,349,2010,1
325,355,1995,1
325,355,1996,1
325,355,1997,1
325,355,1998,1
325,355,1999,1
325,355,2000,1
325,355,2001,1
325,355,2002,1
325,355,2003,1
325,355,2004,1
325,355,2005,1
325,355,2006,1
325,355,2007,1
325,355,2008,1
325,355,2009,1
325,355,2010,1
325,359,2006,1
325,359,2007,1
325,359,2008,1
325,359,2009,1
325,359,2010,1
325,365,1996,1
325,365,1997,1
325,365,1998,1
325,365,1999,1
325,365,2000,1
325,365,2001,1
325,365,2002,1
325,366,1998,1
325,366,1999,1
325,366,2000,1
325,366,2001,1
325,366,2002,1
325,366,2003,1
325,366,2004,1
325,366,2005,1
325,366,2006,1
325,366,2007,1
325,366,2008,1
325,366,2009,1
325,366,2010,1
325,367,1998,1
325,367,1999,1
325,367,2000,1
325,367,2001,1
325,367,2002,1
325,367,2003,1
325,367,2004,1
325,367,2005,1
325,367,2006,1
325,367,2007,1
325,367,2008,1
325,367,2009,1
325,367,2010,1
325,368,1999,1
325,368,2000,1
325,368,2001,1
325,368,2002,1
325,368,2003,1
325,368,2004,1
325,368,2005,1
325,368,2006,1
325,368,2007,1
325,368,2008,1
325,368,2009,1
325,368,2010,1
325,369,1998,1
325,369,1999,1
325,369,2000,1
325,369,2001,1
325,369,2002,1
325,369,2003,1
325,369,2004,1
325,369,2005,1
325,369,2006,1
325,369,2007,1
325,369,2008,1
325,369,2009,1
325,369,2010,1
325,372,1997,1
325,372,1998,1
325,372,1999,1
325,372,2000,1
325,372,2001,1
325,372,2002,1
325,372,2003,1
325,372,2004,1
325,372,2005,1
325,372,2006,1
325,372,2007,1
325,372,2008,1
325,372,2009,1
325,372,2010,1
325,375,1998,1
325,375,1999,1
325,375,2000,1
325,375,2001,1
325,375,2002,1
325,375,2003,1
325,375,2004,1
325,375,2005,1
325,375,2006,1
325,375,2007,1
325,375,2008,1
325,375,2009,1
325,375,2010,1
325,380,1997,1
325,380,1998,1
325,380,1999,1
325,380,2000,1
325,380,2001,1
325,380,2002,1
325,380,2003,1
325,380,2004,1
325,380,2005,1
325,380,2006,1
325,380,2007,1
325,380,2008,1
325,380,2009,1
325,380,2010,1
325,522,2002,1
325,522,2003,1
325,522,2004,1
325,522,2005,1
325,522,2006,1
325,522,2007,1
325,522,2008,1
325,522,2009,1
325,522,2010,1
325,560,1997,1
325,560,1998,1
325,560,1999,1
325,560,2000,1
325,560,2001,1
325,560,2002,1
325,560,2003,1
325,560,2004,1
325,560,2005,1
325,560,2006,1
325,560,2007,1
325,560,2008,1
325,560,2009,1
325,560,2010,1
325,615,2003,1
325,615,2004,1
325,615,2005,1
325,615,2006,1
325,615,2007,1
325,615,2008,1
325,615,2009,1
325,615,2010,1
325,660,2004,1
325,660,2005,1
325,660,2006,1
325,660,2007,1
325,660,2008,1
325,660,2009,1
325,660,2010,1
325,663,2002,1
325,663,2003,1
325,663,2004,1
325,663,2005,1
325,663,2006,1
325,663,2007,1
325,663,2008,1
325,663,2009,1
325,663,2010,1
325,670,1993,1
325,670,1994,1
325,670,1995,1
325,670,1996,1
325,670,1997,1
325,670,1998,1
325,670,1999,1
325,670,2000,1
325,670,2001,1
325,670,2002,1
325,670,2003,1
325,670,2004,1
325,670,2005,1
325,670,2006,1
325,670,2007,1
325,670,2008,1
325,670,2009,1
325,670,2010,1
325,696,2003,1
325,696,2004,1
325,696,2005,1
325,696,2006,1
325,696,2007,1
325,696,2008,1
325,696,2009,1
325,696,2010,1
325,704,1999,1
325,704,2000,1
325,704,2001,1
325,704,2002,1
325,704,2003,1
325,704,2004,1
325,704,2005,1
325,704,2006,1
325,704,2007,1
325,704,2008,1
325,704,2009,1
325,704,2010,1
325,710,1985,1
325,710,1986,1
325,710,1987,1
325,710,1988,1
325,710,1989,1
325,710,1990,1
325,710,1991,1
325,732,1984,1
325,732,1985,1
325,732,1986,1
325,732,1987,1
325,732,1988,1
325,732,1989,1
325,732,1990,1
325,732,1991,1
325,732,1992,1
325,732,1993,1
325,732,1994,1
325,732,1995,1
325,732,1996,1
325,732,1997,1
325,732,1998,1
325,732,1999,1
325,732,2000,1
325,732,2001,1
325,732,2002,1
325,732,2003,1
325,732,2004,1
325,732,2005,1
325,732,2006,1
325,732,2007,1
325,732,2008,1
325,732,2009,1
325,732,2010,1
325,750,1985,1
325,750,1986,1
325,750,1987,1
325,750,1988,1
325,750,1989,1
325,750,1990,1
325,750,1991,1
325,750,1994,1
325,750,1995,1
325,750,1996,1
325,750,1997,1
325,750,1998,1
325,750,1999,1
325,750,2000,1
325,750,2001,1
325,750,2002,1
325,750,2003,1
325,750,2004,1
325,750,2005,1
325,750,2006,1
325,750,2007,1
325,750,2008,1
325,750,2009,1
325,750,2010,1
325,770,2009,1
325,770,2010,1
325,816,2000,1
325,816,2001,1
325,816,2002,1
325,816,2003,1
325,816,2004,1
325,816,2005,1
325,816,2006,1
325,816,2007,1
325,816,2008,1
325,816,2009,1
325,816,2010,1
325,820,1993,1
325,820,1994,1
325,820,1995,1
325,820,1996,1
325,820,1997,1
325,820,1998,1
325,820,1999,1
325,820,2000,1
325,820,2001,1
325,820,2002,1
325,820,2003,1
325,820,2004,1
325,820,2005,1
325,820,2006,1
325,820,2007,1
325,820,2008,1
325,820,2009,1
325,820,2010,1
325,840,2004,1
325,840,2005,1
325,840,2006,1
325,840,2007,1
325,840,2008,1
325,840,2009,1
325,840,2010,1
325,850,1997,1
325,850,1998,1
325,850,1999,1
325,850,2000,1
325,850,2001,1
325,850,2002,1
325,850,2003,1
325,850,2004,1
325,850,2005,1
325,850,2006,1
325,850,2007,1
339,20,2005,1
339,20,2006,1
339,20,2007,1
339,20,2008,1
339,20,2009,1
339,20,2010,1
339,210,1998,1
339,210,1999,1
339,210,2000,1
339,210,2001,1
339,210,2002,1
339,210,2003,1
339,210,2004,1
339,211,2005,1
339,211,2006,1
339,211,2007,1
339,211,2008,1
339,211,2009,1
339,211,2010,1
339,220,1996,1
339,220,1997,1
339,220,1998,1
339,220,1999,1
339,220,2000,1
339,220,2001,1
339,220,2002,1
339,220,2003,1
339,220,2004,1
339,220,2005,1
339,220,2006,1
339,220,2007,1
339,220,2008,1
339,220,2009,1
339,220,2010,1
339,290,2003,1
339,290,2004,1
339,290,2005,1
339,290,2006,1
339,290,2007,1
339,290,2008,1
339,290,2009,1
339,290,2010,1
339,310,1993,1
339,310,1994,1
339,310,1995,1
339,310,1996,1
339,310,1997,1
339,310,1998,1
339,310,1999,1
339,310,2000,1
339,310,2001,1
339,316,1999,1
339,316,2000,1
339,316,2001,1
339,316,2002,1
339,316,2003,1
339,316,2004,1
339,316,2005,1
339,316,2006,1
339,316,2007,1
339,316,2008,1
339,316,2009,1
339,316,2010,1
339,317,2008,1
339,317,2009,1
339,317,2010,1
339,325,1995,1
339,325,1996,1
339,325,1997,1
339,325,1998,1
339,325,1999,1
339,325,2000,1
339,325,2001,1
339,325,2002,1
339,325,2003,1
339,325,2004,1
339,325,2005,1
339,325,2006,1
339,325,2007,1
339,325,2008,1
339,325,2009,1
339,325,2010,1
339,343,1998,1
339,343,1999,1
339,343,2000,1
339,343,2001,1
339,343,2002,1
339,343,2003,1
339,343,2004,1
339,343,2005,1
339,343,2006,1
339,343,2007,1
339,343,2008,1
339,343,2009,1
339,343,2010,1
339,344,1994,1
339,344,1995,1
339,344,1996,1
339,344,1997,1
339,344,1998,1
339,344,1999,1
339,344,2000,1
339,344,2001,1
339,344,2002,1
339,344,2003,1
339,344,2004,1
339,344,2005,1
339,344,2006,1
339,344,2007,1
339,344,2008,1
339,344,2009,1
339,344,2010,1
339,349,1994,1
339,349,1995,1
339,349,1996,1
339,349,1997,1
339,349,1998,1
339,349,1999,1
339,349,2000,1
339,349,2001,1
339,349,2002,1
339,349,2003,1
339,349,2004,1
339,349,2005,1
339,349,2006,1
339,349,2007,1
339,349,2008,1
339,349,2009,1
339,349,2010,1
339,350,1992,1
339,350,1993,1
339,350,1994,1
339,350,1995,1
339,350,1996,1
339,350,1997,1
339,350,1998,1
339,350,2003,1
339,350,2004,1
339,350,2005,1
339,350,2006,1
339,350,2007,1
339,350,2008,1
339,350,2009,1
339,355,1993,1
339,355,1994,1
339,355,1995,1
339,355,1996,1
339,355,1997,1
339,355,1998,1
339,355,1999,1
339,355,2000,1
339,355,2001,1
339,355,2002,1
339,355,2003,1
339,355,2004,1
339,355,2005,1
339,355,2006,1
339,355,2007,1
339,355,2008,1
339,355,2009,1
339,355,2010,1
339,360,1992,1
339,360,1993,1
339,360,1994,1
339,360,1995,1
339,360,1996,1
339,360,1997,1
339,360,1998,1
339,360,1999,1
339,360,2000,1
339,360,2001,1
339,360,2002,1
339,360,2003,1
339,360,2004,1
339,360,2005,1
339,360,2006,1
339,360,2007,1
339,360,2008,1
339,360,2009,1
339,360,2010,1
339,367,2005,1
339,367,2006,1
339,367,2007,1
339,367,2008,1
339,367,2009,1
339,367,2010,1
339,368,2004,1
339,368,2005,1
339,368,2006,1
339,368,2007,1
339,368,2008,1
339,368,2009,1
339,368,2010,1
339,369,1997,1
339,369,1998,1
339,369,1999,1
339,369,2000,1
339,369,2001,1
339,369,2002,1
339,369,2003,1
339,369,2004,1
339,369,2005,1
339,369,2006,1
339,369,2007,1
339,369,2008,1
339,369,2009,1
339,369,2010,1
339,640,1992,1
339,640,1993,1
339,640,1994,1
339,640,1995,1
339,640,1996,1
339,640,1997,1
339,640,1998,1
339,640,1999,1
339,640,2000,1
339,640,2001,1
339,640,2002,1
339,640,2003,1
339,640,2004,1
339,640,2005,1
339,640,2006,1
339,640,2007,1
339,640,2008,1
339,640,2009,1
339,640,2010,1
339,710,2005,1
339,710,2006,1
339,710,2007,1
339,710,2008,1
339,710,2009,1
339,710,2010,1
339,820,1994,1
339,820,1995,1
339,820,1996,1
339,820,1997,1
339,820,1998,1
339,820,1999,1
339,820,2000,1
341,255,2007,1
341,255,2008,1
341,255,2009,1
341,255,2010,1
341,343,2007,1
341,343,2008,1
341,343,2009,1
341,343,2010,1
341,344,2007,1
341,344,2008,1
341,344,2009,1
341,344,2010,1
341,345,2007,1
341,345,2008,1
341,345,2009,1
341,345,2010,1
341,346,2007,1
341,346,2008,1
341,346,2009,1
341,346,2010,1
341,349,2007,1
341,349,2008,1
341,349,2009,1
341,349,2010,1
341,350,2007,1
341,350,2008,1
341,350,2009,1
341,350,2010,1
341,355,2009,1
341,355,2010,1
341,360,2008,1
341,360,2009,1
341,360,2010,1
343,230,2009,1
343,230,2010,1
343,290,1996,1
343,290,1997,1
343,290,1998,1
343,290,1999,1
343,290,2000,1
343,290,2001,1
343,290,2002,1
343,290,2003,1
343,290,2004,1
343,290,2005,1
343,290,2006,1
343,290,2007,1
343,290,2008,1
343,290,2009,1
343,290,2010,1
343,310,2009,1
343,310,2010,1
343,316,2000,1
343,316,2001,1
343,316,2002,1
343,316,2003,1
343,316,2004,1
343,316,2005,1
343,316,2006,1
343,316,2007,1
343,316,2008,1
343,316,2009,1
343,316,2010,1
343,325,1997,1
343,325,1998,1
343,325,1999,1
343,325,2000,1
343,325,2001,1
343,325,2002,1
343,325,2003,1
343,325,2004,1
343,325,2005,1
343,325,2006,1
343,325,2007,1
343,325,2008,1
343,325,2009,1
343,325,2010,1
343,339,1998,1
343,339,1999,1
343,339,2000,1
343,339,2001,1
343,339,2002,1
343,339,2003,1
343,339,2004,1
343,339,2005,1
343,339,2006,1
343,339,2007,1
343,339,2008,1
343,339,2009,1
343,339,2010,1
343,341,2007,1
343,341,2008,1
343,341,2009,1
343,341,2010,1
343,344,2000,1
343,344,2001,1
343,344,2002,1
343,344,2003,1
343,344,2004,1
343,344,2005,1
343,344,2006,1
343,344,2010,1
343,345,2004,1
343,345,2005,1
343,345,2006,1
343,345,2007,1
343,345,2008,1
343,345,2009,1
343,345,2010,1
343,346,2006,1
343,346,2007,1
343,346,2008,1
343,346,2009,1
343,346,2010,1
343,349,1994,1
343,349,1995,1
343,349,1996,1
343,349,1997,1
343,349,1998,1
343,349,1999,1
343,349,2000,1
343,349,2001,1
343,349,2002,1
343,349,2003,1
343,349,2004,1
343,349,2005,1
343,349,2006,1
343,349,2007,1
343,349,2008,1
343,349,2009,1
343,349,2010,1
343,350,2000,1
343,350,2001,1
343,350,2002,1
343,350,2003,1
343,350,2004,1
343,350,2005,1
343,350,2006,1
343,355,1999,1
343,355,2000,1
343,355,2001,1
343,355,2002,1
343,355,2003,1
343,355,2004,1
343,355,2005,1
343,355,2006,1
343,365,2003,1
343,365,2004,1
343,365,2005,1
343,365,2006,1
343,365,2007,1
343,365,2008,1
343,365,2009,1
343,365,2010,1
343,368,2008,1
343,368,2009,1
343,368,2010,1
343,369,2000,1
343,369,2001,1
343,369,2002,1
343,369,2003,1
343,369,2004,1
343,369,2005,1
343,369,2006,1
343,369,2007,1
343,369,2008,1
343,369,2009,1
343,369,2010,1
343,640,1995,1
343,640,1996,1
343,640,1997,1
343,640,1998,1
343,640,1999,1
343,640,2000,1
343,640,2001,1
344,2,1994,1
344,2,1995,1
344,2,1996,1
344,2,1997,1
344,2,1998,1
344,2,1999,1
344,2,2000,1
344,200,2002,1
344,200,2003,1
344,200,2004,1
344,200,2005,1
344,200,2006,1
344,200,2007,1
344,200,2008,1
344,200,2009,1
344,200,2010,1
344,211,2002,1
344,211,2003,1
344,211,2004,1
344,211,2005,1
344,211,2006,1
344,211,2007,1
344,211,2008,1
344,211,2009,1
344,211,2010,1
344,220,1997,1
344,220,1998,1
344,220,1999,1
344,220,2000,1
344,220,2001,1
344,220,2002,1
344,220,2003,1
344,230,1999,1
344,230,2000,1
344,230,2001,1
344,230,2002,1
344,230,2003,1
344,230,2004,1
344,230,2005,1
344,310,1996,1
344,310,1997,1
344,310,1998,1
344,310,1999,1
344,310,2000,1
344,310,2001,1
344,316,1998,1
344,316,1999,1
344,316,2000,1
344,316,2001,1
344,316,2002,1
344,316,2003,1
344,316,2004,1
344,316,2005,1
344,316,2006,1
344,316,2007,1
344,316,2008,1
344,316,2009,1
344,316,2010,1
344,317,1997,1
344,317,1998,1
344,317,1999,1
344,317,2000,1
344,317,2001,1
344,317,2002,1
344,317,2003,1
344,325,2000,1
344,325,2001,1
344,325,2002,1
344,325,2003,1
344,325,2004,1
344,325,2005,1
344,325,2006,1
344,325,2007,1
344,325,2008,1
344,325,2009,1
344,325,2010,1
344,339,1994,1
344,339,1995,1
344,339,1996,1
344,339,1997,1
344,339,1998,1
344,339,1999,1
344,339,2000,1
344,339,2001,1
344,339,2002,1
344,339,2003,1
344,339,2004,1
344,339,2005,1
344,339,2006,1
344,339,2007,1
344,339,2008,1
344,339,2009,1
344,339,2010,1
344,341,2007,1
344,341,2008,1
344,341,2009,1
344,341,2010,1
344,343,2000,1
344,343,2001,1
344,343,2002,1
344,343,2003,1
344,343,2004,1
344,343,2005,1
344,343,2006,1
344,343,2010,1
344,345,2010,1
344,346,2006,1
344,346,2007,1
344,346,2008,1
344,346,2009,1
344,346,2010,1
344,349,2003,1
344,349,2004,1
344,349,2005,1
344,349,2006,1
344,349,2007,1
344,349,2008,1
344,349,2009,1
344,349,2010,1
344,350,2000,1
344,350,2001,1
344,350,2002,1
344,350,2003,1
344,350,2004,1
344,350,2005,1
344,350,2006,1
344,355,1996,1
344,355,1997,1
344,355,1998,1
344,355,1999,1
344,355,2000,1
344,355,2001,1
344,355,2002,1
344,355,2007,1
344,355,2008,1
344,355,2009,1
344,355,2010,1
344,365,1998,1
344,365,1999,1
344,365,2000,1
344,365,2001,1
344,365,2002,1
344,365,2003,1
344,365,2004,1
344,365,2005,1
344,365,2006,1
344,365,2007,1
344,365,2008,1
344,365,2009,1
344,365,2010,1
344,367,2004,1
344,367,2005,1
344,367,2006,1
344,367,2007,1
344,367,2008,1
344,367,2009,1
344,367,2010,1
344,369,1996,1
344,369,1997,1
344,369,1998,1
344,369,1999,1
344,369,2000,1
344,369,2001,1
344,369,2002,1
344,369,2003,1
344,369,2004,1
344,369,2005,1
344,369,2006,1
344,369,2007,1
344,369,2008,1
344,369,2009,1
344,369,2010,1
344,380,2007,1
344,380,2008,1
344,380,2009,1
344,380,2010,1
344,390,2003,1
344,390,2004,1
344,390,2005,1
344,390,2006,1
344,390,2007,1
344,390,2008,1
344,390,2009,1
344,640,1996,1
344,640,1997,1
344,640,1998,1
344,640,1999,1
344,640,2000,1
344,640,2001,1
344,640,2002,1
344,640,2003,1
344,640,2004,1
344,640,2005,1
344,640,2006,1
344,640,2007,1
344,640,2008,1
344,640,2009,1
344,640,2010,1
344,666,1997,1
344,666,1998,1
344,666,1999,1
344,666,2000,1
344,666,2001,1
344,666,2002,1
344,666,2003,1
344,666,2004,1
344,666,2005,1
344,710,1998,1
344,710,1999,1
344,710,2000,1
344,710,2001,1
344,710,2002,1
344,710,2003,1
344,710,2004,1
345,140,2010,1
345,200,2002,1
345,200,2003,1
345,200,2004,1
345,200,2005,1
345,200,2006,1
345,200,2007,1
345,200,2008,1
345,200,2009,1
345,200,2010,1
345,211,2003,1
345,211,2004,1
345,211,2005,1
345,211,2006,1
345,211,2007,1
345,211,2008,1
345,211,2009,1
345,211,2010,1
345,230,2009,1
345,230,2010,1
345,235,2009,1
345,235,2010,1
345,255,2006,1
345,255,2007,1
345,255,2008,1
345,255,2009,1
345,255,2010,1
345,305,2006,1
345,305,2007,1
345,305,2008,1
345,305,2009,1
345,305,2010,1
345,310,2010,1
345,316,2005,1
345,316,2006,1
345,316,2007,1
345,316,2008,1
345,316,2009,1
345,316,2010,1
345,317,2005,1
345,317,2006,1
345,317,2007,1
345,317,2008,1
345,317,2009,1
345,317,2010,1
345,325,2003,1
345,325,2004,1
345,325,2005,1
345,325,2006,1
345,325,2007,1
345,325,2008,1
345,325,2009,1
345,325,2010,1
345,341,2007,1
345,341,2008,1
345,341,2009,1
345,341,2010,1
345,343,2004,1
345,343,2005,1
345,343,2006,1
345,343,2007,1
345,343,2008,1
345,343,2009,1
345,343,2010,1
345,344,2010,1
345,346,2005,1
345,346,2006,1
345,346,2007,1
345,346,2008,1
345,346,2009,1
345,346,2010,1
345,349,2009,1
345,349,2010,1
345,350,2006,1
345,350,2007,1
345,350,2008,1
345,350,2009,1
345,350,2010,1
345,352,2010,1
345,355,1996,1
345,355,1997,1
345,355,1998,1
345,355,1999,1
345,355,2000,1
345,355,2001,1
345,355,2002,1
345,355,2007,1
345,355,2008,1
345,355,2009,1
345,355,2010,1
345,360,1997,1
345,360,1998,1
345,360,1999,1
345,360,2000,1
345,360,2001,1
345,360,2002,1
345,360,2003,1
345,360,2004,1
345,360,2005,1
345,360,2006,1
345,360,2007,1
345,360,2008,1
345,360,2009,1
345,360,2010,1
345,369,2003,1
345,369,2004,1
345,369,2005,1
345,369,2006,1
345,369,2007,1
345,369,2008,1
345,369,2009,1
345,369,2010,1
345,385,2006,1
345,385,2007,1
345,385,2008,1
345,385,2009,1
345,385,2010,1
345,565,2010,1
345,640,2004,1
345,640,2005,1
345,640,2006,1
345,640,2007,1
345,640,2008,1
345,640,2009,1
345,640,2010,1
345,710,2008,1
345,710,2009,1
345,710,2010,1
346,230,2006,1
346,230,2007,1
346,230,2008,1
346,230,2009,1
346,230,2010,1
346,341,2007,1
346,341,2008,1
346,341,2009,1
346,341,2010,1
346,343,2006,1
346,343,2007,1
346,343,2008,1
346,343,2009,1
346,343,2010,1
346,344,2006,1
346,344,2007,1
346,344,2008,1
346,344,2009,1
346,344,2010,1
346,345,2005,1
346,345,2006,1
346,345,2007,1
346,345,2008,1
346,345,2009,1
346,345,2010,1
346,349,2006,1
346,349,2007,1
346,349,2008,1
346,349,2009,1
346,349,2010,1
346,350,2001,1
346,350,2002,1
346,350,2003,1
346,350,2004,1
346,350,2005,1
346,350,2006,1
346,350,2007,1
346,350,2008,1
346,350,2009,1
346,350,2010,1
346,355,2007,1
346,355,2008,1
346,355,2009,1
346,355,2010,1
346,360,2006,1
346,360,2007,1
346,360,2008,1
346,360,2009,1
346,360,2010,1
346,369,2007,1
346,369,2008,1
346,369,2009,1
346,369,2010,1
346,640,1996,1
346,640,1997,1
346,640,1998,1
346,640,1999,1
346,640,2000,1
346,640,2001,1
346,640,2002,1
346,640,2003,1
346,640,2004,1
346,640,2005,1
346,640,2006,1
346,640,2007,1
346,640,2008,1
346,640,2009,1
346,640,2010,1
346,770,1996,1
346,770,1997,1
346,770,1998,1
346,770,1999,1
346,770,2000,1
346,770,2001,1
346,770,2002,1
346,770,2007,1
346,770,2008,1
346,770,2009,1
346,770,2010,1
346,820,2004,1
346,820,2005,1
346,820,2006,1
346,820,2007,1
346,820,2008,1
346,820,2009,1
346,820,2010,1
349,200,1995,1
349,200,1996,1
349,200,1997,1
349,200,1998,1
349,200,1999,1
349,200,2000,1
349,200,2001,1
349,200,2002,1
349,200,2003,1
349,200,2004,1
349,200,2005,1
349,200,2006,1
349,200,2007,1
349,200,2008,1
349,200,2009,1
349,200,2010,1
349,210,1999,1
349,210,2000,1
349,210,2001,1
349,210,2002,1
349,210,2003,1
349,210,2004,1
349,210,2005,1
349,211,2001,1
349,211,2002,1
349,211,2003,1
349,211,2004,1
349,211,2005,1
349,211,2006,1
349,211,2007,1
349,211,2008,1
349,211,2009,1
349,211,2010,1
349,220,2002,1
349,220,2003,1
349,220,2004,1
349,220,2005,1
349,220,2006,1
349,220,2007,1
349,220,2008,1
349,220,2009,1
349,220,2010,1
349,230,1997,1
349,230,1998,1
349,230,1999,1
349,230,2000,1
349,230,2001,1
349,230,2002,1
349,230,2003,1
349,235,1998,1
349,235,1999,1
349,235,2000,1
349,235,2001,1
349,235,2002,1
349,235,2003,1
349,235,2004,1
349,235,2005,1
349,235,2006,1
349,235,2007,1
349,235,2008,1
349,235,2009,1
349,235,2010,1
349,255,1996,1
349,255,1997,1
349,255,1998,1
349,255,1999,1
349,255,2000,1
349,255,2001,1
349,255,2002,1
349,255,2003,1
349,255,2004,1
349,255,2005,1
349,255,2006,1
349,255,2007,1
349,255,2008,1
349,255,2009,1
349,255,2010,1
349,290,1998,1
349,290,1999,1
349,290,2000,1
349,290,2001,1
349,290,2002,1
349,290,2003,1
349,290,2004,1
349,290,2005,1
349,290,2006,1
349,290,2007,1
349,290,2008,1
349,290,2009,1
349,290,2010,1
349,305,1993,1
349,305,1994,1
349,305,1995,1
349,305,1996,1
349,305,1997,1
349,305,1998,1
349,305,1999,1
349,305,2000,1
349,305,2001,1
349,305,2002,1
349,305,2003,1
349,305,2004,1
349,305,2005,1
349,305,2006,1
349,305,2007,1
349,305,2008,1
349,305,2009,1
349,305,2010,1
349,310,1998,1
349,310,1999,1
349,310,2000,1
349,310,2001,1
349,310,2002,1
349,310,2003,1
349,310,2004,1
349,310,2005,1
349,310,2006,1
349,310,2007,1
349,310,2008,1
349,310,2009,1
349,310,2010,1
349,316,1993,1
349,316,1994,1
349,316,1995,1
349,316,1996,1
349,316,1997,1
349,316,1998,1
349,316,1999,1
349,316,2000,1
349,316,2001,1
349,316,2002,1
349,316,2003,1
349,316,2004,1
349,316,2005,1
349,316,2006,1
349,316,2007,1
349,316,2008,1
349,316,2009,1
349,316,2010,1
349,317,1997,1
349,317,1998,1
349,317,1999,1
349,317,2000,1
349,317,2001,1
349,317,2002,1
349,317,2003,1
349,317,2004,1
349,317,2005,1
349,317,2006,1
349,317,2007,1
349,317,2008,1
349,317,2009,1
349,317,2010,1
349,325,1996,1
349,325,1997,1
349,325,1998,1
349,325,1999,1
349,325,2000,1
349,325,2001,1
349,325,2002,1
349,325,2003,1
349,325,2004,1
349,325,2005,1
349,325,2006,1
349,325,2007,1
349,325,2008,1
349,325,2009,1
349,325,2010,1
349,339,1994,1
349,339,1995,1
349,339,1996,1
349,339,1997,1
349,339,1998,1
349,339,1999,1
349,339,2000,1
349,339,2001,1
349,339,2002,1
349,339,2003,1
349,339,2004,1
349,339,2005,1
349,339,2006,1
349,339,2007,1
349,339,2008,1
349,339,2009,1
349,339,2010,1
349,341,2007,1
349,341,2008,1
349,341,2009,1
349,341,2010,1
349,343,1994,1
349,343,1995,1
349,343,1996,1
349,343,1997,1
349,343,1998,1
349,343,1999,1
349,343,2000,1
349,343,2001,1
349,343,2002,1
349,343,2003,1
349,343,2004,1
349,343,2005,1
349,343,2006,1
349,343,2007,1
349,343,2008,1
349,343,2009,1
349,343,2010,1
349,344,2003,1
349,344,2004,1
349,344,2005,1
349,344,2006,1
349,344,2007,1
349,344,2008,1
349,344,2009,1
349,344,2010,1
349,345,2009,1
349,345,2010,1
349,346,2006,1
349,346,2007,1
349,346,2008,1
349,346,2009,1
349,346,2010,1
349,350,1999,1
349,350,2000,1
349,350,2001,1
349,350,2002,1
349,350,2003,1
349,350,2004,1
349,350,2005,1
349,350,2006,1
349,350,2007,1
349,350,2008,1
349,350,2009,1
349,350,2010,1
349,355,1999,1
349,355,2000,1
349,355,2001,1
349,355,2002,1
349,355,2003,1
349,355,2004,1
349,355,2005,1
349,355,2006,1
349,355,2007,1
349,355,2008,1
349,355,2009,1
349,355,2010,1
349,360,2006,1
349,360,2007,1
349,360,2008,1
349,360,2009,1
349,360,2010,1
349,365,2006,1
349,365,2007,1
349,365,2008,1
349,365,2009,1
349,365,2010,1
349,366,1999,1
349,366,2000,1
349,366,2001,1
349,366,2002,1
349,366,2003,1
349,366,2004,1
349,366,2005,1
349,366,2006,1
349,366,2007,1
349,366,2008,1
349,366,2009,1
349,366,2010,1
349,367,2002,1
349,367,2003,1
349,367,2004,1
349,367,2005,1
349,367,2006,1
349,367,2007,1
349,367,2008,1
349,367,2009,1
349,367,2010,1
349,368,2005,1
349,368,2006,1
349,368,2007,1
349,368,2008,1
349,368,2009,1
349,368,2010,1
349,369,2007,1
349,369,2008,1
349,369,2009,1
349,369,2010,1
349,385,2002,1
349,385,2003,1
349,385,2004,1
349,385,2005,1
349,385,2006,1
349,385,2007,1
349,385,2008,1
349,385,2009,1
349,385,2010,1
349,390,1998,1
349,390,1999,1
349,390,2000,1
349,390,2001,1
349,390,2002,1
349,390,2003,1
349,390,2004,1
349,640,2001,1
349,640,2002,1
349,640,2003,1
349,640,2004,1
349,640,2005,1
349,640,2006,1
349,640,2007,1
349,640,2008,1
349,640,2009,1
349,640,2010,1
349,666,1998,1
349,666,1999,1
349,666,2000,1
349,666,2001,1
349,666,2002,1
349,666,2003,1
349,666,2004,1
349,666,2005,1
349,666,2006,1
349,666,2007,1
349,666,2008,1
349,666,2009,1
349,666,2010,1
349,710,2007,1
349,710,2008,1
349,710,2009,1
349,710,2010,1
350,2,1986,1
350,2,1987,1
350,2,1988,1
350,2,1989,1
350,2,1990,1
350,2,1991,1
350,2,1992,1
350,2,1993,1
350,2,1994,1
350,2,1995,1
350,2,1996,1
350,2,1997,1
350,2,1998,1
350,2,1999,1
350,2,2000,1
350,2,2001,1
350,2,2002,1
350,2,2003,1
350,2,2004,1
350,2,2005,1
350,2,2006,1
350,2,2007,1
350,2,2008,1
350,2,2009,1
350,2,2010,1
350,200,1983,1
350,200,1984,1
350,200,1985,1
350,200,1986,1
350,200,1987,1
350,200,1988,1
350,200,1989,1
350,220,1992,1
350,220,1993,1
350,220,1994,1
350,220,1995,1
350,220,1996,1
350,220,1997,1
350,220,1998,1
350,220,2008,1
350,220,2009,1
350,220,2010,1
350,230,1985,1
350,230,1986,1
350,230,1987,1
350,230,1988,1
350,230,1989,1
350,230,1990,1
350,230,1991,1
350,230,1992,1
350,230,1993,1
350,230,1994,1
350,230,1995,1
350,230,1996,1
350,230,1997,1
350,230,1998,1
350,230,1999,1
350,230,2000,1
350,230,2001,1
350,230,2002,1
350,230,2003,1
350,230,2004,1
350,230,2005,1
350,230,2006,1
350,230,2007,1
350,230,2008,1
350,230,2009,1
350,230,2010,1
350,290,2004,1
350,290,2005,1
350,290,2006,1
350,290,2007,1
350,290,2008,1
350,290,2009,1
350,290,2010,1
350,310,2003,1
350,310,2004,1
350,310,2005,1
350,310,2006,1
350,310,2007,1
350,310,2008,1
350,310,2009,1
350,316,2001,1
350,316,2002,1
350,316,2003,1
350,316,2004,1
350,316,2005,1
350,316,2006,1
350,316,2007,1
350,316,2008,1
350,316,2009,1
350,316,2010,1
350,317,1998,1
350,317,1999,1
350,317,2000,1
350,317,2001,1
350,317,2002,1
350,317,2003,1
350,317,2004,1
350,339,1992,1
350,339,1993,1
350,339,1994,1
350,339,1995,1
350,339,1996,1
350,339,1997,1
350,339,1998,1
350,339,2003,1
350,339,2004,1
350,339,2005,1
350,339,2006,1
350,339,2007,1
350,339,2008,1
350,339,2009,1
350,341,2007,1
350,341,2008,1
350,341,2009,1
350,341,2010,1
350,343,2000,1
350,343,2001,1
350,343,2002,1
350,343,2003,1
350,343,2004,1
350,343,2005,1
350,343,2006,1
350,344,2000,1
350,344,2001,1
350,344,2002,1
350,344,2003,1
350,344,2004,1
350,344,2005,1
350,344,2006,1
350,345,2006,1
350,345,2007,1
350,345,2008,1
350,345,2009,1
350,345,2010,1
350,346,2001,1
350,346,2002,1
350,346,2003,1
350,346,2004,1
350,346,2005,1
350,346,2006,1
350,346,2007,1
350,346,2008,1
350,346,2009,1
350,346,2010,1
350,349,1999,1
350,349,2000,1
350,349,2001,1
350,349,2002,1
350,349,2003,1
350,349,2004,1
350,349,2005,1
350,349,2006,1
350,349,2007,1
350,349,2008,1
350,349,2009,1
350,349,2010,1
350,355,1991,1
350,355,1992,1
350,355,1993,1
350,355,1994,1
350,355,1995,1
350,355,1996,1
350,355,1997,1
350,355,1998,1
350,355,1999,1
350,355,2000,1
350,355,2001,1
350,355,2002,1
350,355,2003,1
350,355,2004,1
350,355,2005,1
350,355,2006,1
350,355,2007,1
350,355,2008,1
350,355,2009,1
350,359,2003,1
350,359,2004,1
350,359,2005,1
350,359,2006,1
350,359,2007,1
350,359,2008,1
350,359,2009,1
350,360,1997,1
350,360,1998,1
350,360,1999,1
350,360,2000,1
350,360,2001,1
350,360,2002,1
350,360,2003,1
350,360,2004,1
350,360,2005,1
350,360,2006,1
350,360,2007,1
350,360,2008,1
350,360,2009,1
350,360,2010,1
350,365,1995,1
350,365,1996,1
350,365,1997,1
350,365,1998,1
350,365,1999,1
350,365,2000,1
350,365,2001,1
350,365,2002,1
350,365,2003,1
350,365,2004,1
350,365,2005,1
350,365,2006,1
350,365,2007,1
350,365,2008,1
350,365,2009,1
350,365,2010,1
350,367,2002,1
350,367,2003,1
350,367,2004,1
350,367,2005,1
350,367,2006,1
350,367,2007,1
350,367,2008,1
350,367,2009,1
350,367,2010,1
350,369,1997,1
350,369,1998,1
350,369,1999,1
350,369,2000,1
350,369,2001,1
350,369,2002,1
350,369,2003,1
350,369,2004,1
350,369,2005,1
350,369,2006,1
350,369,2007,1
350,369,2008,1
350,369,2009,1
350,369,2010,1
350,371,1996,1
350,371,1997,1
350,371,1998,1
350,371,1999,1
350,371,2000,1
350,371,2001,1
350,371,2002,1
350,371,2003,1
350,371,2004,1
350,371,2005,1
350,372,1997,1
350,372,1998,1
350,372,1999,1
350,372,2000,1
350,372,2001,1
350,372,2002,1
350,372,2003,1
350,375,2001,1
350,375,2002,1
350,375,2003,1
350,375,2004,1
350,375,2005,1
350,375,2006,1
350,375,2007,1
350,616,1998,1
350,616,1999,1
350,616,2000,1
350,616,2001,1
350,616,2002,1
350,616,2003,1
350,616,2004,1
350,616,2005,1
350,616,2006,1
350,616,2007,1
350,616,2008,1
350,616,2009,1
350,616,2010,1
350,900,1995,1
350,900,1996,1
350,900,1997,1
350,900,1998,1
350,900,1999,1
350,900,2000,1
350,900,2001,1
352,220,2007,1
352,220,2008,1
352,220,2009,1
352,220,2010,1
352,345,2010,1
352,365,1996,1
352,365,1997,1
352,365,1998,1
352,365,1999,1
352,365,2000,1
352,365,2001,1
352,365,2002,1
352,365,2003,1
352,365,2004,1
352,365,2005,1
352,365,2006,1
352,365,2007,1
352,365,2008,1
352,365,2009,1
352,365,2010,1
352,371,2002,1
352,371,2003,1
352,371,2004,1
352,371,2005,1
352,371,2006,1
352,371,2007,1
352,371,2008,1
352,371,2009,1
352,371,2010,1
352,560,1999,1
352,560,2000,1
352,560,2001,1
352,560,2002,1
352,560,2003,1
352,560,2004,1
352,560,2005,1
352,560,2006,1
352,560,2007,1
352,560,2008,1
352,560,2009,1
352,560,2010,1
355,20,1999,1
355,20,2000,1
355,20,2001,1
355,20,2002,1
355,20,2003,1
355,20,2004,1
355,20,2005,1
355,210,1996,1
355,210,1997,1
355,210,1998,1
355,210,1999,1
355,210,2000,1
355,210,2001,1
355,210,2002,1
355,210,2003,1
355,210,2004,1
355,210,2005,1
355,210,2006,1
355,220,1992,1
355,220,1993,1
355,220,1994,1
355,220,1995,1
355,220,1996,1
355,220,1997,1
355,220,1998,1
355,230,1995,1
355,230,1996,1
355,230,1997,1
355,230,1998,1
355,230,1999,1
355,230,2000,1
355,230,2001,1
355,230,2005,1
355,230,2006,1
355,230,2007,1
355,230,2008,1
355,230,2009,1
355,230,2010,1
355,235,1995,1
355,235,1996,1
355,235,1997,1
355,235,1998,1
355,235,1999,1
355,235,2000,1
355,235,2001,1
355,255,1994,1
355,255,1995,1
355,255,1996,1
355,255,1997,1
355,255,1998,1
355,255,1999,1
355,255,2000,1
355,255,2001,1
355,255,2002,1
355,255,2003,1
355,255,2004,1
355,255,2005,1
355,290,1994,1
355,290,1995,1
355,290,1996,1
355,290,1997,1
355,290,1998,1
355,290,1999,1
355,290,2000,1
355,305,1993,1
355,305,1994,1
355,305,1995,1
355,305,1996,1
355,305,1997,1
355,305,1998,1
355,305,1999,1
355,310,1991,1
355,310,1992,1
355,310,1993,1
355,310,1994,1
355,310,1995,1
355,310,1996,1
355,310,1997,1
355,316,1995,1
355,316,1996,1
355,316,1997,1
355,316,1998,1
355,316,1999,1
355,316,2000,1
355,316,2001,1
355,316,2002,1
355,316,2003,1
355,316,2004,1
355,316,2005,1
355,316,2006,1
355,316,2007,1
355,316,2008,1
355,316,2009,1
355,316,2010,1
355,317,1995,1
355,317,1996,1
355,317,1997,1
355,317,1998,1
355,317,1999,1
355,317,2000,1
355,317,2001,1
355,325,1995,1
355,325,1996,1
355,325,1997,1
355,325,1998,1
355,325,1999,1
355,325,2000,1
355,325,2001,1
355,325,2002,1
355,325,2003,1
355,325,2004,1
355,325,2005,1
355,325,2006,1
355,325,2007,1
355,325,2008,1
355,325,2009,1
355,325,2010,1
355,339,1993,1
355,339,1994,1
355,339,1995,1
355,339,1996,1
355,339,1997,1
355,339,1998,1
355,339,1999,1
355,339,2000,1
355,339,2001,1
355,339,2002,1
355,339,2003,1
355,339,2004,1
355,339,2005,1
355,339,2006,1
355,339,2007,1
355,339,2008,1
355,339,2009,1
355,339,2010,1
355,341,2009,1
355,341,2010,1
355,343,1999,1
355,343,2000,1
355,343,2001,1
355,343,2002,1
355,343,2003,1
355,343,2004,1
355,343,2005,1
355,343,2006,1
355,344,1996,1
355,344,1997,1
355,344,1998,1
355,344,1999,1
355,344,2000,1
355,344,2001,1
355,344,2002,1
355,344,2007,1
355,344,2008,1
355,344,2009,1
355,344,2010,1
355,345,1996,1
355,345,1997,1
355,345,1998,1
355,345,1999,1
355,345,2000,1
355,345,2001,1
355,345,2002,1
355,345,2007,1
355,345,2008,1
355,345,2009,1
355,345,2010,1
355,346,2007,1
355,346,2008,1
355,346,2009,1
355,346,2010,1
355,349,1999,1
355,349,2000,1
355,349,2001,1
355,349,2002,1
355,349,2003,1
355,349,2004,1
355,349,2005,1
355,349,2006,1
355,349,2007,1
355,349,2008,1
355,349,2009,1
355,349,2010,1
355,350,1991,1
355,350,1992,1
355,350,1993,1
355,350,1994,1
355,350,1995,1
355,350,1996,1
355,350,1997,1
355,350,1998,1
355,350,1999,1
355,350,2000,1
355,350,2001,1
355,350,2002,1
355,350,2003,1
355,350,2004,1
355,350,2005,1
355,350,2006,1
355,350,2007,1
355,350,2008,1
355,350,2009,1
355,359,1995,1
355,359,1996,1
355,359,1997,1
355,359,1998,1
355,359,1999,1
355,359,2000,1
355,359,2001,1
355,360,1994,1
355,360,1995,1
355,360,1996,1
355,360,1997,1
355,360,1998,1
355,360,1999,1
355,360,2000,1
355,365,1992,1
355,365,1993,1
355,365,1994,1
355,365,1995,1
355,365,1996,1
355,365,1997,1
355,365,1998,1
355,365,2002,1
355,365,2003,1
355,365,2004,1
355,365,2005,1
355,365,2006,1
355,365,2007,1
355,365,2008,1
355,365,2009,1
355,365,2010,1
355,366,2000,1
355,366,2001,1
355,366,2002,1
355,366,2003,1
355,366,2004,1
355,366,2005,1
355,366,2006,1
355,368,2000,1
355,368,2001,1
355,368,2002,1
355,368,2003,1
355,368,2004,1
355,368,2005,1
355,368,2006,1
355,369,1992,1
355,369,1993,1
355,369,1994,1
355,369,1995,1
355,369,1996,1
355,369,1997,1
355,369,1998,1
355,369,1999,1
355,369,2000,1
355,369,2001,1
355,369,2002,1
355,369,2005,1
355,369,2006,1
355,369,2007,1
355,369,2008,1
355,369,2009,1
355,369,2010,1
355,370,1995,1
355,370,1996,1
355,370,1997,1
355,370,1998,1
355,370,1999,1
355,370,2000,1
355,370,2001,1
355,371,1996,1
355,371,1997,1
355,371,1998,1
355,371,1999,1
355,371,2000,1
355,371,2001,1
355,371,2002,1
355,372,1998,1
355,372,1999,1
355,372,2000,1
355,372,2001,1
355,372,2002,1
355,372,2003,1
355,372,2004,1
355,372,2005,1
355,372,2006,1
355,372,2007,1
355,372,2008,1
355,372,2009,1
355,372,2010,1
355,373,2002,1
355,373,2003,1
355,373,2004,1
355,373,2005,1
355,373,2006,1
355,373,2007,1
355,373,2008,1
355,375,2003,1
355,375,2004,1
355,375,2005,1
355,375,2006,1
355,375,2007,1
355,375,2008,1
355,375,2009,1
355,380,2006,1
355,380,2007,1
355,380,2008,1
355,380,2009,1
355,380,2010,1
355,385,1998,1
355,385,1999,1
355,385,2000,1
355,385,2001,1
355,385,2002,1
355,385,2003,1
355,385,2004,1
355,390,1998,1
355,390,1999,1
355,390,2000,1
355,390,2001,1
355,390,2002,1
355,390,2003,1
355,390,2004,1
355,560,1997,1
355,560,1998,1
355,560,1999,1
355,560,2000,1
355,560,2001,1
355,560,2002,1
355,560,2003,1
355,560,2004,1
355,560,2005,1
355,560,2006,1
355,560,2007,1
355,560,2008,1
355,560,2009,1
355,560,2010,1
355,640,1992,1
355,640,1993,1
355,640,1994,1
355,640,1995,1
355,640,1996,1
355,640,1997,1
355,640,1998,1
355,640,1999,1
355,640,2000,1
355,640,2001,1
355,640,2002,1
355,640,2003,1
355,640,2004,1
355,640,2005,1
355,640,2006,1
355,640,2007,1
355,640,2008,1
355,640,2009,1
355,640,2010,1
355,651,2008,1
355,651,2009,1
355,651,2010,1
355,663,2010,1
355,666,2000,1
355,666,2001,1
355,666,2002,1
355,666,2003,1
355,666,2004,1
355,666,2005,1
355,666,2006,1
355,705,1998,1
355,705,1999,1
355,705,2000,1
355,705,2001,1
355,705,2002,1
355,705,2003,1
355,705,2004,1
355,710,2007,1
355,710,2008,1
355,710,2009,1
355,710,2010,1
355,712,2006,1
355,712,2007,1
355,712,2008,1
355,712,2009,1
355,712,2010,1
355,750,1993,1
355,750,1994,1
355,750,1995,1
355,750,1996,1
355,750,1997,1
355,750,1998,1
355,750,1999,1
355,750,2000,1
355,750,2001,1
355,750,2002,1
355,750,2003,1
355,750,2004,1
355,750,2005,1
355,750,2006,1
355,816,1996,1
355,816,1997,1
355,816,1998,1
355,816,1999,1
355,816,2000,1
355,816,2001,1
355,816,2002,1
355,816,2003,1
355,816,2004,1
355,816,2005,1
355,816,2006,1
355,816,2007,1
355,816,2008,1
355,816,2009,1
355,816,2010,1
359,2,1995,1
359,2,1996,1
359,2,1997,1
359,2,1998,1
359,2,1999,1
359,2,2000,1
359,2,2001,1
359,2,2002,1
359,2,2003,1
359,2,2004,1
359,2,2005,1
359,2,2006,1
359,2,2007,1
359,2,2008,1
359,2,2009,1
359,2,2010,1
359,200,2006,1
359,200,2007,1
359,200,2008,1
359,200,2009,1
359,200,2010,1
359,255,2003,1
359,255,2004,1
359,255,2005,1
359,255,2006,1
359,255,2007,1
359,255,2008,1
359,255,2009,1
359,290,1998,1
359,290,1999,1
359,290,2000,1
359,290,2001,1
359,290,2002,1
359,290,2003,1
359,290,2004,1
359,290,2005,1
359,290,2006,1
359,290,2007,1
359,290,2008,1
359,290,2009,1
359,290,2010,1
359,310,1997,1
359,310,1998,1
359,310,1999,1
359,310,2000,1
359,310,2001,1
359,310,2002,1
359,310,2003,1
359,317,2005,1
359,317,2006,1
359,317,2007,1
359,317,2008,1
359,317,2009,1
359,317,2010,1
359,325,2006,1
359,325,2007,1
359,325,2008,1
359,325,2009,1
359,325,2010,1
359,350,2003,1
359,350,2004,1
359,350,2005,1
359,350,2006,1
359,350,2007,1
359,350,2008,1
359,350,2009,1
359,355,1995,1
359,355,1996,1
359,355,1997,1
359,355,1998,1
359,355,1999,1
359,355,2000,1
359,355,2001,1
359,360,1992,1
359,360,1993,1
359,360,1994,1
359,360,1995,1
359,360,1996,1
359,360,1997,1
359,360,1998,1
359,360,1999,1
359,360,2000,1
359,360,2001,1
359,360,2002,1
359,360,2003,1
359,360,2004,1
359,360,2005,1
359,360,2006,1
359,360,2007,1
359,360,2008,1
359,360,2009,1
359,360,2010,1
359,365,1994,1
359,365,1995,1
359,365,1996,1
359,365,1997,1
359,365,1998,1
359,365,1999,1
359,365,2000,1
359,365,2001,1
359,365,2002,1
359,365,2003,1
359,365,2004,1
359,365,2005,1
359,365,2006,1
359,365,2007,1
359,365,2008,1
359,365,2009,1
359,365,2010,1
359,367,2006,1
359,367,2007,1
359,367,2008,1
359,367,2009,1
359,367,2010,1
359,368,2006,1
359,368,2007,1
359,368,2008,1
359,368,2009,1
359,368,2010,1
359,369,1993,1
359,369,1994,1
359,369,1995,1
359,369,1996,1
359,369,1997,1
359,369,1998,1
359,369,1999,1
359,369,2000,1
359,369,2001,1
359,369,2002,1
359,369,2003,1
359,369,2004,1
359,369,2005,1
359,369,2006,1
359,369,2007,1
359,369,2008,1
359,369,2009,1
359,369,2010,1
359,370,1995,1
359,370,1996,1
359,370,1997,1
359,370,1998,1
359,370,1999,1
359,370,2000,1
359,370,2001,1
359,370,2004,1
359,370,2005,1
359,370,2006,1
359,370,2007,1
359,370,2008,1
359,370,2009,1
359,370,2010,1
359,640,1998,1
359,640,1999,1
359,640,2000,1
359,640,2001,1
359,640,2002,1
359,640,2003,1
359,640,2004,1
359,640,2005,1
359,640,2006,1
359,640,2007,1
359,640,2008,1
359,640,2009,1
359,640,2010,1
360,20,1993,1
360,20,1994,1
360,20,1995,1
360,20,1996,1
360,20,1997,1
360,20,1998,1
360,20,1999,1
360,20,2000,1
360,20,2001,1
360,20,2002,1
360,20,2003,1
360,20,2004,1
360,20,2005,1
360,20,2006,1
360,20,2007,1
360,20,2008,1
360,20,2009,1
360,20,2010,1
360,220,1998,1
360,220,1999,1
360,220,2000,1
360,220,2001,1
360,220,2002,1
360,220,2003,1
360,220,2004,1
360,220,2005,1
360,220,2006,1
360,220,2007,1
360,220,2008,1
360,220,2009,1
360,220,2010,1
360,235,1995,1
360,235,1996,1
360,235,1997,1
360,235,1998,1
360,235,1999,1
360,235,2000,1
360,235,2001,1
360,235,2002,1
360,235,2003,1
360,235,2004,1
360,235,2005,1
360,235,2006,1
360,235,2007,1
360,235,2008,1
360,235,2009,1
360,235,2010,1
360,310,2003,1
360,310,2004,1
360,310,2005,1
360,310,2006,1
360,310,2007,1
360,310,2008,1
360,310,2009,1
360,310,2010,1
360,316,1995,1
360,316,1996,1
360,316,1997,1
360,316,1998,1
360,316,1999,1
360,316,2000,1
360,316,2001,1
360,317,1993,1
360,317,1994,1
360,317,1995,1
360,317,1996,1
360,317,1997,1
360,317,1998,1
360,317,1999,1
360,317,2000,1
360,317,2001,1
360,317,2002,1
360,317,2003,1
360,317,2004,1
360,317,2005,1
360,317,2006,1
360,317,2007,1
360,317,2008,1
360,317,2009,1
360,317,2010,1
360,339,1992,1
360,339,1993,1
360,339,1994,1
360,339,1995,1
360,339,1996,1
360,339,1997,1
360,339,1998,1
360,339,1999,1
360,339,2000,1
360,339,2001,1
360,339,2002,1
360,339,2003,1
360,339,2004,1
360,339,2005,1
360,339,2006,1
360,339,2007,1
360,339,2008,1
360,339,2009,1
360,339,2010,1
360,341,2008,1
360,341,2009,1
360,341,2010,1
360,345,1997,1
360,345,1998,1
360,345,1999,1
360,345,2000,1
360,345,2001,1
360,345,2002,1
360,345,2003,1
360,345,2004,1
360,345,2005,1
360,345,2006,1
360,345,2007,1
360,345,2008,1
360,345,2009,1
360,345,2010,1
360,346,2006,1
360,346,2007,1
360,346,2008,1
360,346,2009,1
360,346,2010,1
360,349,2006,1
360,349,2007,1
360,349,2008,1
360,349,2009,1
360,349,2010,1
360,350,1997,1
360,350,1998,1
360,350,1999,1
360,350,2000,1
360,350,2001,1
360,350,2002,1
360,350,2003,1
360,350,2004,1
360,350,2005,1
360,350,2006,1
360,350,2007,1
360,350,2008,1
360,350,2009,1
360,350,2010,1
360,355,1994,1
360,355,1995,1
360,355,1996,1
360,355,1997,1
360,355,1998,1
360,355,1999,1
360,355,2000,1
360,359,1992,1
360,359,1993,1
360,359,1994,1
360,359,1995,1
360,359,1996,1
360,359,1997,1
360,359,1998,1
360,359,1999,1
360,359,2000,1
360,359,2001,1
360,359,2002,1
360,359,2003,1
360,359,2004,1
360,359,2005,1
360,359,2006,1
360,359,2007,1
360,359,2008,1
360,359,2009,1
360,359,2010,1
360,367,2001,1
360,367,2002,1
360,367,2003,1
360,367,2004,1
360,367,2005,1
360,367,2006,1
360,367,2007,1
360,368,1998,1
360,368,1999,1
360,368,2000,1
360,368,2001,1
360,368,2002,1
360,368,2003,1
360,368,2004,1
360,368,2005,1
360,368,2006,1
360,368,2007,1
360,368,2008,1
360,368,2009,1
360,368,2010,1
360,369,1994,1
360,369,1995,1
360,369,1996,1
360,369,1997,1
360,369,1998,1
360,369,1999,1
360,369,2000,1
360,369,2001,1
360,369,2002,1
360,369,2003,1
360,369,2004,1
360,369,2005,1
360,369,2006,1
360,369,2007,1
360,369,2008,1
360,369,2009,1
360,369,2010,1
360,371,1999,1
360,371,2000,1
360,371,2001,1
360,371,2002,1
360,371,2003,1
360,371,2004,1
360,371,2005,1
360,372,1998,1
360,372,1999,1
360,372,2000,1
360,372,2001,1
360,372,2002,1
360,372,2003,1
360,372,2004,1
360,372,2005,1
360,372,2006,1
360,372,2007,1
360,372,2008,1
360,372,2009,1
360,372,2010,1
360,373,2006,1
360,373,2007,1
360,373,2008,1
360,373,2009,1
360,373,2010,1
360,433,2006,1
360,433,2007,1
360,433,2008,1
360,433,2009,1
360,433,2010,1
360,475,2010,1
360,560,2003,1
360,560,2004,1
360,560,2005,1
360,560,2006,1
360,560,2007,1
360,560,2008,1
360,560,2009,1
360,560,2010,1
360,640,1992,1
360,640,1993,1
360,640,1994,1
360,640,1995,1
360,640,1996,1
360,640,1997,1
360,640,1998,1
360,640,1999,1
360,640,2000,1
360,640,2001,1
360,640,2002,1
360,640,2003,1
360,640,2004,1
360,640,2005,1
360,640,2006,1
360,640,2007,1
360,640,2008,1
360,640,2009,1
360,640,2010,1
360,651,2001,1
360,651,2002,1
360,651,2003,1
360,651,2004,1
360,651,2005,1
360,651,2006,1
360,651,2007,1
360,663,2004,1
360,663,2005,1
360,663,2006,1
360,663,2007,1
360,663,2008,1
360,663,2009,1
360,663,2010,1
365,40,1997,1
365,40,1998,1
365,40,1999,1
365,40,2000,1
365,40,2001,1
365,40,2002,1
365,40,2003,1
365,101,2001,1
365,101,2002,1
365,101,2003,1
365,101,2004,1
365,101,2005,1
365,101,2006,1
365,101,2007,1
365,101,2008,1
365,101,2009,1
365,101,2010,1
365,135,1996,1
365,135,1997,1
365,135,1998,1
365,135,1999,1
365,135,2000,1
365,135,2001,1
365,135,2002,1
365,135,2003,1
365,135,2004,1
365,135,2005,1
365,135,2006,1
365,135,2007,1
365,135,2008,1
365,135,2009,1
365,135,2010,1
365,140,2002,1
365,140,2003,1
365,140,2004,1
365,140,2005,1
365,140,2006,1
365,140,2007,1
365,140,2008,1
365,140,2009,1
365,140,2010,1
365,155,2004,1
365,155,2005,1
365,155,2006,1
365,155,2007,1
365,155,2008,1
365,155,2009,1
365,155,2010,1
365,160,2004,1
365,160,2005,1
365,160,2006,1
365,160,2007,1
365,160,2008,1
365,160,2009,1
365,160,2010,1
365,165,2002,1
365,165,2003,1
365,165,2004,1
365,165,2005,1
365,165,2006,1
365,165,2007,1
365,165,2008,1
365,165,2009,1
365,165,2010,1
365,220,1994,1
365,220,1995,1
365,220,1996,1
365,220,1997,1
365,220,1998,1
365,220,1999,1
365,220,2000,1
365,220,2001,1
365,220,2002,1
365,220,2003,1
365,220,2004,1
365,220,2005,1
365,220,2006,1
365,220,2007,1
365,220,2008,1
365,220,2009,1
365,220,2010,1
365,235,2000,1
365,235,2001,1
365,235,2002,1
365,235,2003,1
365,235,2004,1
365,235,2005,1
365,235,2006,1
365,235,2007,1
365,235,2008,1
365,235,2009,1
365,235,2010,1
365,290,2003,1
365,290,2004,1
365,290,2005,1
365,290,2006,1
365,290,2007,1
365,290,2008,1
365,290,2009,1
365,290,2010,1
365,310,2002,1
365,310,2003,1
365,310,2004,1
365,310,2005,1
365,310,2006,1
365,310,2007,1
365,310,2008,1
365,310,2009,1
365,310,2010,1
365,316,2001,1
365,316,2002,1
365,316,2003,1
365,316,2004,1
365,316,2005,1
365,316,2006,1
365,316,2007,1
365,316,2008,1
365,316,2009,1
365,316,2010,1
365,317,1997,1
365,317,1998,1
365,317,1999,1
365,317,2000,1
365,317,2001,1
365,317,2002,1
365,317,2003,1
365,317,2004,1
365,317,2005,1
365,317,2006,1
365,317,2007,1
365,317,2008,1
365,317,2009,1
365,317,2010,1
365,325,1996,1
365,325,1997,1
365,325,1998,1
365,325,1999,1
365,325,2000,1
365,325,2001,1
365,325,2002,1
365,343,2003,1
365,343,2004,1
365,343,2005,1
365,343,2006,1
365,343,2007,1
365,343,2008,1
365,343,2009,1
365,343,2010,1
365,344,1998,1
365,344,1999,1
365,344,2000,1
365,344,2001,1
365,344,2002,1
365,344,2003,1
365,344,2004,1
365,344,2005,1
365,344,2006,1
365,344,2007,1
365,344,2008,1
365,344,2009,1
365,344,2010,1
365,349,2006,1
365,349,2007,1
365,349,2008,1
365,349,2009,1
365,349,2010,1
365,350,1995,1
365,350,1996,1
365,350,1997,1
365,350,1998,1
365,350,1999,1
365,350,2000,1
365,350,2001,1
365,350,2002,1
365,350,2003,1
365,350,2004,1
365,350,2005,1
365,350,2006,1
365,350,2007,1
365,350,2008,1
365,350,2009,1
365,350,2010,1
365,352,1996,1
365,352,1997,1
365,352,1998,1
365,352,1999,1
365,352,2000,1
365,352,2001,1
365,352,2002,1
365,352,2003,1
365,352,2004,1
365,352,2005,1
365,352,2006,1
365,352,2007,1
365,352,2008,1
365,352,2009,1
365,352,2010,1
365,355,1992,1
365,355,1993,1
365,355,1994,1
365,355,1995,1
365,355,1996,1
365,355,1997,1
365,355,1998,1
365,355,2002,1
365,355,2003,1
365,355,2004,1
365,355,2005,1
365,355,2006,1
365,355,2007,1
365,355,2008,1
365,355,2009,1
365,355,2010,1
365,359,1994,1
365,359,1995,1
365,359,1996,1
365,359,1997,1
365,359,1998,1
365,359,1999,1
365,359,2000,1
365,359,2001,1
365,359,2002,1
365,359,2003,1
365,359,2004,1
365,359,2005,1
365,359,2006,1
365,359,2007,1
365,359,2008,1
365,359,2009,1
365,359,2010,1
365,369,1993,1
365,369,1994,1
365,369,1995,1
365,369,1996,1
365,369,1997,1
365,369,1998,1
365,369,1999,1
365,369,2000,1
365,369,2001,1
365,369,2002,1
365,369,2003,1
365,369,2004,1
365,369,2005,1
365,369,2006,1
365,369,2007,1
365,369,2008,1
365,369,2009,1
365,369,2010,1
365,370,1993,1
365,370,1994,1
365,370,1995,1
365,370,1996,1
365,370,1997,1
365,370,1998,1
365,370,1999,1
365,370,2000,1
365,370,2001,1
365,370,2002,1
365,370,2003,1
365,370,2004,1
365,370,2005,1
365,370,2006,1
365,370,2007,1
365,370,2008,1
365,370,2009,1
365,370,2010,1
365,371,1994,1
365,371,1995,1
365,371,1996,1
365,371,1997,1
365,371,1998,1
365,371,1999,1
365,371,2000,1
365,371,2001,1
365,371,2002,1
365,371,2003,1
365,371,2004,1
365,371,2005,1
365,371,2006,1
365,371,2007,1
365,371,2008,1
365,371,2009,1
365,371,2010,1
365,372,1993,1
365,372,1994,1
365,372,1995,1
365,372,1996,1
365,372,1997,1
365,372,1998,1
365,372,1999,1
365,372,2000,1
365,372,2001,1
365,372,2002,1
365,372,2003,1
365,372,2004,1
365,372,2005,1
365,372,2006,1
365,372,2007,1
365,372,2008,1
365,372,2009,1
365,372,2010,1
365,373,1993,1
365,373,1994,1
365,373,1995,1
365,373,1996,1
365,373,1997,1
365,373,1998,1
365,373,1999,1
365,373,2000,1
365,373,2001,1
365,373,2002,1
365,373,2003,1
365,373,2004,1
365,373,2005,1
365,373,2006,1
365,373,2007,1
365,373,2008,1
365,373,2009,1
365,373,2010,1
365,390,1994,1
365,390,1995,1
365,390,1996,1
365,390,1997,1
365,390,1998,1
365,390,1999,1
365,390,2000,1
365,390,2001,1
365,390,2002,1
365,390,2003,1
365,390,2004,1
365,390,2005,1
365,390,2006,1
365,390,2007,1
365,390,2008,1
365,390,2009,1
365,390,2010,1
365,560,1995,1
365,560,1996,1
365,560,1997,1
365,560,1998,1
365,560,1999,1
365,560,2000,1
365,560,2001,1
365,560,2002,1
365,560,2003,1
365,560,2004,1
365,560,2005,1
365,560,2006,1
365,560,2007,1
365,560,2008,1
365,560,2009,1
365,560,2010,1
365,630,2001,1
365,630,2002,1
365,630,2003,1
365,630,2004,1
365,630,2005,1
365,630,2006,1
365,630,2007,1
365,640,1993,1
365,640,1994,1
365,640,1995,1
365,640,1996,1
365,640,1997,1
365,640,1998,1
365,640,1999,1
365,640,2000,1
365,640,2001,1
365,640,2002,1
365,640,2003,1
365,640,2004,1
365,640,2005,1
365,640,2006,1
365,640,2007,1
365,640,2008,1
365,640,2009,1
365,640,2010,1
365,663,2001,1
365,663,2002,1
365,663,2003,1
365,663,2004,1
365,663,2005,1
365,663,2006,1
365,663,2007,1
365,663,2008,1
365,663,2009,1
365,663,2010,1
365,666,2010,1
365,670,2008,1
365,670,2009,1
365,670,2010,1
365,702,1994,1
365,702,1995,1
365,702,1996,1
365,702,1997,1
365,702,1998,1
365,702,1999,1
365,702,2000,1
365,702,2001,1
365,702,2002,1
365,702,2003,1
365,702,2004,1
365,702,2005,1
365,702,2006,1
365,702,2007,1
365,702,2008,1
365,702,2009,1
365,702,2010,1
365,703,1994,1
365,703,1995,1
365,703,1996,1
365,703,1997,1
365,703,1998,1
365,703,1999,1
365,703,2000,1
365,703,2001,1
365,703,2002,1
365,703,2003,1
365,703,2004,1
365,703,2005,1
365,703,2006,1
365,703,2007,1
365,703,2008,1
365,703,2009,1
365,703,2010,1
365,704,1994,1
365,704,1995,1
365,704,1996,1
365,704,1997,1
365,704,1998,1
365,704,1999,1
365,704,2000,1
365,704,2001,1
365,704,2002,1
365,704,2003,1
365,704,2004,1
365,704,2005,1
365,704,2006,1
365,704,2007,1
365,704,2008,1
365,704,2009,1
365,704,2010,1
365,705,1993,1
365,705,1994,1
365,705,1995,1
365,705,1996,1
365,705,1997,1
365,705,1998,1
365,705,1999,1
365,705,2000,1
365,705,2001,1
365,705,2002,1
365,705,2003,1
365,705,2004,1
365,705,2005,1
365,705,2006,1
365,705,2007,1
365,705,2008,1
365,705,2009,1
365,705,2010,1
365,710,1992,1
365,710,1993,1
365,710,1994,1
365,710,1995,1
365,710,1996,1
365,710,1997,1
365,710,1998,1
365,732,1997,1
365,732,1998,1
365,732,1999,1
365,732,2000,1
365,732,2001,1
365,732,2002,1
365,732,2003,1
365,732,2004,1
365,732,2005,1
365,732,2006,1
365,732,2007,1
365,732,2008,1
365,732,2009,1
365,732,2010,1
365,740,1999,1
365,740,2000,1
365,740,2001,1
365,740,2002,1
365,740,2003,1
365,740,2004,1
365,740,2005,1
365,740,2006,1
365,740,2007,1
365,740,2008,1
365,740,2009,1
365,740,2010,1
365,750,1993,1
365,750,1994,1
365,750,1995,1
365,750,1996,1
365,750,1997,1
365,750,1998,1
365,750,1999,1
365,750,2000,1
365,750,2001,1
365,750,2002,1
365,750,2003,1
365,750,2004,1
365,750,2005,1
365,750,2006,1
365,750,2007,1
365,750,2008,1
365,750,2009,1
365,750,2010,1
365,820,1999,1
365,820,2000,1
365,820,2001,1
365,820,2002,1
365,820,2003,1
365,820,2004,1
365,820,2005,1
365,850,1996,1
365,850,1997,1
365,850,1998,1
365,850,1999,1
365,850,2000,1
365,850,2001,1
365,850,2003,1
365,850,2004,1
365,850,2005,1
365,850,2006,1
365,850,2007,1
365,850,2008,1
365,850,2009,1
365,850,2010,1
366,200,2010,1
366,211,2002,1
366,211,2003,1
366,211,2004,1
366,211,2005,1
366,211,2006,1
366,211,2007,1
366,211,2008,1
366,220,1994,1
366,220,1995,1
366,220,1996,1
366,220,1997,1
366,220,1998,1
366,220,1999,1
366,220,2000,1
366,220,2001,1
366,220,2002,1
366,220,2003,1
366,220,2004,1
366,220,2005,1
366,220,2006,1
366,220,2007,1
366,220,2008,1
366,220,2009,1
366,220,2010,1
366,230,1999,1
366,230,2000,1
366,230,2001,1
366,230,2002,1
366,230,2003,1
366,230,2004,1
366,230,2005,1
366,316,1996,1
366,316,1997,1
366,316,1998,1
366,316,1999,1
366,316,2000,1
366,316,2001,1
366,316,2002,1
366,316,2003,1
366,316,2004,1
366,316,2005,1
366,316,2006,1
366,316,2007,1
366,316,2008,1
366,316,2009,1
366,316,2010,1
366,317,2001,1
366,317,2002,1
366,317,2003,1
366,317,2004,1
366,317,2005,1
366,317,2006,1
366,317,2007,1
366,325,1998,1
366,325,1999,1
366,325,2000,1
366,325,2001,1
366,325,2002,1
366,325,2003,1
366,325,2004,1
366,325,2005,1
366,325,2006,1
366,325,2007,1
366,325,2008,1
366,325,2009,1
366,325,2010,1
366,349,1999,1
366,349,2000,1
366,349,2001,1
366,349,2002,1
366,349,2003,1
366,349,2004,1
366,349,2005,1
366,349,2006,1
366,349,2007,1
366,349,2008,1
366,349,2009,1
366,349,2010,1
366,355,2000,1
366,355,2001,1
366,355,2002,1
366,355,2003,1
366,355,2004,1
366,355,2005,1
366,355,2006,1
366,369,1994,1
366,369,1995,1
366,369,1996,1
366,369,1997,1
366,369,1998,1
366,369,1999,1
366,369,2000,1
366,369,2001,1
366,369,2002,1
366,369,2003,1
366,369,2004,1
366,369,2005,1
366,369,2006,1
366,369,2007,1
366,369,2008,1
366,369,2009,1
366,369,2010,1
366,371,2005,1
366,371,2006,1
366,371,2007,1
366,371,2008,1
366,371,2009,1
366,371,2010,1
366,372,2001,1
366,372,2002,1
366,372,2003,1
366,372,2004,1
366,372,2005,1
366,372,2006,1
366,372,2007,1
366,372,2008,1
366,372,2009,1
366,372,2010,1
366,375,1996,1
366,375,1997,1
366,375,1998,1
366,375,1999,1
366,375,2000,1
366,375,2001,1
366,375,2002,1
366,380,2010,1
366,390,1994,1
366,390,1995,1
366,390,1996,1
366,390,1997,1
366,390,1998,1
366,390,1999,1
366,390,2000,1
366,390,2001,1
366,390,2002,1
366,390,2003,1
366,390,2004,1
366,390,2005,1
366,390,2006,1
366,390,2007,1
366,390,2008,1
366,390,2009,1
366,390,2010,1
366,640,1995,1
366,640,1996,1
366,640,1997,1
366,640,1998,1
366,640,1999,1
366,640,2000,1
366,640,2001,1
366,640,2002,1
366,640,2003,1
366,640,2004,1
366,640,2005,1
366,640,2006,1
366,640,2007,1
366,640,2008,1
366,640,2009,1
366,640,2010,1
367,2,1995,1
367,2,1996,1
367,2,1997,1
367,2,1998,1
367,2,1999,1
367,2,2000,1
367,2,2001,1
367,200,1994,1
367,200,1995,1
367,200,1996,1
367,200,1997,1
367,200,1998,1
367,200,1999,1
367,200,2000,1
367,210,2008,1
367,210,2009,1
367,210,2010,1
367,211,2002,1
367,211,2003,1
367,211,2004,1
367,211,2005,1
367,211,2006,1
367,211,2007,1
367,211,2008,1
367,255,1994,1
367,255,1995,1
367,255,1996,1
367,255,1997,1
367,255,1998,1
367,255,1999,1
367,255,2000,1
367,290,1992,1
367,290,1993,1
367,290,1994,1
367,290,1995,1
367,290,1996,1
367,290,1997,1
367,290,1998,1
367,290,1999,1
367,290,2000,1
367,290,2001,1
367,290,2002,1
367,290,2003,1
367,290,2004,1
367,290,2005,1
367,290,2006,1
367,290,2007,1
367,290,2008,1
367,290,2009,1
367,290,2010,1
367,310,1999,1
367,310,2000,1
367,310,2001,1
367,310,2002,1
367,310,2003,1
367,310,2004,1
367,310,2005,1
367,316,1993,1
367,316,1994,1
367,316,1995,1
367,316,1996,1
367,316,1997,1
367,316,1998,1
367,316,1999,1
367,316,2000,1
367,316,2001,1
367,316,2002,1
367,316,2003,1
367,316,2004,1
367,316,2005,1
367,316,2006,1
367,316,2007,1
367,316,2008,1
367,316,2009,1
367,316,2010,1
367,317,2000,1
367,317,2001,1
367,317,2002,1
367,317,2003,1
367,317,2004,1
367,317,2005,1
367,317,2006,1
367,325,1998,1
367,325,1999,1
367,325,2000,1
367,325,2001,1
367,325,2002,1
367,325,2003,1
367,325,2004,1
367,325,2005,1
367,325,2006,1
367,325,2007,1
367,325,2008,1
367,325,2009,1
367,325,2010,1
367,339,2005,1
367,339,2006,1
367,339,2007,1
367,339,2008,1
367,339,2009,1
367,339,2010,1
367,344,2004,1
367,344,2005,1
367,344,2006,1
367,344,2007,1
367,344,2008,1
367,344,2009,1
367,344,2010,1
367,349,2002,1
367,349,2003,1
367,349,2004,1
367,349,2005,1
367,349,2006,1
367,349,2007,1
367,349,2008,1
367,349,2009,1
367,349,2010,1
367,350,2002,1
367,350,2003,1
367,350,2004,1
367,350,2005,1
367,350,2006,1
367,350,2007,1
367,350,2008,1
367,350,2009,1
367,350,2010,1
367,359,2006,1
367,359,2007,1
367,359,2008,1
367,359,2009,1
367,359,2010,1
367,360,2001,1
367,360,2002,1
367,360,2003,1
367,360,2004,1
367,360,2005,1
367,360,2006,1
367,360,2007,1
367,369,1994,1
367,369,1995,1
367,369,1996,1
367,369,1997,1
367,369,1998,1
367,369,1999,1
367,369,2000,1
367,369,2001,1
367,369,2002,1
367,369,2003,1
367,369,2004,1
367,369,2005,1
367,369,2006,1
367,369,2007,1
367,369,2008,1
367,369,2009,1
367,369,2010,1
367,371,2005,1
367,371,2006,1
367,371,2007,1
367,371,2008,1
367,371,2009,1
367,371,2010,1
367,372,2002,1
367,372,2003,1
367,372,2004,1
367,372,2005,1
367,372,2006,1
367,372,2007,1
367,372,2008,1
367,372,2009,1
367,372,2010,1
367,373,2005,1
367,373,2006,1
367,373,2007,1
367,373,2008,1
367,373,2009,1
367,373,2010,1
367,375,2001,1
367,375,2002,1
367,375,2003,1
367,375,2004,1
367,375,2005,1
367,375,2006,1
367,375,2007,1
367,390,1994,1
367,390,1995,1
367,390,1996,1
367,390,1997,1
367,390,1998,1
367,390,1999,1
367,390,2000,1
367,390,2001,1
367,390,2002,1
367,390,2003,1
367,390,2004,1
367,390,2005,1
367,390,2006,1
367,390,2007,1
367,390,2008,1
367,390,2009,1
367,390,2010,1
367,640,1997,1
367,640,1998,1
367,640,1999,1
367,640,2000,1
367,640,2001,1
367,640,2002,1
367,640,2003,1
367,640,2004,1
367,640,2005,1
367,640,2006,1
367,640,2007,1
367,640,2008,1
367,640,2009,1
367,640,2010,1
367,666,2005,1
367,666,2006,1
367,666,2007,1
367,666,2008,1
367,666,2009,1
367,666,2010,1
367,710,2006,1
367,710,2007,1
367,710,2008,1
367,710,2009,1
367,710,2010,1
368,2,1994,1
368,2,1995,1
368,2,1996,1
368,2,1997,1
368,2,1998,1
368,2,1999,1
368,2,2000,1
368,2,2001,1
368,2,2002,1
368,2,2003,1
368,2,2004,1
368,2,2005,1
368,2,2006,1
368,2,2007,1
368,2,2008,1
368,2,2009,1
368,2,2010,1
368,200,1994,1
368,200,1995,1
368,200,1996,1
368,200,1997,1
368,200,1998,1
368,200,1999,1
368,200,2000,1
368,200,2001,1
368,200,2002,1
368,200,2003,1
368,200,2004,1
368,200,2005,1
368,200,2006,1
368,200,2007,1
368,200,2008,1
368,200,2009,1
368,200,2010,1
368,210,1996,1
368,210,1997,1
368,210,1998,1
368,210,1999,1
368,210,2000,1
368,210,2001,1
368,210,2002,1
368,210,2003,1
368,210,2004,1
368,210,2008,1
368,210,2009,1
368,210,2010,1
368,212,2002,1
368,212,2003,1
368,212,2004,1
368,212,2005,1
368,212,2006,1
368,212,2007,1
368,212,2008,1
368,220,1994,1
368,220,1995,1
368,220,1996,1
368,220,1997,1
368,220,1998,1
368,220,1999,1
368,220,2000,1
368,230,2001,1
368,230,2002,1
368,230,2003,1
368,230,2004,1
368,230,2005,1
368,230,2006,1
368,230,2007,1
368,235,2002,1
368,235,2003,1
368,235,2004,1
368,235,2005,1
368,235,2006,1
368,235,2007,1
368,235,2008,1
368,255,1994,1
368,255,1995,1
368,255,1996,1
368,255,1997,1
368,255,1998,1
368,255,1999,1
368,255,2000,1
368,255,2001,1
368,255,2002,1
368,255,2003,1
368,255,2004,1
368,255,2005,1
368,255,2006,1
368,255,2007,1
368,255,2008,1
368,255,2009,1
368,255,2010,1
368,290,1993,1
368,290,1994,1
368,290,1995,1
368,290,1996,1
368,290,1997,1
368,290,1998,1
368,290,1999,1
368,290,2000,1
368,290,2001,1
368,290,2002,1
368,290,2003,1
368,290,2004,1
368,290,2005,1
368,290,2006,1
368,290,2007,1
368,290,2008,1
368,290,2009,1
368,290,2010,1
368,310,1997,1
368,310,1998,1
368,310,1999,1
368,310,2000,1
368,310,2001,1
368,310,2002,1
368,310,2003,1
368,316,1993,1
368,316,1994,1
368,316,1995,1
368,316,1996,1
368,316,1997,1
368,316,1998,1
368,316,1999,1
368,316,2000,1
368,316,2001,1
368,316,2002,1
368,316,2003,1
368,316,2004,1
368,316,2005,1
368,316,2006,1
368,316,2007,1
368,316,2008,1
368,316,2009,1
368,316,2010,1
368,317,2002,1
368,317,2003,1
368,317,2004,1
368,317,2005,1
368,317,2006,1
368,317,2007,1
368,317,2008,1
368,317,2009,1
368,317,2010,1
368,325,1999,1
368,325,2000,1
368,325,2001,1
368,325,2002,1
368,325,2003,1
368,325,2004,1
368,325,2005,1
368,325,2006,1
368,325,2007,1
368,325,2008,1
368,325,2009,1
368,325,2010,1
368,339,2004,1
368,339,2005,1
368,339,2006,1
368,339,2007,1
368,339,2008,1
368,339,2009,1
368,339,2010,1
368,343,2008,1
368,343,2009,1
368,343,2010,1
368,349,2005,1
368,349,2006,1
368,349,2007,1
368,349,2008,1
368,349,2009,1
368,349,2010,1
368,355,2000,1
368,355,2001,1
368,355,2002,1
368,355,2003,1
368,355,2004,1
368,355,2005,1
368,355,2006,1
368,359,2006,1
368,359,2007,1
368,359,2008,1
368,359,2009,1
368,359,2010,1
368,360,1998,1
368,360,1999,1
368,360,2000,1
368,360,2001,1
368,360,2002,1
368,360,2003,1
368,360,2004,1
368,360,2005,1
368,360,2006,1
368,360,2007,1
368,360,2008,1
368,360,2009,1
368,360,2010,1
368,369,2000,1
368,369,2001,1
368,369,2002,1
368,369,2003,1
368,369,2004,1
368,369,2005,1
368,369,2006,1
368,369,2007,1
368,369,2008,1
368,369,2009,1
368,369,2010,1
368,370,2010,1
368,371,2002,1
368,371,2003,1
368,371,2004,1
368,371,2005,1
368,371,2006,1
368,371,2007,1
368,371,2008,1
368,371,2009,1
368,371,2010,1
368,372,2001,1
368,372,2002,1
368,372,2003,1
368,372,2004,1
368,372,2005,1
368,372,2006,1
368,372,2007,1
368,372,2008,1
368,372,2009,1
368,372,2010,1
368,373,2002,1
368,373,2003,1
368,373,2004,1
368,373,2005,1
368,373,2006,1
368,373,2007,1
368,373,2008,1
368,375,2001,1
368,375,2002,1
368,375,2003,1
368,375,2004,1
368,375,2005,1
368,375,2006,1
368,375,2007,1
368,375,2008,1
368,375,2009,1
368,375,2010,1
368,385,1995,1
368,385,1996,1
368,385,1997,1
368,385,1998,1
368,385,1999,1
368,385,2000,1
368,385,2001,1
368,390,1994,1
368,390,1995,1
368,390,1996,1
368,390,1997,1
368,390,1998,1
368,390,1999,1
368,390,2000,1
368,390,2001,1
368,390,2002,1
368,390,2003,1
368,390,2004,1
368,390,2005,1
368,390,2006,1
368,390,2007,1
368,390,2008,1
368,390,2009,1
368,390,2010,1
368,640,1995,1
368,640,1996,1
368,640,1997,1
368,640,1998,1
368,640,1999,1
368,640,2000,1
368,640,2001,1
368,640,2002,1
368,640,2003,1
368,640,2004,1
368,640,2005,1
368,640,2006,1
368,640,2007,1
368,640,2008,1
368,640,2009,1
368,640,2010,1
368,703,2008,1
368,703,2009,1
368,703,2010,1
368,704,2002,1
368,704,2003,1
368,704,2004,1
368,704,2005,1
368,704,2006,1
368,704,2007,1
368,704,2008,1
368,705,2008,1
368,705,2009,1
368,705,2010,1
368,710,2006,1
368,710,2007,1
368,710,2008,1
368,710,2009,1
368,710,2010,1
368,732,2010,1
369,2,2000,1
369,2,2001,1
369,2,2002,1
369,2,2003,1
369,2,2004,1
369,2,2005,1
369,2,2006,1
369,2,2007,1
369,2,2008,1
369,2,2009,1
369,2,2010,1
369,140,2010,1
369,160,1998,1
369,160,1999,1
369,160,2000,1
369,160,2001,1
369,160,2002,1
369,160,2003,1
369,160,2004,1
369,160,2005,1
369,160,2006,1
369,160,2007,1
369,160,2008,1
369,160,2009,1
369,160,2010,1
369,200,2001,1
369,200,2002,1
369,200,2003,1
369,200,2004,1
369,200,2005,1
369,200,2006,1
369,200,2007,1
369,220,1996,1
369,220,1997,1
369,220,1998,1
369,220,1999,1
369,220,2000,1
369,220,2001,1
369,220,2002,1
369,220,2003,1
369,220,2004,1
369,220,2005,1
369,220,2006,1
369,220,2007,1
369,220,2008,1
369,220,2009,1
369,220,2010,1
369,225,2002,1
369,225,2003,1
369,225,2004,1
369,225,2005,1
369,225,2006,1
369,225,2007,1
369,225,2008,1
369,225,2009,1
369,225,2010,1
369,230,1996,1
369,230,1997,1
369,230,1998,1
369,230,1999,1
369,230,2000,1
369,230,2001,1
369,230,2002,1
369,235,2008,1
369,235,2009,1
369,235,2010,1
369,255,1993,1
369,255,1994,1
369,255,1995,1
369,255,1996,1
369,255,1997,1
369,255,1998,1
369,255,1999,1
369,255,2000,1
369,255,2001,1
369,255,2002,1
369,255,2003,1
369,255,2004,1
369,255,2005,1
369,255,2006,1
369,255,2007,1
369,255,2008,1
369,255,2009,1
369,255,2010,1
369,290,1993,1
369,290,1994,1
369,290,1995,1
369,290,1996,1
369,290,1997,1
369,290,1998,1
369,290,1999,1
369,290,2000,1
369,290,2001,1
369,290,2002,1
369,290,2003,1
369,290,2004,1
369,290,2005,1
369,290,2006,1
369,290,2007,1
369,290,2008,1
369,290,2009,1
369,290,2010,1
369,305,1995,1
369,305,1996,1
369,305,1997,1
369,305,1998,1
369,305,1999,1
369,305,2000,1
369,305,2001,1
369,305,2002,1
369,305,2003,1
369,305,2004,1
369,305,2005,1
369,305,2006,1
369,305,2007,1
369,305,2008,1
369,305,2009,1
369,305,2010,1
369,310,1992,1
369,310,1993,1
369,310,1994,1
369,310,1995,1
369,310,1996,1
369,310,1997,1
369,310,1998,1
369,310,1999,1
369,310,2000,1
369,310,2001,1
369,310,2002,1
369,310,2003,1
369,310,2004,1
369,310,2005,1
369,310,2006,1
369,310,2007,1
369,310,2008,1
369,310,2009,1
369,310,2010,1
369,316,1996,1
369,316,1997,1
369,316,1998,1
369,316,1999,1
369,316,2000,1
369,316,2001,1
369,316,2002,1
369,316,2003,1
369,316,2004,1
369,316,2005,1
369,316,2006,1
369,316,2007,1
369,316,2008,1
369,316,2009,1
369,316,2010,1
369,317,1993,1
369,317,1994,1
369,317,1995,1
369,317,1996,1
369,317,1997,1
369,317,1998,1
369,317,1999,1
369,317,2000,1
369,317,2001,1
369,317,2002,1
369,317,2003,1
369,317,2004,1
369,317,2005,1
369,317,2006,1
369,317,2007,1
369,317,2008,1
369,317,2009,1
369,317,2010,1
369,325,1998,1
369,325,1999,1
369,325,2000,1
369,325,2001,1
369,325,2002,1
369,325,2003,1
369,325,2004,1
369,325,2005,1
369,325,2006,1
369,325,2007,1
369,325,2008,1
369,325,2009,1
369,325,2010,1
369,339,1997,1
369,339,1998,1
369,339,1999,1
369,339,2000,1
369,339,2001,1
369,339,2002,1
369,339,2003,1
369,339,2004,1
369,339,2005,1
369,339,2006,1
369,339,2007,1
369,339,2008,1
369,339,2009,1
369,339,2010,1
369,343,2000,1
369,343,2001,1
369,343,2002,1
369,343,2003,1
369,343,2004,1
369,343,2005,1
369,343,2006,1
369,343,2007,1
369,343,2008,1
369,343,2009,1
369,343,2010,1
369,344,1996,1
369,344,1997,1
369,344,1998,1
369,344,1999,1
369,344,2000,1
369,344,2001,1
369,344,2002,1
369,344,2003,1
369,344,2004,1
369,344,2005,1
369,344,2006,1
369,344,2007,1
369,344,2008,1
369,344,2009,1
369,344,2010,1
369,345,2003,1
369,345,2004,1
369,345,2005,1
369,345,2006,1
369,345,2007,1
369,345,2008,1
369,345,2009,1
369,345,2010,1
369,346,2007,1
369,346,2008,1
369,346,2009,1
369,346,2010,1
369,349,2007,1
369,349,2008,1
369,349,2009,1
369,349,2010,1
369,350,1997,1
369,350,1998,1
369,350,1999,1
369,350,2000,1
369,350,2001,1
369,350,2002,1
369,350,2003,1
369,350,2004,1
369,350,2005,1
369,350,2006,1
369,350,2007,1
369,350,2008,1
369,350,2009,1
369,350,2010,1
369,355,1992,1
369,355,1993,1
369,355,1994,1
369,355,1995,1
369,355,1996,1
369,355,1997,1
369,355,1998,1
369,355,1999,1
369,355,2000,1
369,355,2001,1
369,355,2002,1
369,355,2005,1
369,355,2006,1
369,355,2007,1
369,355,2008,1
369,355,2009,1
369,355,2010,1
369,359,1993,1
369,359,1994,1
369,359,1995,1
369,359,1996,1
369,359,1997,1
369,359,1998,1
369,359,1999,1
369,359,2000,1
369,359,2001,1
369,359,2002,1
369,359,2003,1
369,359,2004,1
369,359,2005,1
369,359,2006,1
369,359,2007,1
369,359,2008,1
369,359,2009,1
369,359,2010,1
369,360,1994,1
369,360,1995,1
369,360,1996,1
369,360,1997,1
369,360,1998,1
369,360,1999,1
369,360,2000,1
369,360,2001,1
369,360,2002,1
369,360,2003,1
369,360,2004,1
369,360,2005,1
369,360,2006,1
369,360,2007,1
369,360,2008,1
369,360,2009,1
369,360,2010,1
369,365,1993,1
369,365,1994,1
369,365,1995,1
369,365,1996,1
369,365,1997,1
369,365,1998,1
369,365,1999,1
369,365,2000,1
369,365,2001,1
369,365,2002,1
369,365,2003,1
369,365,2004,1
369,365,2005,1
369,365,2006,1
369,365,2007,1
369,365,2008,1
369,365,2009,1
369,365,2010,1
369,366,1994,1
369,366,1995,1
369,366,1996,1
369,366,1997,1
369,366,1998,1
369,366,1999,1
369,366,2000,1
369,366,2001,1
369,366,2002,1
369,366,2003,1
369,366,2004,1
369,366,2005,1
369,366,2006,1
369,366,2007,1
369,366,2008,1
369,366,2009,1
369,366,2010,1
369,367,1994,1
369,367,1995,1
369,367,1996,1
369,367,1997,1
369,367,1998,1
369,367,1999,1
369,367,2000,1
369,367,2001,1
369,367,2002,1
369,367,2003,1
369,367,2004,1
369,367,2005,1
369,367,2006,1
369,367,2007,1
369,367,2008,1
369,367,2009,1
369,367,2010,1
369,368,2000,1
369,368,2001,1
369,368,2002,1
369,368,2003,1
369,368,2004,1
369,368,2005,1
369,368,2006,1
369,368,2007,1
369,368,2008,1
369,368,2009,1
369,368,2010,1
369,370,1992,1
369,370,1993,1
369,370,1994,1
369,370,1995,1
369,370,1996,1
369,370,1997,1
369,370,1998,1
369,370,1999,1
369,370,2000,1
369,370,2001,1
369,370,2002,1
369,370,2003,1
369,370,2004,1
369,370,2005,1
369,370,2006,1
369,370,2007,1
369,370,2008,1
369,370,2009,1
369,370,2010,1
369,371,2002,1
369,371,2003,1
369,371,2004,1
369,371,2005,1
369,371,2006,1
369,371,2007,1
369,371,2008,1
369,371,2009,1
369,371,2010,1
369,372,1995,1
369,372,1996,1
369,372,1997,1
369,372,1998,1
369,372,1999,1
369,372,2000,1
369,372,2001,1
369,372,2002,1
369,372,2003,1
369,372,2004,1
369,372,2005,1
369,372,2006,1
369,372,2007,1
369,372,2008,1
369,372,2009,1
369,372,2010,1
369,373,1997,1
369,373,1998,1
369,373,1999,1
369,373,2000,1
369,373,2001,1
369,373,2002,1
369,373,2003,1
369,373,2004,1
369,373,2005,1
369,373,2006,1
369,373,2007,1
369,373,2008,1
369,373,2009,1
369,373,2010,1
369,375,2001,1
369,375,2002,1
369,375,2003,1
369,375,2004,1
369,375,2005,1
369,375,2006,1
369,375,2007,1
369,385,1999,1
369,385,2000,1
369,385,2001,1
369,385,2002,1
369,385,2003,1
369,385,2004,1
369,385,2005,1
369,420,2002,1
369,420,2003,1
369,420,2004,1
369,420,2005,1
369,420,2006,1
369,420,2007,1
369,420,2008,1
369,420,2009,1
369,420,2010,1
369,560,1995,1
369,560,1996,1
369,560,1997,1
369,560,1998,1
369,560,1999,1
369,560,2000,1
369,560,2001,1
369,560,2002,1
369,560,2003,1
369,560,2004,1
369,560,2005,1
369,560,2006,1
369,560,2007,1
369,560,2008,1
369,560,2009,1
369,560,2010,1
369,640,1994,1
369,640,1995,1
369,640,1996,1
369,640,1997,1
369,640,1998,1
369,640,1999,1
369,640,2000,1
369,640,2001,1
369,640,2002,1
369,640,2003,1
369,640,2004,1
369,640,2005,1
369,640,2006,1
369,640,2007,1
369,640,2008,1
369,640,2009,1
369,640,2010,1
369,666,1999,1
369,666,2000,1
369,666,2001,1
369,666,2002,1
369,666,2003,1
369,666,2004,1
369,666,2005,1
369,701,1996,1
369,701,1997,1
369,701,1998,1
369,701,1999,1
369,701,2000,1
369,701,2001,1
369,701,2002,1
369,701,2003,1
369,701,2004,1
369,701,2005,1
369,701,2006,1
369,701,2007,1
369,701,2008,1
369,701,2009,1
369,701,2010,1
369,702,2005,1
369,702,2006,1
369,702,2007,1
369,702,2008,1
369,702,2009,1
369,702,2010,1
369,703,1997,1
369,703,1998,1
369,703,1999,1
369,703,2000,1
369,703,2001,1
369,703,2002,1
369,703,2003,1
369,703,2004,1
369,703,2005,1
369,703,2006,1
369,703,2007,1
369,704,1994,1
369,704,1995,1
369,704,1996,1
369,704,1997,1
369,704,1998,1
369,704,1999,1
369,704,2000,1
369,704,2001,1
369,704,2002,1
369,704,2003,1
369,704,2004,1
369,704,2005,1
369,704,2006,1
369,704,2007,1
369,704,2008,1
369,704,2009,1
369,704,2010,1
369,705,1994,1
369,705,1995,1
369,705,1996,1
369,705,1997,1
369,705,1998,1
369,705,1999,1
369,705,2000,1
369,705,2001,1
369,705,2002,1
369,705,2003,1
369,705,2004,1
369,705,2005,1
369,705,2006,1
369,705,2007,1
369,705,2008,1
369,705,2009,1
369,705,2010,1
369,710,1995,1
369,710,1996,1
369,710,1997,1
369,710,1998,1
369,710,1999,1
369,710,2000,1
369,710,2001,1
369,710,2002,1
369,710,2003,1
369,710,2004,1
369,710,2005,1
369,712,2003,1
369,712,2004,1
369,712,2005,1
369,712,2006,1
369,712,2007,1
369,712,2008,1
369,712,2009,1
369,712,2010,1
369,732,2006,1
369,732,2007,1
369,732,2008,1
369,732,2009,1
369,732,2010,1
369,770,2006,1
369,770,2007,1
369,770,2008,1
369,770,2009,1
369,770,2010,1
369,820,2007,1
369,820,2008,1
369,820,2009,1
369,820,2010,1
369,850,1996,1
369,850,1997,1
369,850,1998,1
369,850,1999,1
369,850,2000,1
369,850,2001,1
369,850,2002,1
369,850,2003,1
369,850,2004,1
369,850,2005,1
369,850,2006,1
369,850,2007,1
369,850,2008,1
369,850,2009,1
369,850,2010,1
370,220,2007,1
370,220,2008,1
370,220,2009,1
370,220,2010,1
370,290,1993,1
370,290,1994,1
370,290,1995,1
370,290,1996,1
370,290,1997,1
370,290,1998,1
370,290,1999,1
370,290,2000,1
370,316,1993,1
370,316,1994,1
370,316,1995,1
370,316,1996,1
370,316,1997,1
370,316,1998,1
370,316,1999,1
370,316,2000,1
370,316,2001,1
370,316,2002,1
370,316,2003,1
370,316,2004,1
370,316,2005,1
370,316,2006,1
370,355,1995,1
370,355,1996,1
370,355,1997,1
370,355,1998,1
370,355,1999,1
370,355,2000,1
370,355,2001,1
370,359,1995,1
370,359,1996,1
370,359,1997,1
370,359,1998,1
370,359,1999,1
370,359,2000,1
370,359,2001,1
370,359,2004,1
370,359,2005,1
370,359,2006,1
370,359,2007,1
370,359,2008,1
370,359,2009,1
370,359,2010,1
370,365,1993,1
370,365,1994,1
370,365,1995,1
370,365,1996,1
370,365,1997,1
370,365,1998,1
370,365,1999,1
370,365,2000,1
370,365,2001,1
370,365,2002,1
370,365,2003,1
370,365,2004,1
370,365,2005,1
370,365,2006,1
370,365,2007,1
370,365,2008,1
370,365,2009,1
370,365,2010,1
370,368,2010,1
370,369,1992,1
370,369,1993,1
370,369,1994,1
370,369,1995,1
370,369,1996,1
370,369,1997,1
370,369,1998,1
370,369,1999,1
370,369,2000,1
370,369,2001,1
370,369,2002,1
370,369,2003,1
370,369,2004,1
370,369,2005,1
370,369,2006,1
370,369,2007,1
370,369,2008,1
370,369,2009,1
370,369,2010,1
370,371,1999,1
370,371,2000,1
370,371,2001,1
370,371,2002,1
370,371,2003,1
370,371,2004,1
370,371,2005,1
370,371,2006,1
370,371,2007,1
370,371,2008,1
370,371,2009,1
370,371,2010,1
370,373,2004,1
370,373,2005,1
370,373,2006,1
370,373,2007,1
370,373,2008,1
370,373,2009,1
370,373,2010,1
370,560,2006,1
370,560,2007,1
370,560,2008,1
370,560,2009,1
370,560,2010,1
370,630,2007,1
370,630,2008,1
370,630,2009,1
370,630,2010,1
370,640,1997,1
370,640,1998,1
370,640,1999,1
370,640,2000,1
370,640,2001,1
370,640,2002,1
370,640,2003,1
370,640,2004,1
370,640,2005,1
370,640,2006,1
370,640,2007,1
370,640,2008,1
370,640,2009,1
370,640,2010,1
370,652,1998,1
370,652,1999,1
370,652,2000,1
370,652,2001,1
370,652,2002,1
370,652,2003,1
370,652,2004,1
370,652,2005,1
370,652,2006,1
370,652,2007,1
370,652,2008,1
370,652,2009,1
370,652,2010,1
370,663,2008,1
370,663,2009,1
370,663,2010,1
370,694,2008,1
370,694,2009,1
370,694,2010,1
370,701,2010,1
370,702,1998,1
370,702,1999,1
370,702,2000,1
370,702,2001,1
370,702,2002,1
370,702,2003,1
370,702,2004,1
370,702,2005,1
370,702,2006,1
370,702,2007,1
370,702,2008,1
370,702,2009,1
370,702,2010,1
370,703,2000,1
370,703,2001,1
370,703,2002,1
370,703,2003,1
370,703,2004,1
370,703,2005,1
370,703,2006,1
370,703,2007,1
370,703,2008,1
370,703,2009,1
370,703,2010,1
370,705,1998,1
370,705,1999,1
370,705,2000,1
370,705,2001,1
370,705,2002,1
370,705,2003,1
370,705,2004,1
370,705,2005,1
370,705,2006,1
370,705,2007,1
370,705,2008,1
370,705,2009,1
370,705,2010,1
370,710,2010,1
371,2,2001,1
371,2,2002,1
371,2,2003,1
371,2,2004,1
371,2,2005,1
371,2,2006,1
371,2,2007,1
371,2,2008,1
371,200,2004,1
371,200,2005,1
371,200,2006,1
371,200,2007,1
371,200,2008,1
371,200,2009,1
371,200,2010,1
371,220,2010,1
371,255,2007,1
371,255,2008,1
371,255,2009,1
371,255,2010,1
371,290,2004,1
371,290,2005,1
371,290,2006,1
371,290,2007,1
371,290,2008,1
371,290,2009,1
371,290,2010,1
371,310,2010,1
371,316,2010,1
371,350,1996,1
371,350,1997,1
371,350,1998,1
371,350,1999,1
371,350,2000,1
371,350,2001,1
371,350,2002,1
371,350,2003,1
371,350,2004,1
371,350,2005,1
371,352,2002,1
371,352,2003,1
371,352,2004,1
371,352,2005,1
371,352,2006,1
371,352,2007,1
371,352,2008,1
371,352,2009,1
371,352,2010,1
371,355,1996,1
371,355,1997,1
371,355,1998,1
371,355,1999,1
371,355,2000,1
371,355,2001,1
371,355,2002,1
371,360,1999,1
371,360,2000,1
371,360,2001,1
371,360,2002,1
371,360,2003,1
371,360,2004,1
371,360,2005,1
371,365,1994,1
371,365,1995,1
371,365,1996,1
371,365,1997,1
371,365,1998,1
371,365,1999,1
371,365,2000,1
371,365,2001,1
371,365,2002,1
371,365,2003,1
371,365,2004,1
371,365,2005,1
371,365,2006,1
371,365,2007,1
371,365,2008,1
371,365,2009,1
371,365,2010,1
371,366,2005,1
371,366,2006,1
371,366,2007,1
371,366,2008,1
371,366,2009,1
371,366,2010,1
371,367,2005,1
371,367,2006,1
371,367,2007,1
371,367,2008,1
371,367,2009,1
371,367,2010,1
371,368,2002,1
371,368,2003,1
371,368,2004,1
371,368,2005,1
371,368,2006,1
371,368,2007,1
371,368,2008,1
371,368,2009,1
371,368,2010,1
371,369,2002,1
371,369,2003,1
371,369,2004,1
371,369,2005,1
371,369,2006,1
371,369,2007,1
371,369,2008,1
371,369,2009,1
371,369,2010,1
371,370,1999,1
371,370,2000,1
371,370,2001,1
371,370,2002,1
371,370,2003,1
371,370,2004,1
371,370,2005,1
371,370,2006,1
371,370,2007,1
371,370,2008,1
371,370,2009,1
371,370,2010,1
371,372,2001,1
371,372,2002,1
371,372,2003,1
371,372,2004,1
371,372,2005,1
371,372,2006,1
371,372,2007,1
371,660,2001,1
371,660,2002,1
371,660,2003,1
371,660,2004,1
371,660,2005,1
371,660,2006,1
371,660,2007,1
371,660,2008,1
371,660,2009,1
371,660,2010,1
371,703,2002,1
371,703,2003,1
371,703,2004,1
371,703,2005,1
371,703,2006,1
371,703,2007,1
371,703,2008,1
372,200,1999,1
372,200,2000,1
372,200,2001,1
372,200,2002,1
372,200,2003,1
372,200,2004,1
372,200,2005,1
372,290,1996,1
372,290,1997,1
372,290,1998,1
372,290,1999,1
372,290,2000,1
372,290,2001,1
372,290,2002,1
372,290,2003,1
372,290,2004,1
372,290,2005,1
372,290,2006,1
372,290,2007,1
372,290,2008,1
372,290,2009,1
372,290,2010,1
372,316,1999,1
372,316,2000,1
372,316,2001,1
372,316,2002,1
372,316,2003,1
372,316,2004,1
372,316,2005,1
372,316,2006,1
372,316,2007,1
372,316,2008,1
372,316,2009,1
372,316,2010,1
372,325,1997,1
372,325,1998,1
372,325,1999,1
372,325,2000,1
372,325,2001,1
372,325,2002,1
372,325,2003,1
372,325,2004,1
372,325,2005,1
372,325,2006,1
372,325,2007,1
372,325,2008,1
372,325,2009,1
372,325,2010,1
372,350,1997,1
372,350,1998,1
372,350,1999,1
372,350,2000,1
372,350,2001,1
372,350,2002,1
372,350,2003,1
372,355,1998,1
372,355,1999,1
372,355,2000,1
372,355,2001,1
372,355,2002,1
372,355,2003,1
372,355,2004,1
372,355,2005,1
372,355,2006,1
372,355,2007,1
372,355,2008,1
372,355,2009,1
372,355,2010,1
372,360,1998,1
372,360,1999,1
372,360,2000,1
372,360,2001,1
372,360,2002,1
372,360,2003,1
372,360,2004,1
372,360,2005,1
372,360,2006,1
372,360,2007,1
372,360,2008,1
372,360,2009,1
372,360,2010,1
372,365,1993,1
372,365,1994,1
372,365,1995,1
372,365,1996,1
372,365,1997,1
372,365,1998,1
372,365,1999,1
372,365,2000,1
372,365,2001,1
372,365,2002,1
372,365,2003,1
372,365,2004,1
372,365,2005,1
372,365,2006,1
372,365,2007,1
372,365,2008,1
372,365,2009,1
372,365,2010,1
372,366,2001,1
372,366,2002,1
372,366,2003,1
372,366,2004,1
372,366,2005,1
372,366,2006,1
372,366,2007,1
372,366,2008,1
372,366,2009,1
372,366,2010,1
372,367,2002,1
372,367,2003,1
372,367,2004,1
372,367,2005,1
372,367,2006,1
372,367,2007,1
372,367,2008,1
372,367,2009,1
372,367,2010,1
372,368,2001,1
372,368,2002,1
372,368,2003,1
372,368,2004,1
372,368,2005,1
372,368,2006,1
372,368,2007,1
372,368,2008,1
372,368,2009,1
372,368,2010,1
372,369,1995,1
372,369,1996,1
372,369,1997,1
372,369,1998,1
372,369,1999,1
372,369,2000,1
372,369,2001,1
372,369,2002,1
372,369,2003,1
372,369,2004,1
372,369,2005,1
372,369,2006,1
372,369,2007,1
372,369,2008,1
372,369,2009,1
372,369,2010,1
372,371,2001,1
372,371,2002,1
372,371,2003,1
372,371,2004,1
372,371,2005,1
372,371,2006,1
372,371,2007,1
372,373,2002,1
372,373,2003,1
372,373,2004,1
372,373,2005,1
372,373,2006,1
372,373,2007,1
372,373,2008,1
372,640,1997,1
372,640,1998,1
372,640,1999,1
372,640,2000,1
372,640,2001,1
372,640,2002,1
372,640,2003,1
372,640,2004,1
372,640,2005,1
372,640,2006,1
372,640,2007,1
372,640,2008,1
372,640,2009,1
372,640,2010,1
372,705,1997,1
372,705,1998,1
372,705,1999,1
372,705,2000,1
372,705,2001,1
372,705,2002,1
372,705,2003,1
372,705,2004,1
372,705,2005,1
372,705,2006,1
372,705,2007,1
372,705,2008,1
372,705,2009,1
372,705,2010,1
373,200,2004,1
373,200,2005,1
373,200,2006,1
373,200,2007,1
373,200,2008,1
373,200,2009,1
373,200,2010,1
373,255,2006,1
373,255,2007,1
373,255,2008,1
373,255,2009,1
373,255,2010,1
373,290,2005,1
373,290,2006,1
373,290,2007,1
373,290,2008,1
373,290,2009,1
373,290,2010,1
373,316,2009,1
373,316,2010,1
373,355,2002,1
373,355,2003,1
373,355,2004,1
373,355,2005,1
373,355,2006,1
373,355,2007,1
373,355,2008,1
373,360,2006,1
373,360,2007,1
373,360,2008,1
373,360,2009,1
373,360,2010,1
373,365,1993,1
373,365,1994,1
373,365,1995,1
373,365,1996,1
373,365,1997,1
373,365,1998,1
373,365,1999,1
373,365,2000,1
373,365,2001,1
373,365,2002,1
373,365,2003,1
373,365,2004,1
373,365,2005,1
373,365,2006,1
373,365,2007,1
373,365,2008,1
373,365,2009,1
373,365,2010,1
373,367,2005,1
373,367,2006,1
373,367,2007,1
373,367,2008,1
373,367,2009,1
373,367,2010,1
373,368,2002,1
373,368,2003,1
373,368,2004,1
373,368,2005,1
373,368,2006,1
373,368,2007,1
373,368,2008,1
373,369,1997,1
373,369,1998,1
373,369,1999,1
373,369,2000,1
373,369,2001,1
373,369,2002,1
373,369,2003,1
373,369,2004,1
373,369,2005,1
373,369,2006,1
373,369,2007,1
373,369,2008,1
373,369,2009,1
373,369,2010,1
373,370,2004,1
373,370,2005,1
373,370,2006,1
373,370,2007,1
373,370,2008,1
373,370,2009,1
373,370,2010,1
373,372,2002,1
373,372,2003,1
373,372,2004,1
373,372,2005,1
373,372,2006,1
373,372,2007,1
373,372,2008,1
373,630,2005,1
373,630,2006,1
373,630,2007,1
373,630,2008,1
373,630,2009,1
373,630,2010,1
373,663,2007,1
373,663,2008,1
373,663,2009,1
373,663,2010,1
373,702,2006,1
373,702,2007,1
373,702,2008,1
373,702,2009,1
373,702,2010,1
373,703,2004,1
373,703,2005,1
373,703,2006,1
373,703,2007,1
373,703,2008,1
373,703,2009,1
373,703,2010,1
373,705,2004,1
373,705,2005,1
373,705,2006,1
373,705,2007,1
373,705,2008,1
373,705,2009,1
373,705,2010,1
373,770,2002,1
373,770,2003,1
373,770,2004,1
373,770,2005,1
373,770,2006,1
373,770,2007,1
373,770,2008,1
373,770,2009,1
373,770,2010,1
375,2,1991,1
375,2,1992,1
375,2,1993,1
375,2,1994,1
375,2,1995,1
375,2,1996,1
375,2,1997,1
375,2,1998,1
375,2,1999,1
375,2,2000,1
375,2,2001,1
375,2,2002,1
375,2,2003,1
375,2,2004,1
375,2,2005,1
375,2,2006,1
375,2,2007,1
375,2,2008,1
375,2,2009,1
375,2,2010,1
375,200,1993,1
375,200,1994,1
375,200,1995,1
375,200,1996,1
375,200,1997,1
375,200,1998,1
375,200,1999,1
375,210,1996,1
375,210,1997,1
375,210,1998,1
375,210,1999,1
375,210,2000,1
375,210,2001,1
375,210,2002,1
375,220,1995,1
375,220,1996,1
375,220,1997,1
375,220,1998,1
375,220,1999,1
375,220,2000,1
375,220,2001,1
375,225,2004,1
375,225,2005,1
375,225,2006,1
375,225,2007,1
375,225,2008,1
375,225,2009,1
375,225,2010,1
375,230,1997,1
375,230,1998,1
375,230,1999,1
375,230,2000,1
375,230,2001,1
375,230,2002,1
375,230,2003,1
375,255,2003,1
375,255,2004,1
375,255,2005,1
375,255,2006,1
375,255,2007,1
375,255,2008,1
375,255,2009,1
375,290,1997,1
375,290,1998,1
375,290,1999,1
375,290,2000,1
375,290,2001,1
375,290,2002,1
375,290,2003,1
375,290,2004,1
375,290,2005,1
375,290,2006,1
375,290,2007,1
375,290,2008,1
375,290,2009,1
375,290,2010,1
375,305,1994,1
375,305,1995,1
375,305,1996,1
375,305,1997,1
375,305,1998,1
375,305,1999,1
375,305,2000,1
375,310,2005,1
375,310,2006,1
375,310,2007,1
375,310,2008,1
375,310,2009,1
375,310,2010,1
375,316,1996,1
375,316,1997,1
375,316,1998,1
375,316,1999,1
375,316,2000,1
375,316,2001,1
375,316,2002,1
375,317,2002,1
375,317,2003,1
375,317,2004,1
375,317,2005,1
375,317,2006,1
375,317,2007,1
375,317,2008,1
375,325,1998,1
375,325,1999,1
375,325,2000,1
375,325,2001,1
375,325,2002,1
375,325,2003,1
375,325,2004,1
375,325,2005,1
375,325,2006,1
375,325,2007,1
375,325,2008,1
375,325,2009,1
375,325,2010,1
375,350,2001,1
375,350,2002,1
375,350,2003,1
375,350,2004,1
375,350,2005,1
375,350,2006,1
375,350,2007,1
375,355,2003,1
375,355,2004,1
375,355,2005,1
375,355,2006,1
375,355,2007,1
375,355,2008,1
375,355,2009,1
375,366,1996,1
375,366,1997,1
375,366,1998,1
375,366,1999,1
375,366,2000,1
375,366,2001,1
375,366,2002,1
375,367,2001,1
375,367,2002,1
375,367,2003,1
375,367,2004,1
375,367,2005,1
375,367,2006,1
375,367,2007,1
375,368,2001,1
375,368,2002,1
375,368,2003,1
375,368,2004,1
375,368,2005,1
375,368,2006,1
375,368,2007,1
375,368,2008,1
375,368,2009,1
375,368,2010,1
375,369,2001,1
375,369,2002,1
375,369,2003,1
375,369,2004,1
375,369,2005,1
375,369,2006,1
375,369,2007,1
375,696,2007,1
375,696,2008,1
375,696,2009,1
375,696,2010,1
380,2,1987,1
380,2,1988,1
380,2,1989,1
380,2,1990,1
380,2,1991,1
380,2,1992,1
380,2,1993,1
380,2,1994,1
380,2,1995,1
380,2,1996,1
380,2,1997,1
380,2,1998,1
380,2,1999,1
380,2,2000,1
380,2,2001,1
380,2,2002,1
380,2,2003,1
380,2,2004,1
380,2,2005,1
380,2,2006,1
380,2,2007,1
380,2,2008,1
380,2,2009,1
380,2,2010,1
380,20,2004,1
380,20,2005,1
380,20,2006,1
380,20,2007,1
380,20,2008,1
380,20,2009,1
380,20,2010,1
380,140,2000,1
380,140,2001,1
380,140,2002,1
380,140,2003,1
380,140,2004,1
380,140,2005,1
380,140,2006,1
380,140,2007,1
380,140,2008,1
380,140,2009,1
380,140,2010,1
380,200,1994,1
380,200,1995,1
380,200,1996,1
380,200,1997,1
380,200,1998,1
380,200,1999,1
380,200,2000,1
380,200,2001,1
380,200,2002,1
380,200,2003,1
380,200,2004,1
380,200,2005,1
380,200,2006,1
380,200,2007,1
380,200,2008,1
380,200,2009,1
380,200,2010,1
380,220,1992,1
380,220,1993,1
380,220,1994,1
380,220,1995,1
380,220,1996,1
380,220,1997,1
380,220,1998,1
380,220,1999,1
380,220,2000,1
380,220,2001,1
380,220,2002,1
380,220,2003,1
380,220,2004,1
380,220,2005,1
380,220,2006,1
380,220,2007,1
380,220,2008,1
380,220,2009,1
380,220,2010,1
380,225,2004,1
380,225,2005,1
380,225,2006,1
380,225,2007,1
380,225,2008,1
380,225,2009,1
380,225,2010,1
380,230,2003,1
380,230,2004,1
380,230,2005,1
380,230,2006,1
380,230,2007,1
380,230,2008,1
380,230,2009,1
380,230,2010,1
380,255,1994,1
380,255,1995,1
380,255,1996,1
380,255,1997,1
380,255,1998,1
380,255,1999,1
380,255,2000,1
380,255,2001,1
380,255,2002,1
380,255,2003,1
380,255,2004,1
380,255,2005,1
380,255,2006,1
380,255,2007,1
380,255,2009,1
380,255,2010,1
380,310,1995,1
380,310,1996,1
380,310,1997,1
380,310,1998,1
380,310,1999,1
380,310,2000,1
380,310,2001,1
380,310,2002,1
380,310,2003,1
380,310,2004,1
380,310,2005,1
380,310,2006,1
380,310,2007,1
380,310,2008,1
380,310,2009,1
380,310,2010,1
380,325,1997,1
380,325,1998,1
380,325,1999,1
380,325,2000,1
380,325,2001,1
380,325,2002,1
380,325,2003,1
380,325,2004,1
380,325,2005,1
380,325,2006,1
380,325,2007,1
380,325,2008,1
380,325,2009,1
380,325,2010,1
380,344,2007,1
380,344,2008,1
380,344,2009,1
380,344,2010,1
380,355,2006,1
380,355,2007,1
380,355,2008,1
380,355,2009,1
380,355,2010,1
380,366,2010,1
380,560,2000,1
380,560,2001,1
380,560,2002,1
380,560,2003,1
380,560,2004,1
380,560,2005,1
380,560,2006,1
380,560,2007,1
380,560,2008,1
380,560,2009,1
380,560,2010,1
380,670,2005,1
380,670,2006,1
380,670,2007,1
380,670,2008,1
380,670,2009,1
380,670,2010,1
380,750,2009,1
380,750,2010,1
380,820,1994,1
380,820,1995,1
380,820,1996,1
380,820,1997,1
380,820,1998,1
380,820,1999,1
380,820,2000,1
380,820,2001,1
380,820,2002,1
380,820,2003,1
380,820,2004,1
380,820,2005,1
380,820,2006,1
380,820,2007,1
380,820,2008,1
380,820,2009,1
380,820,2010,1
380,900,1994,1
380,900,1995,1
380,900,1996,1
380,900,1997,1
380,900,1998,1
380,900,1999,1
380,900,2000,1
380,900,2001,1
380,900,2002,1
380,900,2003,1
380,900,2004,1
380,900,2005,1
380,900,2006,1
380,900,2007,1
380,900,2008,1
380,900,2009,1
380,900,2010,1
385,200,1986,1
385,200,1987,1
385,200,1988,1
385,200,1989,1
385,200,1990,1
385,200,1991,1
385,200,1992,1
385,225,2004,1
385,225,2005,1
385,225,2006,1
385,225,2007,1
385,225,2008,1
385,225,2009,1
385,225,2010,1
385,230,1985,1
385,230,1986,1
385,230,1987,1
385,230,1988,1
385,230,1989,1
385,230,1990,1
385,230,1991,1
385,230,1992,1
385,230,1993,1
385,230,1994,1
385,230,1995,1
385,230,1996,1
385,230,1997,1
385,230,1998,1
385,230,1999,1
385,230,2000,1
385,230,2001,1
385,230,2002,1
385,230,2003,1
385,230,2004,1
385,230,2005,1
385,230,2006,1
385,230,2007,1
385,230,2008,1
385,230,2009,1
385,230,2010,1
385,290,1996,1
385,290,1997,1
385,290,1998,1
385,290,1999,1
385,290,2000,1
385,290,2001,1
385,290,2002,1
385,290,2010,1
385,316,1995,1
385,316,1996,1
385,316,1997,1
385,316,1998,1
385,316,1999,1
385,316,2000,1
385,316,2001,1
385,316,2002,1
385,316,2003,1
385,316,2004,1
385,316,2005,1
385,316,2006,1
385,316,2007,1
385,316,2008,1
385,316,2009,1
385,316,2010,1
385,345,2006,1
385,345,2007,1
385,345,2008,1
385,345,2009,1
385,345,2010,1
385,349,2002,1
385,349,2003,1
385,349,2004,1
385,349,2005,1
385,349,2006,1
385,349,2007,1
385,349,2008,1
385,349,2009,1
385,349,2010,1
385,355,1998,1
385,355,1999,1
385,355,2000,1
385,355,2001,1
385,355,2002,1
385,355,2003,1
385,355,2004,1
385,368,1995,1
385,368,1996,1
385,368,1997,1
385,368,1998,1
385,368,1999,1
385,368,2000,1
385,368,2001,1
385,369,1999,1
385,369,2000,1
385,369,2001,1
385,369,2002,1
385,369,2003,1
385,369,2004,1
385,369,2005,1
385,640,1993,1
385,640,1994,1
385,640,1995,1
385,640,1996,1
385,640,1997,1
385,640,1998,1
385,640,1999,1
385,640,2000,1
385,640,2001,1
385,640,2002,1
385,640,2003,1
385,640,2004,1
385,640,2005,1
385,640,2006,1
385,640,2007,1
385,640,2008,1
385,640,2009,1
385,640,2010,1
385,900,1990,1
385,900,1991,1
385,900,1992,1
385,900,1993,1
385,900,1994,1
385,900,1995,1
385,900,1996,1
390,2,1980,1
390,2,1981,1
390,2,1982,1
390,2,1983,1
390,2,1984,1
390,2,1985,1
390,2,1986,1
390,2,1987,1
390,2,1988,1
390,2,1989,1
390,2,1990,1
390,2,1991,1
390,2,1992,1
390,2,1993,1
390,2,1994,1
390,2,1995,1
390,2,1996,1
390,2,1997,1
390,2,1998,1
390,2,1999,1
390,2,2000,1
390,2,2001,1
390,2,2002,1
390,2,2003,1
390,2,2004,1
390,2,2005,1
390,2,2006,1
390,2,2007,1
390,2,2008,1
390,2,2009,1
390,2,2010,1
390,225,2007,1
390,225,2008,1
390,225,2009,1
390,225,2010,1
390,290,1993,1
390,290,1994,1
390,290,1995,1
390,290,1996,1
390,290,1997,1
390,290,1998,1
390,290,1999,1
390,317,1999,1
390,317,2000,1
390,317,2001,1
390,317,2002,1
390,317,2003,1
390,317,2004,1
390,317,2005,1
390,344,2003,1
390,344,2004,1
390,344,2005,1
390,344,2006,1
390,344,2007,1
390,344,2008,1
390,344,2009,1
390,349,1998,1
390,349,1999,1
390,349,2000,1
390,349,2001,1
390,349,2002,1
390,349,2003,1
390,349,2004,1
390,355,1998,1
390,355,1999,1
390,355,2000,1
390,355,2001,1
390,355,2002,1
390,355,2003,1
390,355,2004,1
390,365,1994,1
390,365,1995,1
390,365,1996,1
390,365,1997,1
390,365,1998,1
390,365,1999,1
390,365,2000,1
390,365,2001,1
390,365,2002,1
390,365,2003,1
390,365,2004,1
390,365,2005,1
390,365,2006,1
390,365,2007,1
390,365,2008,1
390,365,2009,1
390,365,2010,1
390,366,1994,1
390,366,1995,1
390,366,1996,1
390,366,1997,1
390,366,1998,1
390,366,1999,1
390,366,2000,1
390,366,2001,1
390,366,2002,1
390,366,2003,1
390,366,2004,1
390,366,2005,1
390,366,2006,1
390,366,2007,1
390,366,2008,1
390,366,2009,1
390,366,2010,1
390,367,1994,1
390,367,1995,1
390,367,1996,1
390,367,1997,1
390,367,1998,1
390,367,1999,1
390,367,2000,1
390,367,2001,1
390,367,2002,1
390,367,2003,1
390,367,2004,1
390,367,2005,1
390,367,2006,1
390,367,2007,1
390,367,2008,1
390,367,2009,1
390,367,2010,1
390,368,1994,1
390,368,1995,1
390,368,1996,1
390,368,1997,1
390,368,1998,1
390,368,1999,1
390,368,2000,1
390,368,2001,1
390,368,2002,1
390,368,2003,1
390,368,2004,1
390,368,2005,1
390,368,2006,1
390,368,2007,1
390,368,2008,1
390,368,2009,1
390,368,2010,1
404,560,2007,1
404,560,2008,1
404,560,2009,1
404,560,2010,1
411,560,2004,1
411,560,2005,1
411,560,2006,1
411,560,2007,1
411,560,2008,1
411,560,2009,1
411,560,2010,1
420,369,2002,1
420,369,2003,1
420,369,2004,1
420,369,2005,1
420,369,2006,1
420,369,2007,1
420,369,2008,1
420,369,2009,1
420,369,2010,1
420,640,1999,1
420,640,2000,1
420,640,2001,1
420,640,2002,1
420,640,2003,1
420,640,2004,1
420,640,2005,1
420,640,2006,1
420,640,2007,1
420,640,2008,1
420,640,2009,1
420,640,2010,1
432,560,2005,1
432,560,2006,1
432,560,2007,1
432,560,2008,1
432,560,2009,1
432,560,2010,1
432,640,2000,1
432,640,2001,1
432,640,2002,1
432,640,2003,1
432,640,2004,1
432,640,2005,1
432,640,2006,1
432,640,2007,1
432,640,2008,1
432,640,2009,1
432,640,2010,1
433,360,2006,1
433,360,2007,1
433,360,2008,1
433,360,2009,1
433,360,2010,1
433,560,2008,1
433,560,2009,1
433,560,2010,1
433,640,1998,1
433,640,1999,1
433,640,2000,1
433,640,2001,1
433,640,2002,1
433,640,2003,1
433,640,2004,1
433,640,2005,1
433,640,2006,1
433,640,2007,1
433,640,2008,1
433,640,2009,1
433,640,2010,1
434,481,2010,1
434,560,2008,1
434,560,2009,1
434,560,2010,1
439,640,2001,1
439,640,2002,1
439,640,2003,1
439,640,2004,1
439,640,2005,1
439,640,2006,1
439,640,2007,1
439,640,2008,1
439,640,2009,1
439,640,2010,1
452,560,2000,1
452,560,2001,1
452,560,2002,1
452,560,2003,1
452,560,2004,1
452,560,2005,1
452,560,2006,1
452,560,2007,1
452,560,2008,1
452,560,2009,1
452,560,2010,1
461,560,1997,1
461,560,1998,1
461,560,1999,1
461,560,2000,1
461,560,2001,1
461,560,2002,1
461,560,2003,1
461,560,2004,1
461,560,2005,1
461,560,2006,1
461,560,2007,1
461,560,2008,1
461,560,2009,1
461,560,2010,1
471,482,2006,1
471,482,2007,1
471,482,2008,1
471,482,2009,1
471,482,2010,1
475,360,2010,1
475,560,2001,1
475,560,2002,1
475,560,2003,1
475,560,2004,1
475,560,2005,1
475,560,2006,1
475,560,2007,1
475,560,2008,1
475,560,2009,1
475,560,2010,1
475,750,2007,1
475,750,2008,1
475,750,2009,1
475,750,2010,1
481,434,2010,1
481,560,2006,1
481,560,2007,1
481,560,2008,1
481,560,2009,1
481,560,2010,1
482,471,2006,1
482,471,2007,1
482,471,2008,1
482,471,2009,1
482,471,2010,1
482,560,2007,1
482,560,2008,1
482,560,2009,1
482,560,2010,1
484,560,2008,1
484,560,2009,1
484,560,2010,1
490,560,2004,1
490,560,2005,1
490,560,2006,1
490,560,2007,1
490,560,2008,1
490,560,2009,1
490,560,2010,1
510,516,2008,1
510,516,2009,1
510,516,2010,1
516,510,2008,1
516,510,2009,1
516,510,2010,1
517,560,2004,1
517,560,2005,1
517,560,2006,1
517,560,2007,1
517,560,2008,1
517,560,2009,1
517,560,2010,1
520,640,2010,1
522,325,2002,1
522,325,2003,1
522,325,2004,1
522,325,2005,1
522,325,2006,1
522,325,2007,1
522,325,2008,1
522,325,2009,1
522,325,2010,1
530,560,2009,1
530,560,2010,1
540,40,2002,1
540,40,2003,1
540,40,2004,1
540,40,2005,1
540,40,2006,1
540,40,2007,1
540,40,2008,1
540,541,2010,1
540,552,2006,1
540,552,2007,1
540,552,2008,1
540,552,2009,1
540,552,2010,1
540,560,2005,1
540,560,2006,1
540,560,2007,1
540,560,2008,1
540,560,2009,1
540,560,2010,1
541,540,2010,1
541,560,2000,1
541,560,2001,1
541,560,2002,1
541,560,2003,1
541,560,2004,1
541,560,2005,1
541,560,2006,1
541,560,2007,1
541,560,2008,1
541,560,2009,1
541,560,2010,1
551,560,2002,1
551,560,2003,1
551,560,2004,1
551,560,2005,1
551,560,2006,1
551,560,2007,1
551,560,2008,1
551,560,2009,1
551,560,2010,1
552,540,2006,1
552,540,2007,1
552,540,2008,1
552,540,2009,1
552,540,2010,1
552,560,1996,1
552,560,1997,1
552,560,1998,1
552,560,1999,1
552,560,2000,1
552,560,2001,1
552,560,2002,1
552,560,2005,1
552,560,2006,1
552,560,2007,1
552,560,2008,1
552,560,2009,1
552,560,2010,1
552,651,1993,1
552,651,1994,1
552,651,1995,1
552,651,1996,1
552,651,1997,1
552,651,1998,1
552,651,1999,1
553,560,2008,1
553,560,2009,1
553,560,2010,1
560,2,2001,1
560,2,2002,1
560,2,2003,1
560,2,2004,1
560,2,2005,1
560,2,2006,1
560,2,2007,1
560,2,2008,1
560,2,2009,1
560,2,2010,1
560,20,1998,1
560,20,1999,1
560,20,2000,1
560,20,2001,1
560,20,2002,1
560,20,2003,1
560,20,2004,1
560,155,2006,1
560,155,2007,1
560,155,2008,1
560,155,2009,1
560,155,2010,1
560,160,1997,1
560,160,1998,1
560,160,1999,1
560,160,2000,1
560,160,2001,1
560,160,2002,1
560,160,2003,1
560,160,2010,1
560,200,1997,1
560,200,1998,1
560,200,1999,1
560,200,2000,1
560,200,2001,1
560,200,2002,1
560,200,2003,1
560,200,2004,1
560,200,2005,1
560,200,2006,1
560,200,2007,1
560,200,2008,1
560,200,2009,1
560,200,2010,1
560,210,2005,1
560,210,2006,1
560,210,2007,1
560,210,2008,1
560,210,2009,1
560,210,2010,1
560,211,2006,1
560,211,2007,1
560,211,2008,1
560,211,2009,1
560,211,2010,1
560,220,1998,1
560,220,1999,1
560,220,2000,1
560,220,2001,1
560,220,2002,1
560,220,2003,1
560,220,2004,1
560,220,2005,1
560,220,2006,1
560,220,2007,1
560,220,2008,1
560,220,2009,1
560,220,2010,1
560,230,1997,1
560,230,1998,1
560,230,1999,1
560,230,2000,1
560,230,2001,1
560,230,2002,1
560,230,2003,1
560,230,2004,1
560,230,2005,1
560,230,2006,1
560,230,2007,1
560,230,2008,1
560,230,2009,1
560,230,2010,1
560,255,1999,1
560,255,2000,1
560,255,2001,1
560,255,2002,1
560,255,2003,1
560,255,2004,1
560,255,2005,1
560,255,2006,1
560,255,2007,1
560,255,2008,1
560,255,2009,1
560,255,2010,1
560,290,1999,1
560,290,2000,1
560,290,2001,1
560,290,2002,1
560,290,2003,1
560,290,2004,1
560,290,2005,1
560,290,2006,1
560,290,2007,1
560,290,2008,1
560,290,2009,1
560,290,2010,1
560,316,1999,1
560,316,2000,1
560,316,2001,1
560,316,2002,1
560,316,2003,1
560,316,2004,1
560,316,2005,1
560,316,2006,1
560,316,2007,1
560,316,2008,1
560,316,2009,1
560,316,2010,1
560,317,1997,1
560,317,1998,1
560,317,1999,1
560,317,2000,1
560,317,2001,1
560,317,2002,1
560,317,2003,1
560,317,2004,1
560,317,2005,1
560,317,2006,1
560,317,2007,1
560,317,2008,1
560,317,2009,1
560,317,2010,1
560,325,1997,1
560,325,1998,1
560,325,1999,1
560,325,2000,1
560,325,2001,1
560,325,2002,1
560,325,2003,1
560,325,2004,1
560,325,2005,1
560,325,2006,1
560,325,2007,1
560,325,2008,1
560,325,2009,1
560,325,2010,1
560,352,1999,1
560,352,2000,1
560,352,2001,1
560,352,2002,1
560,352,2003,1
560,352,2004,1
560,352,2005,1
560,352,2006,1
560,352,2007,1
560,352,2008,1
560,352,2009,1
560,352,2010,1
560,355,1997,1
560,355,1998,1
560,355,1999,1
560,355,2000,1
560,355,2001,1
560,355,2002,1
560,355,2003,1
560,355,2004,1
560,355,2005,1
560,355,2006,1
560,355,2007,1
560,355,2008,1
560,355,2009,1
560,355,2010,1
560,360,2003,1
560,360,2004,1
560,360,2005,1
560,360,2006,1
560,360,2007,1
560,360,2008,1
560,360,2009,1
560,360,2010,1
560,365,1995,1
560,365,1996,1
560,365,1997,1
560,365,1998,1
560,365,1999,1
560,365,2000,1
560,365,2001,1
560,365,2002,1
560,365,2003,1
560,365,2004,1
560,365,2005,1
560,365,2006,1
560,365,2007,1
560,365,2008,1
560,365,2009,1
560,365,2010,1
560,369,1995,1
560,369,1996,1
560,369,1997,1
560,369,1998,1
560,369,1999,1
560,369,2000,1
560,369,2001,1
560,369,2002,1
560,369,2003,1
560,369,2004,1
560,369,2005,1
560,369,2006,1
560,369,2007,1
560,369,2008,1
560,369,2009,1
560,369,2010,1
560,370,2006,1
560,370,2007,1
560,370,2008,1
560,370,2009,1
560,370,2010,1
560,380,2000,1
560,380,2001,1
560,380,2002,1
560,380,2003,1
560,380,2004,1
560,380,2005,1
560,380,2006,1
560,380,2007,1
560,380,2008,1
560,380,2009,1
560,380,2010,1
560,404,2007,1
560,404,2008,1
560,404,2009,1
560,404,2010,1
560,411,2004,1
560,411,2005,1
560,411,2006,1
560,411,2007,1
560,411,2008,1
560,411,2009,1
560,411,2010,1
560,432,2005,1
560,432,2006,1
560,432,2007,1
560,432,2008,1
560,432,2009,1
560,432,2010,1
560,433,2008,1
560,433,2009,1
560,433,2010,1
560,434,2008,1
560,434,2009,1
560,434,2010,1
560,452,2000,1
560,452,2001,1
560,452,2002,1
560,452,2003,1
560,452,2004,1
560,452,2005,1
560,452,2006,1
560,452,2007,1
560,452,2008,1
560,452,2009,1
560,452,2010,1
560,461,1997,1
560,461,1998,1
560,461,1999,1
560,461,2000,1
560,461,2001,1
560,461,2002,1
560,461,2003,1
560,461,2004,1
560,461,2005,1
560,461,2006,1
560,461,2007,1
560,461,2008,1
560,461,2009,1
560,461,2010,1
560,475,2001,1
560,475,2002,1
560,475,2003,1
560,475,2004,1
560,475,2005,1
560,475,2006,1
560,475,2007,1
560,475,2008,1
560,475,2009,1
560,475,2010,1
560,481,2006,1
560,481,2007,1
560,481,2008,1
560,481,2009,1
560,481,2010,1
560,482,2007,1
560,482,2008,1
560,482,2009,1
560,482,2010,1
560,484,2008,1
560,484,2009,1
560,484,2010,1
560,490,2004,1
560,490,2005,1
560,490,2006,1
560,490,2007,1
560,490,2008,1
560,490,2009,1
560,490,2010,1
560,517,2004,1
560,517,2005,1
560,517,2006,1
560,517,2007,1
560,517,2008,1
560,517,2009,1
560,517,2010,1
560,530,2009,1
560,530,2010,1
560,540,2005,1
560,540,2006,1
560,540,2007,1
560,540,2008,1
560,540,2009,1
560,540,2010,1
560,541,2000,1
560,541,2001,1
560,541,2002,1
560,541,2003,1
560,541,2004,1
560,541,2005,1
560,541,2006,1
560,541,2007,1
560,541,2008,1
560,541,2009,1
560,541,2010,1
560,551,2002,1
560,551,2003,1
560,551,2004,1
560,551,2005,1
560,551,2006,1
560,551,2007,1
560,551,2008,1
560,551,2009,1
560,551,2010,1
560,552,1996,1
560,552,1997,1
560,552,1998,1
560,552,1999,1
560,552,2000,1
560,552,2001,1
560,552,2002,1
560,552,2005,1
560,552,2006,1
560,552,2007,1
560,552,2008,1
560,552,2009,1
560,552,2010,1
560,553,2008,1
560,553,2009,1
560,553,2010,1
560,565,1997,1
560,565,1998,1
560,565,1999,1
560,565,2000,1
560,565,2001,1
560,565,2002,1
560,565,2003,1
560,565,2004,1
560,565,2005,1
560,565,2006,1
560,565,2007,1
560,565,2008,1
560,565,2009,1
560,565,2010,1
560,571,2000,1
560,571,2001,1
560,571,2002,1
560,571,2003,1
560,571,2004,1
560,571,2005,1
560,571,2006,1
560,571,2007,1
560,571,2008,1
560,571,2009,1
560,571,2010,1
560,616,2005,1
560,616,2006,1
560,616,2007,1
560,616,2008,1
560,616,2009,1
560,616,2010,1
560,625,2007,1
560,625,2008,1
560,625,2009,1
560,625,2010,1
560,663,2000,1
560,663,2001,1
560,663,2002,1
560,663,2003,1
560,663,2004,1
560,663,2005,1
560,663,2006,1
560,663,2007,1
560,663,2008,1
560,663,2009,1
560,663,2010,1
560,670,2003,1
560,670,2004,1
560,670,2005,1
560,670,2006,1
560,670,2007,1
560,670,2008,1
560,670,2009,1
560,670,2010,1
560,690,2002,1
560,690,2003,1
560,690,2004,1
560,690,2005,1
560,690,2006,1
560,690,2007,1
560,690,2008,1
560,690,2009,1
560,690,2010,1
560,694,2002,1
560,694,2003,1
560,694,2004,1
560,694,2005,1
560,694,2006,1
560,694,2007,1
560,694,2008,1
560,694,2009,1
560,694,2010,1
560,696,1999,1
560,696,2000,1
560,696,2001,1
560,696,2002,1
560,696,2003,1
560,696,2004,1
560,696,2005,1
560,696,2006,1
560,696,2007,1
560,696,2008,1
560,696,2009,1
560,750,2000,1
560,750,2001,1
560,750,2002,1
560,750,2003,1
560,750,2004,1
560,750,2005,1
560,750,2006,1
560,750,2007,1
560,750,2008,1
560,750,2009,1
560,750,2010,1
560,770,1998,1
560,770,1999,1
560,770,2000,1
560,770,2001,1
560,770,2002,1
560,770,2003,1
560,770,2004,1
560,770,2005,1
560,770,2006,1
560,770,2007,1
560,770,2008,1
560,816,2006,1
560,816,2007,1
560,816,2008,1
560,816,2009,1
560,816,2010,1
560,820,1996,1
560,820,1997,1
560,820,1998,1
560,820,1999,1
560,820,2000,1
560,820,2001,1
560,820,2002,1
560,820,2003,1
560,820,2004,1
560,820,2005,1
560,820,2006,1
560,820,2007,1
560,820,2008,1
560,820,2009,1
560,820,2010,1
560,830,1997,1
560,830,1998,1
560,830,1999,1
560,830,2000,1
560,830,2001,1
560,830,2002,1
560,830,2003,1
560,850,2008,1
560,850,2009,1
560,850,2010,1
565,345,2010,1
565,560,1997,1
565,560,1998,1
565,560,1999,1
565,560,2000,1
565,560,2001,1
565,560,2002,1
565,560,2003,1
565,560,2004,1
565,560,2005,1
565,560,2006,1
565,560,2007,1
565,560,2008,1
565,560,2009,1
565,560,2010,1
571,560,2000,1
571,560,2001,1
571,560,2002,1
571,560,2003,1
571,560,2004,1
571,560,2005,1
571,560,2006,1
571,560,2007,1
571,560,2008,1
571,560,2009,1
571,560,2010,1
591,696,2009,1
591,696,2010,1
600,160,2009,1
600,160,2010,1
600,694,2010,1
615,235,2005,1
615,235,2006,1
615,235,2007,1
615,235,2008,1
615,235,2009,1
615,235,2010,1
615,325,2003,1
615,325,2004,1
615,325,2005,1
615,325,2006,1
615,325,2007,1
615,325,2008,1
615,325,2009,1
615,325,2010,1
615,640,2009,1
615,640,2010,1
616,211,2009,1
616,211,2010,1
616,230,1987,1
616,230,1988,1
616,230,1989,1
616,230,1990,1
616,230,1991,1
616,230,1992,1
616,230,1993,1
616,230,1994,1
616,230,1995,1
616,230,1996,1
616,230,1997,1
616,230,1998,1
616,230,1999,1
616,230,2000,1
616,230,2001,1
616,230,2002,1
616,230,2003,1
616,230,2004,1
616,230,2005,1
616,230,2006,1
616,230,2007,1
616,230,2008,1
616,230,2009,1
616,230,2010,1
616,255,2003,1
616,255,2004,1
616,255,2005,1
616,255,2006,1
616,255,2007,1
616,255,2008,1
616,255,2009,1
616,255,2010,1
616,316,2000,1
616,316,2001,1
616,316,2002,1
616,316,2003,1
616,316,2004,1
616,316,2005,1
616,316,2006,1
616,316,2007,1
616,316,2008,1
616,316,2009,1
616,316,2010,1
616,350,1998,1
616,350,1999,1
616,350,2000,1
616,350,2001,1
616,350,2002,1
616,350,2003,1
616,350,2004,1
616,350,2005,1
616,350,2006,1
616,350,2007,1
616,350,2008,1
616,350,2009,1
616,350,2010,1
616,560,2005,1
616,560,2006,1
616,560,2007,1
616,560,2008,1
616,560,2009,1
616,560,2010,1
616,640,1990,1
616,640,1991,1
616,640,1992,1
616,640,1993,1
616,640,1994,1
616,640,1995,1
616,640,1996,1
616,640,1997,1
616,640,1998,1
616,640,1999,1
616,640,2000,1
616,640,2001,1
616,640,2002,1
616,640,2003,1
616,640,2004,1
616,640,2005,1
616,640,2006,1
616,640,2007,1
616,640,2008,1
616,640,2009,1
616,640,2010,1
620,220,2007,1
620,220,2008,1
620,220,2009,1
620,220,2010,1
620,230,2007,1
620,230,2008,1
620,230,2009,1
620,230,2010,1
625,560,2007,1
625,560,2008,1
625,560,2009,1
625,560,2010,1
625,630,2008,1
625,630,2009,1
625,630,2010,1
625,820,2004,1
625,820,2005,1
625,820,2006,1
625,820,2007,1
625,820,2008,1
625,820,2009,1
625,820,2010,1
630,101,2009,1
630,101,2010,1
630,365,2001,1
630,365,2002,1
630,365,2003,1
630,365,2004,1
630,365,2005,1
630,365,2006,1
630,365,2007,1
630,370,2007,1
630,370,2008,1
630,370,2009,1
630,370,2010,1
630,373,2005,1
630,373,2006,1
630,373,2007,1
630,373,2008,1
630,373,2009,1
630,373,2010,1
630,625,2008,1
630,625,2009,1
630,625,2010,1
630,652,2007,1
630,652,2008,1
630,652,2009,1
630,652,2010,1
630,690,2002,1
630,690,2003,1
630,690,2004,1
630,690,2005,1
630,690,2006,1
630,690,2007,1
630,690,2008,1
630,698,1998,1
630,698,1999,1
630,698,2000,1
630,698,2001,1
630,698,2002,1
630,698,2003,1
630,698,2004,1
630,702,1998,1
630,702,1999,1
630,702,2000,1
630,702,2001,1
630,702,2002,1
630,702,2003,1
630,702,2004,1
630,702,2005,1
630,702,2006,1
630,702,2007,1
630,702,2008,1
630,702,2009,1
630,702,2010,1
630,710,1990,1
630,710,1991,1
630,710,1992,1
630,710,1993,1
630,710,1994,1
630,710,1995,1
630,710,1996,1
630,710,1997,1
630,710,1998,1
630,710,1999,1
630,710,2000,1
640,2,1980,1
640,2,1981,1
640,2,1982,1
640,2,1983,1
640,2,1984,1
640,2,1985,1
640,2,1986,1
640,2,1987,1
640,2,1988,1
640,2,1989,1
640,2,1990,1
640,2,1991,1
640,2,1992,1
640,2,1993,1
640,2,1994,1
640,2,1995,1
640,2,1996,1
640,2,1997,1
640,2,1998,1
640,2,1999,1
640,2,2000,1
640,2,2001,1
640,2,2002,1
640,2,2003,1
640,2,2004,1
640,2,2005,1
640,2,2006,1
640,2,2007,1
640,2,2008,1
640,2,2009,1
640,2,2010,1
640,155,2004,1
640,155,2005,1
640,155,2006,1
640,155,2007,1
640,155,2008,1
640,155,2009,1
640,155,2010,1
640,211,1987,1
640,211,1988,1
640,211,1989,1
640,211,1990,1
640,211,1991,1
640,211,1992,1
640,211,1993,1
640,211,1994,1
640,211,1995,1
640,211,1996,1
640,211,1997,1
640,211,1998,1
640,211,1999,1
640,211,2000,1
640,211,2001,1
640,211,2002,1
640,211,2003,1
640,211,2004,1
640,211,2005,1
640,211,2006,1
640,211,2007,1
640,211,2008,1
640,211,2009,1
640,211,2010,1
640,220,2000,1
640,220,2001,1
640,220,2002,1
640,220,2003,1
640,220,2004,1
640,220,2005,1
640,220,2006,1
640,220,2007,1
640,220,2008,1
640,220,2009,1
640,220,2010,1
640,255,2009,1
640,255,2010,1
640,290,1994,1
640,290,1995,1
640,290,1996,1
640,290,1997,1
640,290,1998,1
640,290,1999,1
640,290,2000,1
640,290,2001,1
640,290,2002,1
640,290,2003,1
640,290,2004,1
640,290,2005,1
640,290,2006,1
640,290,2007,1
640,290,2008,1
640,290,2009,1
640,290,2010,1
640,310,1995,1
640,310,1996,1
640,310,1997,1
640,310,1998,1
640,310,1999,1
640,310,2000,1
640,310,2001,1
640,310,2002,1
640,310,2003,1
640,310,2004,1
640,310,2005,1
640,310,2006,1
640,310,2007,1
640,310,2008,1
640,310,2009,1
640,310,2010,1
640,316,1997,1
640,316,1998,1
640,316,1999,1
640,316,2000,1
640,316,2001,1
640,316,2002,1
640,316,2003,1
640,316,2004,1
640,316,2005,1
640,316,2006,1
640,316,2007,1
640,316,2008,1
640,316,2009,1
640,316,2010,1
640,317,1997,1
640,317,1998,1
640,317,1999,1
640,317,2000,1
640,317,2001,1
640,317,2002,1
640,317,2003,1
640,317,2004,1
640,317,2005,1
640,317,2006,1
640,317,2007,1
640,317,2008,1
640,317,2009,1
640,317,2010,1
640,339,1992,1
640,339,1993,1
640,339,1994,1
640,339,1995,1
640,339,1996,1
640,339,1997,1
640,339,1998,1
640,339,1999,1
640,339,2000,1
640,339,2001,1
640,339,2002,1
640,339,2003,1
640,339,2004,1
640,339,2005,1
640,339,2006,1
640,339,2007,1
640,339,2008,1
640,339,2009,1
640,339,2010,1
640,343,1995,1
640,343,1996,1
640,343,1997,1
640,343,1998,1
640,343,1999,1
640,343,2000,1
640,343,2001,1
640,344,1996,1
640,344,1997,1
640,344,1998,1
640,344,1999,1
640,344,2000,1
640,344,2001,1
640,344,2002,1
640,344,2003,1
640,344,2004,1
640,344,2005,1
640,344,2006,1
640,344,2007,1
640,344,2008,1
640,344,2009,1
640,344,2010,1
640,345,2004,1
640,345,2005,1
640,345,2006,1
640,345,2007,1
640,345,2008,1
640,345,2009,1
640,345,2010,1
640,346,1996,1
640,346,1997,1
640,346,1998,1
640,346,1999,1
640,346,2000,1
640,346,2001,1
640,346,2002,1
640,346,2003,1
640,346,2004,1
640,346,2005,1
640,346,2006,1
640,346,2007,1
640,346,2008,1
640,346,2009,1
640,346,2010,1
640,349,2001,1
640,349,2002,1
640,349,2003,1
640,349,2004,1
640,349,2005,1
640,349,2006,1
640,349,2007,1
640,349,2008,1
640,349,2009,1
640,349,2010,1
640,355,1992,1
640,355,1993,1
640,355,1994,1
640,355,1995,1
640,355,1996,1
640,355,1997,1
640,355,1998,1
640,355,1999,1
640,355,2000,1
640,355,2001,1
640,355,2002,1
640,355,2003,1
640,355,2004,1
640,355,2005,1
640,355,2006,1
640,355,2007,1
640,355,2008,1
640,355,2009,1
640,355,2010,1
640,359,1998,1
640,359,1999,1
640,359,2000,1
640,359,2001,1
640,359,2002,1
640,359,2003,1
640,359,2004,1
640,359,2005,1
640,359,2006,1
640,359,2007,1
640,359,2008,1
640,359,2009,1
640,359,2010,1
640,360,1992,1
640,360,1993,1
640,360,1994,1
640,360,1995,1
640,360,1996,1
640,360,1997,1
640,360,1998,1
640,360,1999,1
640,360,2000,1
640,360,2001,1
640,360,2002,1
640,360,2003,1
640,360,2004,1
640,360,2005,1
640,360,2006,1
640,360,2007,1
640,360,2008,1
640,360,2009,1
640,360,2010,1
640,365,1993,1
640,365,1994,1
640,365,1995,1
640,365,1996,1
640,365,1997,1
640,365,1998,1
640,365,1999,1
640,365,2000,1
640,365,2001,1
640,365,2002,1
640,365,2003,1
640,365,2004,1
640,365,2005,1
640,365,2006,1
640,365,2007,1
640,365,2008,1
640,365,2009,1
640,365,2010,1
640,366,1995,1
640,366,1996,1
640,366,1997,1
640,366,1998,1
640,366,1999,1
640,366,2000,1
640,366,2001,1
640,366,2002,1
640,366,2003,1
640,366,2004,1
640,366,2005,1
640,366,2006,1
640,366,2007,1
640,366,2008,1
640,366,2009,1
640,366,2010,1
640,367,1997,1
640,367,1998,1
640,367,1999,1
640,367,2000,1
640,367,2001,1
640,367,2002,1
640,367,2003,1
640,367,2004,1
640,367,2005,1
640,367,2006,1
640,367,2007,1
640,367,2008,1
640,367,2009,1
640,367,2010,1
640,368,1995,1
640,368,1996,1
640,368,1997,1
640,368,1998,1
640,368,1999,1
640,368,2000,1
640,368,2001,1
640,368,2002,1
640,368,2003,1
640,368,2004,1
640,368,2005,1
640,368,2006,1
640,368,2007,1
640,368,2008,1
640,368,2009,1
640,368,2010,1
640,369,1994,1
640,369,1995,1
640,369,1996,1
640,369,1997,1
640,369,1998,1
640,369,1999,1
640,369,2000,1
640,369,2001,1
640,369,2002,1
640,369,2003,1
640,369,2004,1
640,369,2005,1
640,369,2006,1
640,369,2007,1
640,369,2008,1
640,369,2009,1
640,369,2010,1
640,370,1997,1
640,370,1998,1
640,370,1999,1
640,370,2000,1
640,370,2001,1
640,370,2002,1
640,370,2003,1
640,370,2004,1
640,370,2005,1
640,370,2006,1
640,370,2007,1
640,370,2008,1
640,370,2009,1
640,370,2010,1
640,372,1997,1
640,372,1998,1
640,372,1999,1
640,372,2000,1
640,372,2001,1
640,372,2002,1
640,372,2003,1
640,372,2004,1
640,372,2005,1
640,372,2006,1
640,372,2007,1
640,372,2008,1
640,372,2009,1
640,372,2010,1
640,385,1993,1
640,385,1994,1
640,385,1995,1
640,385,1996,1
640,385,1997,1
640,385,1998,1
640,385,1999,1
640,385,2000,1
640,385,2001,1
640,385,2002,1
640,385,2003,1
640,385,2004,1
640,385,2005,1
640,385,2006,1
640,385,2007,1
640,385,2008,1
640,385,2009,1
640,385,2010,1
640,420,1999,1
640,420,2000,1
640,420,2001,1
640,420,2002,1
640,420,2003,1
640,420,2004,1
640,420,2005,1
640,420,2006,1
640,420,2007,1
640,420,2008,1
640,420,2009,1
640,420,2010,1
640,432,2000,1
640,432,2001,1
640,432,2002,1
640,432,2003,1
640,432,2004,1
640,432,2005,1
640,432,2006,1
640,432,2007,1
640,432,2008,1
640,432,2009,1
640,432,2010,1
640,433,1998,1
640,433,1999,1
640,433,2000,1
640,433,2001,1
640,433,2002,1
640,433,2003,1
640,433,2004,1
640,433,2005,1
640,433,2006,1
640,433,2007,1
640,433,2008,1
640,433,2009,1
640,433,2010,1
640,439,2001,1
640,439,2002,1
640,439,2003,1
640,439,2004,1
640,439,2005,1
640,439,2006,1
640,439,2007,1
640,439,2008,1
640,439,2009,1
640,439,2010,1
640,520,2010,1
640,615,2009,1
640,615,2010,1
640,616,1990,1
640,616,1991,1
640,616,1992,1
640,616,1993,1
640,616,1994,1
640,616,1995,1
640,616,1996,1
640,616,1997,1
640,616,1998,1
640,616,1999,1
640,616,2000,1
640,616,2001,1
640,616,2002,1
640,616,2003,1
640,616,2004,1
640,616,2005,1
640,616,2006,1
640,616,2007,1
640,616,2008,1
640,616,2009,1
640,616,2010,1
640,645,2009,1
640,645,2010,1
640,651,2009,1
640,651,2010,1
640,652,2002,1
640,652,2003,1
640,652,2004,1
640,652,2005,1
640,652,2006,1
640,652,2007,1
640,652,2008,1
640,652,2009,1
640,652,2010,1
640,660,2010,1
640,670,2010,1
640,692,2007,1
640,692,2008,1
640,692,2009,1
640,692,2010,1
640,694,2007,1
640,694,2008,1
640,694,2009,1
640,694,2010,1
640,698,2001,1
640,698,2002,1
640,698,2003,1
640,698,2004,1
640,698,2005,1
640,698,2006,1
640,698,2007,1
640,698,2008,1
640,698,2009,1
640,698,2010,1
640,700,2003,1
640,700,2004,1
640,700,2005,1
640,700,2006,1
640,700,2007,1
640,700,2008,1
640,700,2009,1
640,700,2010,1
640,705,1993,1
640,705,1994,1
640,705,1995,1
640,705,1996,1
640,705,1997,1
640,705,1998,1
640,705,1999,1
640,705,2000,1
640,705,2001,1
640,705,2002,1
640,705,2003,1
640,705,2004,1
640,705,2005,1
640,705,2006,1
640,705,2007,1
640,705,2008,1
640,705,2009,1
640,705,2010,1
640,712,2001,1
640,712,2002,1
640,712,2003,1
640,712,2004,1
640,712,2005,1
640,712,2006,1
640,712,2007,1
640,732,1999,1
640,732,2000,1
640,732,2001,1
640,732,2002,1
640,732,2003,1
640,732,2004,1
640,732,2005,1
640,732,2006,1
640,732,2007,1
640,732,2008,1
640,732,2009,1
640,732,2010,1
640,770,2001,1
640,770,2002,1
640,770,2003,1
640,770,2004,1
640,770,2005,1
640,770,2006,1
640,770,2007,1
640,770,2008,1
640,770,2009,1
640,770,2010,1
640,771,1997,1
640,771,1998,1
640,771,1999,1
640,771,2000,1
640,771,2001,1
640,771,2002,1
640,771,2003,1
640,771,2004,1
640,771,2005,1
640,771,2006,1
640,771,2007,1
640,771,2008,1
640,771,2009,1
640,771,2010,1
640,781,2010,1
640,820,1984,1
640,820,1985,1
640,820,1986,1
640,820,1987,1
640,820,1988,1
640,820,1989,1
640,820,1990,1
640,820,1999,1
640,820,2000,1
640,820,2001,1
640,820,2002,1
640,820,2003,1
640,820,2004,1
640,820,2005,1
640,830,1991,1
640,830,1992,1
640,830,1993,1
640,830,1994,1
640,830,1995,1
640,830,1996,1
640,830,1997,1
640,850,2010,1
640,900,2006,1
640,900,2007,1
640,900,2008,1
640,900,2009,1
640,900,2010,1
645,640,2009,1
645,640,2010,1
645,663,2010,1
651,2,1988,1
651,2,1989,1
651,2,1990,1
651,2,1991,1
651,2,1992,1
651,2,1993,1
651,2,1994,1
651,2,1995,1
651,2,1996,1
651,2,1997,1
651,2,1998,1
651,2,1999,1
651,2,2000,1
651,2,2001,1
651,2,2002,1
651,2,2003,1
651,2,2004,1
651,2,2005,1
651,2,2006,1
651,2,2007,1
651,2,2008,1
651,2,2009,1
651,2,2010,1
651,316,1998,1
651,316,1999,1
651,316,2000,1
651,316,2001,1
651,316,2002,1
651,316,2003,1
651,316,2004,1
651,316,2005,1
651,316,2006,1
651,316,2007,1
651,316,2008,1
651,316,2009,1
651,316,2010,1
651,355,2008,1
651,355,2009,1
651,355,2010,1
651,360,2001,1
651,360,2002,1
651,360,2003,1
651,360,2004,1
651,360,2005,1
651,360,2006,1
651,360,2007,1
651,552,1993,1
651,552,1994,1
651,552,1995,1
651,552,1996,1
651,552,1997,1
651,552,1998,1
651,552,1999,1
651,640,2009,1
651,640,2010,1
651,732,2009,1
651,732,2010,1
651,750,2008,1
651,750,2009,1
651,750,2010,1
652,370,1998,1
652,370,1999,1
652,370,2000,1
652,370,2001,1
652,370,2002,1
652,370,2003,1
652,370,2004,1
652,370,2005,1
652,370,2006,1
652,370,2007,1
652,370,2008,1
652,370,2009,1
652,370,2010,1
652,630,2007,1
652,630,2008,1
652,630,2009,1
652,630,2010,1
652,640,2002,1
652,640,2003,1
652,640,2004,1
652,640,2005,1
652,640,2006,1
652,640,2007,1
652,640,2008,1
652,640,2009,1
652,640,2010,1
660,325,2004,1
660,325,2005,1
660,325,2006,1
660,325,2007,1
660,325,2008,1
660,325,2009,1
660,325,2010,1
660,371,2001,1
660,371,2002,1
660,371,2003,1
660,371,2004,1
660,371,2005,1
660,371,2006,1
660,371,2007,1
660,371,2008,1
660,371,2009,1
660,371,2010,1
660,640,2010,1
663,255,2009,1
663,255,2010,1
663,316,2009,1
663,316,2010,1
663,325,2002,1
663,325,2003,1
663,325,2004,1
663,325,2005,1
663,325,2006,1
663,325,2007,1
663,325,2008,1
663,325,2009,1
663,325,2010,1
663,355,2010,1
663,360,2004,1
663,360,2005,1
663,360,2006,1
663,360,2007,1
663,360,2008,1
663,360,2009,1
663,360,2010,1
663,365,2001,1
663,365,2002,1
663,365,2003,1
663,365,2004,1
663,365,2005,1
663,365,2006,1
663,365,2007,1
663,365,2008,1
663,365,2009,1
663,365,2010,1
663,370,2008,1
663,370,2009,1
663,370,2010,1
663,373,2007,1
663,373,2008,1
663,373,2009,1
663,373,2010,1
663,560,2000,1
663,560,2001,1
663,560,2002,1
663,560,2003,1
663,560,2004,1
663,560,2005,1
663,560,2006,1
663,560,2007,1
663,560,2008,1
663,560,2009,1
663,560,2010,1
663,645,2010,1
663,732,2009,1
663,732,2010,1
666,2,1987,1
666,2,1988,1
666,2,1989,1
666,2,1990,1
666,2,1991,1
666,2,1992,1
666,2,1993,1
666,2,1994,1
666,2,1995,1
666,2,1996,1
666,2,1997,1
666,2,1998,1
666,2,1999,1
666,2,2000,1
666,2,2001,1
666,2,2002,1
666,2,2003,1
666,2,2004,1
666,2,2005,1
666,2,2006,1
666,2,2007,1
666,2,2008,1
666,2,2009,1
666,2,2010,1
666,135,2008,1
666,135,2009,1
666,135,2010,1
666,140,2010,1
666,160,2010,1
666,200,1998,1
666,200,1999,1
666,200,2000,1
666,200,2001,1
666,200,2002,1
666,200,2003,1
666,200,2004,1
666,230,1997,1
666,230,1998,1
666,230,1999,1
666,230,2000,1
666,230,2001,1
666,230,2002,1
666,230,2003,1
666,230,2004,1
666,230,2005,1
666,230,2006,1
666,230,2007,1
666,230,2008,1
666,230,2009,1
666,230,2010,1
666,290,1994,1
666,290,1995,1
666,290,1996,1
666,290,1997,1
666,290,1998,1
666,290,1999,1
666,290,2000,1
666,290,2004,1
666,290,2005,1
666,290,2006,1
666,290,2007,1
666,290,2008,1
666,290,2009,1
666,290,2010,1
666,316,2009,1
666,316,2010,1
666,344,1997,1
666,344,1998,1
666,344,1999,1
666,344,2000,1
666,344,2001,1
666,344,2002,1
666,344,2003,1
666,344,2004,1
666,344,2005,1
666,349,1998,1
666,349,1999,1
666,349,2000,1
666,349,2001,1
666,349,2002,1
666,349,2003,1
666,349,2004,1
666,349,2005,1
666,349,2006,1
666,349,2007,1
666,349,2008,1
666,349,2009,1
666,349,2010,1
666,355,2000,1
666,355,2001,1
666,355,2002,1
666,355,2003,1
666,355,2004,1
666,355,2005,1
666,355,2006,1
666,365,2010,1
666,367,2005,1
666,367,2006,1
666,367,2007,1
666,367,2008,1
666,367,2009,1
666,367,2010,1
666,369,1999,1
666,369,2000,1
666,369,2001,1
666,369,2002,1
666,369,2003,1
666,369,2004,1
666,369,2005,1
670,2,1982,1
670,2,1983,1
670,2,1984,1
670,2,1985,1
670,2,1986,1
670,2,1987,1
670,2,1988,1
670,140,1984,1
670,140,1985,1
670,140,1986,1
670,140,1987,1
670,140,1988,1
670,140,1989,1
670,140,1990,1
670,140,1991,1
670,140,1992,1
670,140,1993,1
670,140,1994,1
670,200,1988,1
670,200,1989,1
670,200,1990,1
670,200,1991,1
670,200,1992,1
670,200,1993,1
670,200,1994,1
670,230,2008,1
670,230,2009,1
670,230,2010,1
670,325,1993,1
670,325,1994,1
670,325,1995,1
670,325,1996,1
670,325,1997,1
670,325,1998,1
670,325,1999,1
670,325,2000,1
670,325,2001,1
670,325,2002,1
670,325,2003,1
670,325,2004,1
670,325,2005,1
670,325,2006,1
670,325,2007,1
670,325,2008,1
670,325,2009,1
670,325,2010,1
670,365,2008,1
670,365,2009,1
670,365,2010,1
670,380,2005,1
670,380,2006,1
670,380,2007,1
670,380,2008,1
670,380,2009,1
670,380,2010,1
670,560,2003,1
670,560,2004,1
670,560,2005,1
670,560,2006,1
670,560,2007,1
670,560,2008,1
670,560,2009,1
670,560,2010,1
670,640,2010,1
690,210,1995,1
690,210,1996,1
690,210,1997,1
690,210,1998,1
690,210,1999,1
690,210,2000,1
690,210,2001,1
690,220,1992,1
690,220,1993,1
690,220,1994,1
690,220,1995,1
690,220,1996,1
690,220,1997,1
690,220,1998,1
690,560,2002,1
690,560,2003,1
690,560,2004,1
690,560,2005,1
690,560,2006,1
690,560,2007,1
690,560,2008,1
690,560,2009,1
690,560,2010,1
690,630,2002,1
690,630,2003,1
690,630,2004,1
690,630,2005,1
690,630,2006,1
690,630,2007,1
690,630,2008,1
690,732,2004,1
690,732,2005,1
690,732,2006,1
690,732,2007,1
690,732,2008,1
690,732,2009,1
690,732,2010,1
690,771,2004,1
690,771,2005,1
690,771,2006,1
690,771,2007,1
690,771,2008,1
690,771,2009,1
690,771,2010,1
692,640,2007,1
692,640,2008,1
692,640,2009,1
692,640,2010,1
694,370,2008,1
694,370,2009,1
694,370,2010,1
694,560,2002,1
694,560,2003,1
694,560,2004,1
694,560,2005,1
694,560,2006,1
694,560,2007,1
694,560,2008,1
694,560,2009,1
694,560,2010,1
694,600,2010,1
694,640,2007,1
694,640,2008,1
694,640,2009,1
694,640,2010,1
694,750,2008,1
694,750,2009,1
694,750,2010,1
696,200,1996,1
696,200,1997,1
696,200,1998,1
696,200,1999,1
696,200,2000,1
696,200,2001,1
696,200,2002,1
696,255,1997,1
696,255,1998,1
696,255,1999,1
696,255,2000,1
696,255,2001,1
696,255,2002,1
696,255,2003,1
696,317,1999,1
696,317,2000,1
696,317,2001,1
696,317,2002,1
696,317,2003,1
696,317,2004,1
696,317,2005,1
696,317,2006,1
696,317,2007,1
696,317,2008,1
696,317,2009,1
696,317,2010,1
696,325,2003,1
696,325,2004,1
696,325,2005,1
696,325,2006,1
696,325,2007,1
696,325,2008,1
696,325,2009,1
696,325,2010,1
696,375,2007,1
696,375,2008,1
696,375,2009,1
696,375,2010,1
696,560,1999,1
696,560,2000,1
696,560,2001,1
696,560,2002,1
696,560,2003,1
696,560,2004,1
696,560,2005,1
696,560,2006,1
696,560,2007,1
696,560,2008,1
696,560,2009,1
696,591,2009,1
696,591,2010,1
696,732,2006,1
696,732,2007,1
696,732,2008,1
696,732,2009,1
696,732,2010,1
696,900,2007,1
696,900,2008,1
696,900,2009,1
696,900,2010,1
698,630,1998,1
698,630,1999,1
698,630,2000,1
698,630,2001,1
698,630,2002,1
698,630,2003,1
698,630,2004,1
698,640,2001,1
698,640,2002,1
698,640,2003,1
698,640,2004,1
698,640,2005,1
698,640,2006,1
698,640,2007,1
698,640,2008,1
698,640,2009,1
698,640,2010,1
698,750,2002,1
698,750,2003,1
698,750,2004,1
698,750,2005,1
698,750,2006,1
698,750,2007,1
698,750,2008,1
700,640,2003,1
700,640,2004,1
700,640,2005,1
700,640,2006,1
700,640,2007,1
700,640,2008,1
700,640,2009,1
700,640,2010,1
701,369,1996,1
701,369,1997,1
701,369,1998,1
701,369,1999,1
701,369,2000,1
701,369,2001,1
701,369,2002,1
701,369,2003,1
701,369,2004,1
701,369,2005,1
701,369,2006,1
701,369,2007,1
701,369,2008,1
701,369,2009,1
701,369,2010,1
701,370,2010,1
702,290,2003,1
702,290,2004,1
702,290,2005,1
702,290,2006,1
702,290,2007,1
702,290,2008,1
702,290,2009,1
702,365,1994,1
702,365,1995,1
702,365,1996,1
702,365,1997,1
702,365,1998,1
702,365,1999,1
702,365,2000,1
702,365,2001,1
702,365,2002,1
702,365,2003,1
702,365,2004,1
702,365,2005,1
702,365,2006,1
702,365,2007,1
702,365,2008,1
702,365,2009,1
702,365,2010,1
702,369,2005,1
702,369,2006,1
702,369,2007,1
702,369,2008,1
702,369,2009,1
702,369,2010,1
702,370,1998,1
702,370,1999,1
702,370,2000,1
702,370,2001,1
702,370,2002,1
702,370,2003,1
702,370,2004,1
702,370,2005,1
702,370,2006,1
702,370,2007,1
702,370,2008,1
702,370,2009,1
702,370,2010,1
702,373,2006,1
702,373,2007,1
702,373,2008,1
702,373,2009,1
702,373,2010,1
702,630,1998,1
702,630,1999,1
702,630,2000,1
702,630,2001,1
702,630,2002,1
702,630,2003,1
702,630,2004,1
702,630,2005,1
702,630,2006,1
702,630,2007,1
702,630,2008,1
702,630,2009,1
702,630,2010,1
702,703,2004,1
702,703,2005,1
702,703,2006,1
702,703,2007,1
702,703,2008,1
702,703,2009,1
702,703,2010,1
702,705,1999,1
702,705,2000,1
702,705,2001,1
702,705,2002,1
702,705,2003,1
702,705,2004,1
702,705,2005,1
702,705,2006,1
702,705,2007,1
702,705,2008,1
702,705,2009,1
702,705,2010,1
703,200,2006,1
703,200,2007,1
703,200,2008,1
703,200,2009,1
703,200,2010,1
703,365,1994,1
703,365,1995,1
703,365,1996,1
703,365,1997,1
703,365,1998,1
703,365,1999,1
703,365,2000,1
703,365,2001,1
703,365,2002,1
703,365,2003,1
703,365,2004,1
703,365,2005,1
703,365,2006,1
703,365,2007,1
703,365,2008,1
703,365,2009,1
703,365,2010,1
703,368,2008,1
703,368,2009,1
703,368,2010,1
703,369,1997,1
703,369,1998,1
703,369,1999,1
703,369,2000,1
703,369,2001,1
703,369,2002,1
703,369,2003,1
703,369,2004,1
703,369,2005,1
703,369,2006,1
703,369,2007,1
703,370,2000,1
703,370,2001,1
703,370,2002,1
703,370,2003,1
703,370,2004,1
703,370,2005,1
703,370,2006,1
703,370,2007,1
703,370,2008,1
703,370,2009,1
703,370,2010,1
703,371,2002,1
703,371,2003,1
703,371,2004,1
703,371,2005,1
703,371,2006,1
703,371,2007,1
703,371,2008,1
703,373,2004,1
703,373,2005,1
703,373,2006,1
703,373,2007,1
703,373,2008,1
703,373,2009,1
703,373,2010,1
703,702,2004,1
703,702,2005,1
703,702,2006,1
703,702,2007,1
703,702,2008,1
703,702,2009,1
703,702,2010,1
703,705,1997,1
703,705,1998,1
703,705,1999,1
703,705,2000,1
703,705,2001,1
703,705,2002,1
703,705,2003,1
703,705,2004,1
703,705,2005,1
703,705,2006,1
703,705,2007,1
703,705,2008,1
703,705,2009,1
703,705,2010,1
703,710,2004,1
703,710,2005,1
703,710,2006,1
703,710,2007,1
703,710,2008,1
703,710,2009,1
703,710,2010,1
704,325,1999,1
704,325,2000,1
704,325,2001,1
704,325,2002,1
704,325,2003,1
704,325,2004,1
704,325,2005,1
704,325,2006,1
704,325,2007,1
704,325,2008,1
704,325,2009,1
704,325,2010,1
704,365,1994,1
704,365,1995,1
704,365,1996,1
704,365,1997,1
704,365,1998,1
704,365,1999,1
704,365,2000,1
704,365,2001,1
704,365,2002,1
704,365,2003,1
704,365,2004,1
704,365,2005,1
704,365,2006,1
704,365,2007,1
704,365,2008,1
704,365,2009,1
704,365,2010,1
704,368,2002,1
704,368,2003,1
704,368,2004,1
704,368,2005,1
704,368,2006,1
704,368,2007,1
704,368,2008,1
704,369,1994,1
704,369,1995,1
704,369,1996,1
704,369,1997,1
704,369,1998,1
704,369,1999,1
704,369,2000,1
704,369,2001,1
704,369,2002,1
704,369,2003,1
704,369,2004,1
704,369,2005,1
704,369,2006,1
704,369,2007,1
704,369,2008,1
704,369,2009,1
704,369,2010,1
705,200,2000,1
705,200,2001,1
705,200,2002,1
705,200,2003,1
705,200,2004,1
705,200,2005,1
705,200,2006,1
705,200,2007,1
705,200,2008,1
705,200,2009,1
705,200,2010,1
705,220,2009,1
705,220,2010,1
705,255,2001,1
705,255,2002,1
705,255,2003,1
705,255,2004,1
705,255,2005,1
705,255,2006,1
705,255,2007,1
705,255,2008,1
705,255,2009,1
705,255,2010,1
705,290,2007,1
705,290,2008,1
705,290,2009,1
705,290,2010,1
705,317,2008,1
705,317,2009,1
705,317,2010,1
705,355,1998,1
705,355,1999,1
705,355,2000,1
705,355,2001,1
705,355,2002,1
705,355,2003,1
705,355,2004,1
705,365,1993,1
705,365,1994,1
705,365,1995,1
705,365,1996,1
705,365,1997,1
705,365,1998,1
705,365,1999,1
705,365,2000,1
705,365,2001,1
705,365,2002,1
705,365,2003,1
705,365,2004,1
705,365,2005,1
705,365,2006,1
705,365,2007,1
705,365,2008,1
705,365,2009,1
705,365,2010,1
705,368,2008,1
705,368,2009,1
705,368,2010,1
705,369,1994,1
705,369,1995,1
705,369,1996,1
705,369,1997,1
705,369,1998,1
705,369,1999,1
705,369,2000,1
705,369,2001,1
705,369,2002,1
705,369,2003,1
705,369,2004,1
705,369,2005,1
705,369,2006,1
705,369,2007,1
705,369,2008,1
705,369,2009,1
705,369,2010,1
705,370,1998,1
705,370,1999,1
705,370,2000,1
705,370,2001,1
705,370,2002,1
705,370,2003,1
705,370,2004,1
705,370,2005,1
705,370,2006,1
705,370,2007,1
705,370,2008,1
705,370,2009,1
705,370,2010,1
705,372,1997,1
705,372,1998,1
705,372,1999,1
705,372,2000,1
705,372,2001,1
705,372,2002,1
705,372,2003,1
705,372,2004,1
705,372,2005,1
705,372,2006,1
705,372,2007,1
705,372,2008,1
705,372,2009,1
705,372,2010,1
705,373,2004,1
705,373,2005,1
705,373,2006,1
705,373,2007,1
705,373,2008,1
705,373,2009,1
705,373,2010,1
705,640,1993,1
705,640,1994,1
705,640,1995,1
705,640,1996,1
705,640,1997,1
705,640,1998,1
705,640,1999,1
705,640,2000,1
705,640,2001,1
705,640,2002,1
705,640,2003,1
705,640,2004,1
705,640,2005,1
705,640,2006,1
705,640,2007,1
705,640,2008,1
705,640,2009,1
705,640,2010,1
705,702,1999,1
705,702,2000,1
705,702,2001,1
705,702,2002,1
705,702,2003,1
705,702,2004,1
705,702,2005,1
705,702,2006,1
705,702,2007,1
705,702,2008,1
705,702,2009,1
705,702,2010,1
705,703,1997,1
705,703,1998,1
705,703,1999,1
705,703,2000,1
705,703,2001,1
705,703,2002,1
705,703,2003,1
705,703,2004,1
705,703,2005,1
705,703,2006,1
705,703,2007,1
705,703,2008,1
705,703,2009,1
705,703,2010,1
705,712,2006,1
705,712,2007,1
705,712,2008,1
705,712,2009,1
705,712,2010,1
705,732,2010,1
705,750,2002,1
705,750,2003,1
705,750,2004,1
705,750,2005,1
705,750,2006,1
705,750,2007,1
705,750,2008,1
705,750,2009,1
705,750,2010,1
710,160,2007,1
710,160,2008,1
710,160,2009,1
710,160,2010,1
710,230,1989,1
710,230,1990,1
710,230,1991,1
710,230,1992,1
710,230,1993,1
710,230,1994,1
710,230,1995,1
710,290,2009,1
710,290,2010,1
710,310,2007,1
710,310,2008,1
710,310,2009,1
710,310,2010,1
710,317,2000,1
710,317,2001,1
710,317,2002,1
710,317,2003,1
710,317,2004,1
710,317,2005,1
710,317,2006,1
710,317,2007,1
710,317,2008,1
710,317,2009,1
710,317,2010,1
710,325,1985,1
710,325,1986,1
710,325,1987,1
710,325,1988,1
710,325,1989,1
710,325,1990,1
710,325,1991,1
710,339,2005,1
710,339,2006,1
710,339,2007,1
710,339,2008,1
710,339,2009,1
710,339,2010,1
710,344,1998,1
710,344,1999,1
710,344,2000,1
710,344,2001,1
710,344,2002,1
710,344,2003,1
710,344,2004,1
710,345,2008,1
710,345,2009,1
710,345,2010,1
710,349,2007,1
710,349,2008,1
710,349,2009,1
710,349,2010,1
710,355,2007,1
710,355,2008,1
710,355,2009,1
710,355,2010,1
710,365,1992,1
710,365,1993,1
710,365,1994,1
710,365,1995,1
710,365,1996,1
710,365,1997,1
710,365,1998,1
710,367,2006,1
710,367,2007,1
710,367,2008,1
710,367,2009,1
710,367,2010,1
710,368,2006,1
710,368,2007,1
710,368,2008,1
710,368,2009,1
710,368,2010,1
710,369,1995,1
710,369,1996,1
710,369,1997,1
710,369,1998,1
710,369,1999,1
710,369,2000,1
710,369,2001,1
710,369,2002,1
710,369,2003,1
710,369,2004,1
710,369,2005,1
710,370,2010,1
710,630,1990,1
710,630,1991,1
710,630,1992,1
710,630,1993,1
710,630,1994,1
710,630,1995,1
710,630,1996,1
710,630,1997,1
710,630,1998,1
710,630,1999,1
710,630,2000,1
710,703,2004,1
710,703,2005,1
710,703,2006,1
710,703,2007,1
710,703,2008,1
710,703,2009,1
710,703,2010,1
710,740,1998,1
710,740,1999,1
710,740,2000,1
710,740,2001,1
710,740,2002,1
710,740,2003,1
710,740,2004,1
710,750,2006,1
710,750,2007,1
710,750,2008,1
710,750,2009,1
710,750,2010,1
710,770,1989,1
710,770,1990,1
710,770,1991,1
710,770,1992,1
710,770,1993,1
710,770,1994,1
710,770,1995,1
710,771,2002,1
710,771,2003,1
710,771,2004,1
710,771,2005,1
710,771,2006,1
710,771,2007,1
710,771,2008,1
710,771,2009,1
710,771,2010,1
710,820,2005,1
710,820,2006,1
710,820,2007,1
710,820,2008,1
710,820,2009,1
710,820,2010,1
710,830,1997,1
710,830,1998,1
710,830,1999,1
710,830,2000,1
710,830,2001,1
710,830,2002,1
710,830,2003,1
710,830,2008,1
710,830,2009,1
710,830,2010,1
710,835,2003,1
710,835,2004,1
710,835,2005,1
710,835,2006,1
710,835,2007,1
710,835,2008,1
710,835,2009,1
710,840,1996,1
710,840,1997,1
710,840,1998,1
710,840,1999,1
710,840,2000,1
710,840,2001,1
710,840,2002,1
710,840,2004,1
710,840,2005,1
710,840,2006,1
710,840,2007,1
710,840,2008,1
710,840,2009,1
710,840,2010,1
710,850,2007,1
710,850,2008,1
710,850,2009,1
710,850,2010,1
712,255,2008,1
712,255,2009,1
712,255,2010,1
712,355,2006,1
712,355,2007,1
712,355,2008,1
712,355,2009,1
712,355,2010,1
712,369,2003,1
712,369,2004,1
712,369,2005,1
712,369,2006,1
712,369,2007,1
712,369,2008,1
712,369,2009,1
712,369,2010,1
712,640,2001,1
712,640,2002,1
712,640,2003,1
712,640,2004,1
712,640,2005,1
712,640,2006,1
712,640,2007,1
712,705,2006,1
712,705,2007,1
712,705,2008,1
712,705,2009,1
712,705,2010,1
732,2,1988,1
732,2,1989,1
732,2,1990,1
732,2,1991,1
732,2,1992,1
732,2,1993,1
732,2,1994,1
732,2,1995,1
732,2,1996,1
732,2,1997,1
732,2,1998,1
732,2,1999,1
732,2,2000,1
732,2,2001,1
732,2,2002,1
732,2,2003,1
732,2,2004,1
732,2,2005,1
732,2,2006,1
732,2,2007,1
732,2,2008,1
732,2,2009,1
732,2,2010,1
732,230,1992,1
732,230,1993,1
732,230,1994,1
732,230,1995,1
732,230,1996,1
732,230,1997,1
732,230,1998,1
732,230,2006,1
732,230,2007,1
732,230,2008,1
732,230,2009,1
732,230,2010,1
732,325,1984,1
732,325,1985,1
732,325,1986,1
732,325,1987,1
732,325,1988,1
732,325,1989,1
732,325,1990,1
732,325,1991,1
732,325,1992,1
732,325,1993,1
732,325,1994,1
732,325,1995,1
732,325,1996,1
732,325,1997,1
732,325,1998,1
732,325,1999,1
732,325,2000,1
732,325,2001,1
732,325,2002,1
732,325,2003,1
732,325,2004,1
732,325,2005,1
732,325,2006,1
732,325,2007,1
732,325,2008,1
732,325,2009,1
732,325,2010,1
732,365,1997,1
732,365,1998,1
732,365,1999,1
732,365,2000,1
732,365,2001,1
732,365,2002,1
732,365,2003,1
732,365,2004,1
732,365,2005,1
732,365,2006,1
732,365,2007,1
732,365,2008,1
732,365,2009,1
732,365,2010,1
732,368,2010,1
732,369,2006,1
732,369,2007,1
732,369,2008,1
732,369,2009,1
732,369,2010,1
732,640,1999,1
732,640,2000,1
732,640,2001,1
732,640,2002,1
732,640,2003,1
732,640,2004,1
732,640,2005,1
732,640,2006,1
732,640,2007,1
732,640,2008,1
732,640,2009,1
732,640,2010,1
732,651,2009,1
732,651,2010,1
732,663,2009,1
732,663,2010,1
732,690,2004,1
732,690,2005,1
732,690,2006,1
732,690,2007,1
732,690,2008,1
732,690,2009,1
732,690,2010,1
732,696,2006,1
732,696,2007,1
732,696,2008,1
732,696,2009,1
732,696,2010,1
732,705,2010,1
732,750,2010,1
732,771,2004,1
732,771,2005,1
732,771,2006,1
732,771,2007,1
732,771,2008,1
732,771,2009,1
732,771,2010,1
732,840,1994,1
732,840,1995,1
732,840,1996,1
732,840,1997,1
732,840,1998,1
732,840,1999,1
732,840,2000,1
732,840,2001,1
732,840,2002,1
732,840,2003,1
732,840,2004,1
732,840,2005,1
732,840,2006,1
732,840,2007,1
732,840,2008,1
732,840,2009,1
732,840,2010,1
732,850,1995,1
732,850,1996,1
732,850,1997,1
732,850,1998,1
732,850,1999,1
732,850,2000,1
732,850,2001,1
740,365,1999,1
740,365,2000,1
740,365,2001,1
740,365,2002,1
740,365,2003,1
740,365,2004,1
740,365,2005,1
740,365,2006,1
740,365,2007,1
740,365,2008,1
740,365,2009,1
740,365,2010,1
740,710,1998,1
740,710,1999,1
740,710,2000,1
740,710,2001,1
740,710,2002,1
740,710,2003,1
740,710,2004,1
740,900,2003,1
740,900,2004,1
740,900,2005,1
740,900,2006,1
740,900,2007,1
740,900,2008,1
750,2,2004,1
750,2,2005,1
750,2,2006,1
750,2,2007,1
750,2,2008,1
750,2,2009,1
750,2,2010,1
750,140,2003,1
750,140,2004,1
750,140,2005,1
750,140,2006,1
750,140,2007,1
750,140,2008,1
750,140,2009,1
750,140,2010,1
750,155,2007,1
750,155,2008,1
750,155,2009,1
750,155,2010,1
750,200,1988,1
750,200,1989,1
750,200,1990,1
750,200,1991,1
750,200,1992,1
750,200,1993,1
750,200,1994,1
750,200,1995,1
750,200,1996,1
750,200,1997,1
750,200,1998,1
750,200,1999,1
750,220,1983,1
750,220,1984,1
750,220,1985,1
750,220,1986,1
750,220,1987,1
750,220,1988,1
750,220,1989,1
750,220,2006,1
750,220,2007,1
750,220,2008,1
750,220,2009,1
750,220,2010,1
750,255,2001,1
750,255,2002,1
750,255,2003,1
750,255,2004,1
750,255,2005,1
750,255,2006,1
750,255,2007,1
750,290,2003,1
750,290,2004,1
750,290,2005,1
750,290,2006,1
750,290,2007,1
750,290,2008,1
750,290,2009,1
750,290,2010,1
750,310,2003,1
750,310,2004,1
750,310,2005,1
750,310,2006,1
750,310,2007,1
750,310,2008,1
750,310,2009,1
750,310,2010,1
750,317,1995,1
750,317,1996,1
750,317,1997,1
750,317,1998,1
750,317,1999,1
750,317,2000,1
750,317,2001,1
750,325,1985,1
750,325,1986,1
750,325,1987,1
750,325,1988,1
750,325,1989,1
750,325,1990,1
750,325,1991,1
750,325,1994,1
750,325,1995,1
750,325,1996,1
750,325,1997,1
750,325,1998,1
750,325,1999,1
750,325,2000,1
750,325,2001,1
750,325,2002,1
750,325,2003,1
750,325,2004,1
750,325,2005,1
750,325,2006,1
750,325,2007,1
750,325,2008,1
750,325,2009,1
750,325,2010,1
750,355,1993,1
750,355,1994,1
750,355,1995,1
750,355,1996,1
750,355,1997,1
750,355,1998,1
750,355,1999,1
750,355,2000,1
750,355,2001,1
750,355,2002,1
750,355,2003,1
750,355,2004,1
750,355,2005,1
750,355,2006,1
750,365,1993,1
750,365,1994,1
750,365,1995,1
750,365,1996,1
750,365,1997,1
750,365,1998,1
750,365,1999,1
750,365,2000,1
750,365,2001,1
750,365,2002,1
750,365,2003,1
750,365,2004,1
750,365,2005,1
750,365,2006,1
750,365,2007,1
750,365,2008,1
750,365,2009,1
750,365,2010,1
750,380,2009,1
750,380,2010,1
750,475,2007,1
750,475,2008,1
750,475,2009,1
750,475,2010,1
750,560,2000,1
750,560,2001,1
750,560,2002,1
750,560,2003,1
750,560,2004,1
750,560,2005,1
750,560,2006,1
750,560,2007,1
750,560,2008,1
750,560,2009,1
750,560,2010,1
750,651,2008,1
750,651,2009,1
750,651,2010,1
750,694,2008,1
750,694,2009,1
750,694,2010,1
750,698,2002,1
750,698,2003,1
750,698,2004,1
750,698,2005,1
750,698,2006,1
750,698,2007,1
750,698,2008,1
750,705,2002,1
750,705,2003,1
750,705,2004,1
750,705,2005,1
750,705,2006,1
750,705,2007,1
750,705,2008,1
750,705,2009,1
750,705,2010,1
750,710,2006,1
750,710,2007,1
750,710,2008,1
750,710,2009,1
750,710,2010,1
750,732,2010,1
750,780,2004,1
750,780,2005,1
750,780,2006,1
750,780,2007,1
750,780,2008,1
750,780,2009,1
750,780,2010,1
750,811,2007,1
750,811,2008,1
750,811,2009,1
750,811,2010,1
750,820,1993,1
750,820,1994,1
750,820,1995,1
750,820,1996,1
750,820,1997,1
750,820,1998,1
750,820,1999,1
750,830,2003,1
750,830,2004,1
750,830,2005,1
750,830,2006,1
750,830,2007,1
750,830,2008,1
750,830,2009,1
750,830,2010,1
750,840,2006,1
750,840,2007,1
750,840,2008,1
750,840,2009,1
750,840,2010,1
750,850,2001,1
750,850,2002,1
750,850,2003,1
750,850,2004,1
750,850,2005,1
750,850,2006,1
750,850,2007,1
750,850,2008,1
750,850,2009,1
750,850,2010,1
770,200,2005,1
770,200,2006,1
770,200,2007,1
770,200,2008,1
770,200,2009,1
770,200,2010,1
770,325,2009,1
770,325,2010,1
770,346,1996,1
770,346,1997,1
770,346,1998,1
770,346,1999,1
770,346,2000,1
770,346,2001,1
770,346,2002,1
770,346,2007,1
770,346,2008,1
770,346,2009,1
770,346,2010,1
770,369,2006,1
770,369,2007,1
770,369,2008,1
770,369,2009,1
770,369,2010,1
770,373,2002,1
770,373,2003,1
770,373,2004,1
770,373,2005,1
770,373,2006,1
770,373,2007,1
770,373,2008,1
770,373,2009,1
770,373,2010,1
770,560,1998,1
770,560,1999,1
770,560,2000,1
770,560,2001,1
770,560,2002,1
770,560,2003,1
770,560,2004,1
770,560,2005,1
770,560,2006,1
770,560,2007,1
770,560,2008,1
770,640,2001,1
770,640,2002,1
770,640,2003,1
770,640,2004,1
770,640,2005,1
770,640,2006,1
770,640,2007,1
770,640,2008,1
770,640,2009,1
770,640,2010,1
770,710,1989,1
770,710,1990,1
770,710,1991,1
770,710,1992,1
770,710,1993,1
770,710,1994,1
770,710,1995,1
770,820,1997,1
770,820,1998,1
770,820,1999,1
770,820,2000,1
770,820,2001,1
770,820,2002,1
770,820,2003,1
770,835,2004,1
770,835,2005,1
770,835,2006,1
770,835,2007,1
770,835,2008,1
770,835,2009,1
770,835,2010,1
770,850,2010,1
771,640,1997,1
771,640,1998,1
771,640,1999,1
771,640,2000,1
771,640,2001,1
771,640,2002,1
771,640,2003,1
771,640,2004,1
771,640,2005,1
771,640,2006,1
771,640,2007,1
771,640,2008,1
771,640,2009,1
771,640,2010,1
771,690,2004,1
771,690,2005,1
771,690,2006,1
771,690,2007,1
771,690,2008,1
771,690,2009,1
771,690,2010,1
771,710,2002,1
771,710,2003,1
771,710,2004,1
771,710,2005,1
771,710,2006,1
771,710,2007,1
771,710,2008,1
771,710,2009,1
771,710,2010,1
771,732,2004,1
771,732,2005,1
771,732,2006,1
771,732,2007,1
771,732,2008,1
771,732,2009,1
771,732,2010,1
780,750,2004,1
780,750,2005,1
780,750,2006,1
780,750,2007,1
780,750,2008,1
780,750,2009,1
780,750,2010,1
781,640,2010,1
800,840,1997,1
800,840,1998,1
800,840,1999,1
800,840,2000,1
800,840,2001,1
800,840,2002,1
800,840,2003,1
800,840,2004,1
800,840,2005,1
800,840,2006,1
800,840,2007,1
800,840,2008,1
800,840,2009,1
800,840,2010,1
811,750,2007,1
811,750,2008,1
811,750,2009,1
811,750,2010,1
816,211,2003,1
816,211,2004,1
816,211,2005,1
816,211,2006,1
816,211,2007,1
816,211,2008,1
816,211,2009,1
816,230,2010,1
816,290,2010,1
816,316,2009,1
816,316,2010,1
816,325,2000,1
816,325,2001,1
816,325,2002,1
816,325,2003,1
816,325,2004,1
816,325,2005,1
816,325,2006,1
816,325,2007,1
816,325,2008,1
816,325,2009,1
816,325,2010,1
816,355,1996,1
816,355,1997,1
816,355,1998,1
816,355,1999,1
816,355,2000,1
816,355,2001,1
816,355,2002,1
816,355,2003,1
816,355,2004,1
816,355,2005,1
816,355,2006,1
816,355,2007,1
816,355,2008,1
816,355,2009,1
816,355,2010,1
816,560,2006,1
816,560,2007,1
816,560,2008,1
816,560,2009,1
816,560,2010,1
816,820,2008,1
816,820,2009,1
816,820,2010,1
816,830,2009,1
816,830,2010,1
816,840,2010,1
816,850,2010,1
820,155,1993,1
820,155,1994,1
820,155,1995,1
820,155,1996,1
820,155,1997,1
820,155,1998,1
820,155,1999,1
820,155,2000,1
820,155,2001,1
820,155,2002,1
820,155,2003,1
820,155,2004,1
820,155,2005,1
820,155,2006,1
820,155,2007,1
820,155,2008,1
820,155,2009,1
820,155,2010,1
820,200,1988,1
820,200,1989,1
820,200,1990,1
820,200,1991,1
820,200,1992,1
820,200,1993,1
820,200,1994,1
820,200,1998,1
820,200,1999,1
820,200,2000,1
820,200,2001,1
820,200,2002,1
820,200,2003,1
820,200,2004,1
820,220,1993,1
820,220,1994,1
820,220,1995,1
820,220,1996,1
820,220,1997,1
820,220,1998,1
820,220,1999,1
820,325,1993,1
820,325,1994,1
820,325,1995,1
820,325,1996,1
820,325,1997,1
820,325,1998,1
820,325,1999,1
820,325,2000,1
820,325,2001,1
820,325,2002,1
820,325,2003,1
820,325,2004,1
820,325,2005,1
820,325,2006,1
820,325,2007,1
820,325,2008,1
820,325,2009,1
820,325,2010,1
820,339,1994,1
820,339,1995,1
820,339,1996,1
820,339,1997,1
820,339,1998,1
820,339,1999,1
820,339,2000,1
820,346,2004,1
820,346,2005,1
820,346,2006,1
820,346,2007,1
820,346,2008,1
820,346,2009,1
820,346,2010,1
820,365,1999,1
820,365,2000,1
820,365,2001,1
820,365,2002,1
820,365,2003,1
820,365,2004,1
820,365,2005,1
820,369,2007,1
820,369,2008,1
820,369,2009,1
820,369,2010,1
820,380,1994,1
820,380,1995,1
820,380,1996,1
820,380,1997,1
820,380,1998,1
820,380,1999,1
820,380,2000,1
820,380,2001,1
820,380,2002,1
820,380,2003,1
820,380,2004,1
820,380,2005,1
820,380,2006,1
820,380,2007,1
820,380,2008,1
820,380,2009,1
820,380,2010,1
820,560,1996,1
820,560,1997,1
820,560,1998,1
820,560,1999,1
820,560,2000,1
820,560,2001,1
820,560,2002,1
820,560,2003,1
820,560,2004,1
820,560,2005,1
820,560,2006,1
820,560,2007,1
820,560,2008,1
820,560,2009,1
820,560,2010,1
820,625,2004,1
820,625,2005,1
820,625,2006,1
820,625,2007,1
820,625,2008,1
820,625,2009,1
820,625,2010,1
820,640,1984,1
820,640,1985,1
820,640,1986,1
820,640,1987,1
820,640,1988,1
820,640,1989,1
820,640,1990,1
820,640,1999,1
820,640,2000,1
820,640,2001,1
820,640,2002,1
820,640,2003,1
820,640,2004,1
820,640,2005,1
820,710,2005,1
820,710,2006,1
820,710,2007,1
820,710,2008,1
820,710,2009,1
820,710,2010,1
820,750,1993,1
820,750,1994,1
820,750,1995,1
820,750,1996,1
820,750,1997,1
820,750,1998,1
820,750,1999,1
820,770,1997,1
820,770,1998,1
820,770,1999,1
820,770,2000,1
820,770,2001,1
820,770,2002,1
820,770,2003,1
820,816,2008,1
820,816,2009,1
820,816,2010,1
820,830,1995,1
820,830,1996,1
820,830,1997,1
820,830,1998,1
820,830,1999,1
820,830,2000,1
820,830,2001,1
820,835,1992,1
820,835,1993,1
820,835,1994,1
820,835,1995,1
820,835,1996,1
820,835,1997,1
820,835,1998,1
820,840,1994,1
820,840,1995,1
820,840,1996,1
820,840,1997,1
820,840,1998,1
820,840,1999,1
820,840,2000,1
820,840,2001,1
820,840,2002,1
820,840,2003,1
820,840,2004,1
820,840,2005,1
820,840,2006,1
820,840,2007,1
820,840,2008,1
820,840,2009,1
820,840,2010,1
820,850,1992,1
820,850,1993,1
820,850,1994,1
820,850,1995,1
820,850,1996,1
820,850,1997,1
820,850,1998,1
830,2,1995,1
830,2,1996,1
830,2,1997,1
830,2,1998,1
830,2,1999,1
830,2,2000,1
830,2,2001,1
830,2,2002,1
830,2,2003,1
830,2,2004,1
830,2,2005,1
830,2,2006,1
830,2,2007,1
830,2,2008,1
830,2,2009,1
830,2,2010,1
830,560,1997,1
830,560,1998,1
830,560,1999,1
830,560,2000,1
830,560,2001,1
830,560,2002,1
830,560,2003,1
830,640,1991,1
830,640,1992,1
830,640,1993,1
830,640,1994,1
830,640,1995,1
830,640,1996,1
830,640,1997,1
830,710,1997,1
830,710,1998,1
830,710,1999,1
830,710,2000,1
830,710,2001,1
830,710,2002,1
830,710,2003,1
830,710,2008,1
830,710,2009,1
830,710,2010,1
830,750,2003,1
830,750,2004,1
830,750,2005,1
830,750,2006,1
830,750,2007,1
830,750,2008,1
830,750,2009,1
830,750,2010,1
830,816,2009,1
830,816,2010,1
830,820,1995,1
830,820,1996,1
830,820,1997,1
830,820,1998,1
830,820,1999,1
830,820,2000,1
830,820,2001,1
830,840,1994,1
830,840,1995,1
830,840,1996,1
830,840,1997,1
830,840,1998,1
830,840,1999,1
830,840,2000,1
830,850,1989,1
830,850,1990,1
830,850,1991,1
830,850,1992,1
830,850,1993,1
830,850,1994,1
830,850,1995,1
830,850,2007,1
830,850,2008,1
830,850,2009,1
830,850,2010,1
830,900,1993,1
830,900,1994,1
830,900,1995,1
830,900,1996,1
830,900,1997,1
830,900,1998,1
830,900,1999,1
830,900,2000,1
830,900,2001,1
830,900,2002,1
830,900,2003,1
830,900,2008,1
830,900,2009,1
830,900,2010,1
830,920,2009,1
830,920,2010,1
835,2,1994,1
835,2,1995,1
835,2,1996,1
835,2,1997,1
835,2,1998,1
835,2,1999,1
835,2,2000,1
835,710,2003,1
835,710,2004,1
835,710,2005,1
835,710,2006,1
835,710,2007,1
835,710,2008,1
835,710,2009,1
835,770,2004,1
835,770,2005,1
835,770,2006,1
835,770,2007,1
835,770,2008,1
835,770,2009,1
835,770,2010,1
835,820,1992,1
835,820,1993,1
835,820,1994,1
835,820,1995,1
835,820,1996,1
835,820,1997,1
835,820,1998,1
835,840,2001,1
835,840,2002,1
835,840,2003,1
835,840,2004,1
835,840,2005,1
835,840,2006,1
835,840,2007,1
835,840,2008,1
835,840,2009,1
835,840,2010,1
835,850,1999,1
835,850,2000,1
835,850,2001,1
835,850,2002,1
835,850,2003,1
835,850,2004,1
835,850,2005,1
835,850,2006,1
835,850,2007,1
835,850,2008,1
835,850,2009,1
835,850,2010,1
835,900,1999,1
835,900,2000,1
835,900,2001,1
835,900,2002,1
835,900,2003,1
835,900,2004,1
835,900,2005,1
840,316,2004,1
840,316,2005,1
840,316,2006,1
840,316,2007,1
840,316,2008,1
840,316,2009,1
840,316,2010,1
840,325,2004,1
840,325,2005,1
840,325,2006,1
840,325,2007,1
840,325,2008,1
840,325,2009,1
840,325,2010,1
840,710,1996,1
840,710,1997,1
840,710,1998,1
840,710,1999,1
840,710,2000,1
840,710,2001,1
840,710,2002,1
840,710,2004,1
840,710,2005,1
840,710,2006,1
840,710,2007,1
840,710,2008,1
840,710,2009,1
840,710,2010,1
840,732,1994,1
840,732,1995,1
840,732,1996,1
840,732,1997,1
840,732,1998,1
840,732,1999,1
840,732,2000,1
840,732,2001,1
840,732,2002,1
840,732,2003,1
840,732,2004,1
840,732,2005,1
840,732,2006,1
840,732,2007,1
840,732,2008,1
840,732,2009,1
840,732,2010,1
840,750,2006,1
840,750,2007,1
840,750,2008,1
840,750,2009,1
840,750,2010,1
840,800,1997,1
840,800,1998,1
840,800,1999,1
840,800,2000,1
840,800,2001,1
840,800,2002,1
840,800,2003,1
840,800,2004,1
840,800,2005,1
840,800,2006,1
840,800,2007,1
840,800,2008,1
840,800,2009,1
840,800,2010,1
840,816,2010,1
840,820,1994,1
840,820,1995,1
840,820,1996,1
840,820,1997,1
840,820,1998,1
840,820,1999,1
840,820,2000,1
840,820,2001,1
840,820,2002,1
840,820,2003,1
840,820,2004,1
840,820,2005,1
840,820,2006,1
840,820,2007,1
840,820,2008,1
840,820,2009,1
840,820,2010,1
840,830,1994,1
840,830,1995,1
840,830,1996,1
840,830,1997,1
840,830,1998,1
840,830,1999,1
840,830,2000,1
840,835,2001,1
840,835,2002,1
840,835,2003,1
840,835,2004,1
840,835,2005,1
840,835,2006,1
840,835,2007,1
840,835,2008,1
840,835,2009,1
840,835,2010,1
840,850,1997,1
840,850,1998,1
840,850,1999,1
840,850,2000,1
840,850,2001,1
840,850,2002,1
840,850,2003,1
840,850,2004,1
840,850,2005,1
840,850,2006,1
840,850,2007,1
840,850,2008,1
840,850,2009,1
840,850,2010,1
840,900,1995,1
840,900,1996,1
840,900,1997,1
840,900,1998,1
840,900,1999,1
840,900,2000,1
840,900,2001,1
840,900,2002,1
840,900,2003,1
840,900,2004,1
840,900,2005,1
840,900,2006,1
840,900,2007,1
840,900,2008,1
840,900,2009,1
840,900,2010,1
850,2,2010,1
850,220,1996,1
850,220,1997,1
850,220,1998,1
850,220,1999,1
850,220,2000,1
850,220,2001,1
850,220,2002,1
850,220,2003,1
850,220,2004,1
850,220,2005,1
850,220,2006,1
850,316,2006,1
850,316,2007,1
850,316,2008,1
850,316,2009,1
850,316,2010,1
850,325,1997,1
850,325,1998,1
850,325,1999,1
850,325,2000,1
850,325,2001,1
850,325,2002,1
850,325,2003,1
850,325,2004,1
850,325,2005,1
850,325,2006,1
850,325,2007,1
850,365,1996,1
850,365,1997,1
850,365,1998,1
850,365,1999,1
850,365,2000,1
850,365,2001,1
850,365,2003,1
850,365,2004,1
850,365,2005,1
850,365,2006,1
850,365,2007,1
850,365,2008,1
850,365,2009,1
850,365,2010,1
850,369,1996,1
850,369,1997,1
850,369,1998,1
850,369,1999,1
850,369,2000,1
850,369,2001,1
850,369,2002,1
850,369,2003,1
850,369,2004,1
850,369,2005,1
850,369,2006,1
850,369,2007,1
850,369,2008,1
850,369,2009,1
850,369,2010,1
850,560,2008,1
850,560,2009,1
850,560,2010,1
850,640,2010,1
850,710,2007,1
850,710,2008,1
850,710,2009,1
850,710,2010,1
850,732,1995,1
850,732,1996,1
850,732,1997,1
850,732,1998,1
850,732,1999,1
850,732,2000,1
850,732,2001,1
850,750,2001,1
850,750,2002,1
850,750,2003,1
850,750,2004,1
850,750,2005,1
850,750,2006,1
850,750,2007,1
850,750,2008,1
850,750,2009,1
850,750,2010,1
850,770,2010,1
850,816,2010,1
850,820,1992,1
850,820,1993,1
850,820,1994,1
850,820,1995,1
850,820,1996,1
850,820,1997,1
850,820,1998,1
850,830,1989,1
850,830,1990,1
850,830,1991,1
850,830,1992,1
850,830,1993,1
850,830,1994,1
850,830,1995,1
850,830,2007,1
850,830,2008,1
850,830,2009,1
850,830,2010,1
850,835,1999,1
850,835,2000,1
850,835,2001,1
850,835,2002,1
850,835,2003,1
850,835,2004,1
850,835,2005,1
850,835,2006,1
850,835,2007,1
850,835,2008,1
850,835,2009,1
850,835,2010,1
850,840,1997,1
850,840,1998,1
850,840,1999,1
850,840,2000,1
850,840,2001,1
850,840,2002,1
850,840,2003,1
850,840,2004,1
850,840,2005,1
850,840,2006,1
850,840,2007,1
850,840,2008,1
850,840,2009,1
850,840,2010,1
850,900,1995,1
850,900,1996,1
850,900,1997,1
850,900,1998,1
850,900,2006,1
850,900,2007,1
850,900,2008,1
850,900,2009,1
850,900,2010,1
850,910,2010,1
900,2,1994,1
900,2,1995,1
900,2,1996,1
900,2,1997,1
900,2,1998,1
900,2,1999,1
900,2,2000,1
900,2,2001,1
900,2,2002,1
900,2,2003,1
900,2,2004,1
900,2,2005,1
900,2,2006,1
900,2,2007,1
900,2,2008,1
900,2,2009,1
900,2,2010,1
900,200,1988,1
900,200,1989,1
900,200,1990,1
900,200,1991,1
900,200,1992,1
900,200,1993,1
900,200,1994,1
900,220,1990,1
900,220,1991,1
900,220,1992,1
900,220,1993,1
900,220,1994,1
900,220,1995,1
900,220,1996,1
900,220,1997,1
900,220,1998,1
900,220,1999,1
900,220,2000,1
900,220,2001,1
900,220,2002,1
900,220,2003,1
900,220,2004,1
900,220,2005,1
900,220,2006,1
900,220,2007,1
900,220,2008,1
900,220,2009,1
900,220,2010,1
900,230,2008,1
900,230,2009,1
900,230,2010,1
900,350,1995,1
900,350,1996,1
900,350,1997,1
900,350,1998,1
900,350,1999,1
900,350,2000,1
900,350,2001,1
900,380,1994,1
900,380,1995,1
900,380,1996,1
900,380,1997,1
900,380,1998,1
900,380,1999,1
900,380,2000,1
900,380,2001,1
900,380,2002,1
900,380,2003,1
900,380,2004,1
900,380,2005,1
900,380,2006,1
900,380,2007,1
900,380,2008,1
900,380,2009,1
900,380,2010,1
900,385,1990,1
900,385,1991,1
900,385,1992,1
900,385,1993,1
900,385,1994,1
900,385,1995,1
900,385,1996,1
900,640,2006,1
900,640,2007,1
900,640,2008,1
900,640,2009,1
900,640,2010,1
900,696,2007,1
900,696,2008,1
900,696,2009,1
900,696,2010,1
900,740,2003,1
900,740,2004,1
900,740,2005,1
900,740,2006,1
900,740,2007,1
900,740,2008,1
900,830,1993,1
900,830,1994,1
900,830,1995,1
900,830,1996,1
900,830,1997,1
900,830,1998,1
900,830,1999,1
900,830,2000,1
900,830,2001,1
900,830,2002,1
900,830,2003,1
900,830,2008,1
900,830,2009,1
900,830,2010,1
900,835,1999,1
900,835,2000,1
900,835,2001,1
900,835,2002,1
900,835,2003,1
900,835,2004,1
900,835,2005,1
900,840,1995,1
900,840,1996,1
900,840,1997,1
900,840,1998,1
900,840,1999,1
900,840,2000,1
900,840,2001,1
900,840,2002,1
900,840,2003,1
900,840,2004,1
900,840,2005,1
900,840,2006,1
900,840,2007,1
900,840,2008,1
900,840,2009,1
900,840,2010,1
900,850,1995,1
900,850,1996,1
900,850,1997,1
900,850,1998,1
900,850,2006,1
900,850,2007,1
900,850,2008,1
900,850,2009,1
900,850,2010,1
910,850,2010,1
920,830,2009,1
920,830,2010,1
