president,mean_tenure
Bush 41,896.7
Bush 43,1134.8035714285713
Carter,848.7272727272727
Clinton,1236.2857142857142
Obama,1252.4716981132076
Reagan,1204.2857142857142
Trump,470
