GEOID,county,state,total,white,black,asian,pct_white,pct_black,pct_asian,region,st,votes_dem,votes_gop,total_votes,winner,flipped
01001,Autauga County,Alabama,59947,42822,12244,680,71.43309923765993,20.424708492501708,1.1343353295410945,South,AL,7439,20484,28281,Republican,No
01003,Baldwin County,Alabama,246989,202133,19909,2552,81.83886731797773,8.060682864419064,1.0332443954993946,South,AL,24934,95798,122249,Republican,No
01005,Barbour County,Alabama,24643,10852,11423,145,44.03684616321065,46.35393418009171,0.5884023860731242,South,AL,4158,5606,9855,Republican,No
01007,Bibb County,Alabama,22130,16378,4378,99,74.00813375508359,19.783099864437414,0.447356529597831,South,AL,1619,7572,9257,Republican,No
01009,Blount County,Alabama,59518,52460,716,69,88.14140260089385,1.2029974125474647,0.11593131489633388,South,AL,2576,25354,28163,Republican,No
01011,Bullock County,Alabama,10058,2293,6986,42,22.79777291708093,69.45714853847683,0.41757804732551207,South,AL,2983,1101,4111,Democratic,No
01013,Butler County,Alabama,18630,9468,8327,248,50.82125603864734,44.69672571121846,1.3311862587224907,South,AL,3251,5172,8480,Republican,No
01015,Calhoun County,Alabama,116090,81706,25450,986,70.38160048238436,21.922646222758203,0.849341028512361,South,AL,13194,34912,48653,Republican,No
01017,Chambers County,Alabama,34192,18794,13131,81,54.96607393542349,38.40372016846046,0.23689751988769303,South,AL,5405,8711,14245,Republican,No
01019,Cherokee County,Alabama,25443,23091,970,60,90.75580709821955,3.8124435011594544,0.23582124749439923,South,AL,1553,11358,13006,Republican,No
01021,Chilton County,Alabama,45992,37129,4354,200,80.72925726213255,9.466863802400418,0.434858236214994,South,AL,2698,16920,19763,Republican,No
01023,Choctaw County,Alabama,12380,7025,4649,3,56.74474959612278,37.55250403877221,0.024232633279483037,South,AL,2515,4103,6656,Republican,No
01025,Clarke County,Alabama,22543,11586,10069,119,51.3951115645655,44.66574990019075,0.5278800514572151,South,AL,4927,6965,11958,Republican,No
01027,Clay County,Alabama,14192,11357,1818,54,80.0239571589628,12.810033821871478,0.3804960541149943,South,AL,993,5734,6767,Republican,No
01029,Cleburne County,Alabama,15426,14309,562,18,92.75897834824323,3.643199792558019,0.11668611435239205,South,AL,605,6988,7651,Republican,No
01031,Coffee County,Alabama,54920,39036,8909,631,71.07793153678077,16.221777130371446,1.1489439184268027,South,AL,4601,17495,22319,Republican,No
01033,Colbert County,Alabama,58022,44866,8991,280,77.32584192202957,15.495846403088484,0.4825755747819792,South,AL,7137,19714,27160,Republican,No
01035,Conecuh County,Alabama,11275,5660,5101,9,50.19955654101995,45.24168514412417,0.07982261640798226,South,AL,2580,3423,6051,Republican,No
01037,Coosa County,Alabama,10300,6806,3007,29,66.07766990291262,29.194174757281555,0.2815533980582524,South,AL,1478,3758,5268,Republican,No
01039,Covington County,Alabama,37628,31206,4497,173,82.93292229191029,11.951206548315083,0.45976400552779845,South,AL,2314,14677,17095,Republican,No
01041,Crenshaw County,Alabama,13122,9252,3109,90,70.50754458161865,23.693034598384394,0.6858710562414266,South,AL,1457,5000,6486,Republican,No
01043,Cullman County,Alabama,90566,82079,882,498,90.628933595389,0.9738754057814192,0.5498752291146788,South,AL,4039,38704,43146,Republican,No
01045,Dale County,Alabama,49599,33551,10103,611,67.64450896187422,20.36936228552995,1.2318796749934473,South,AL,4484,14476,19139,Republican,No
01047,Dallas County,Alabama,36858,9936,25810,226,26.957512615985674,70.0255032828694,0.6131640349449238,South,AL,10236,5190,15547,Democratic,No
01049,DeKalb County,Alabama,72269,57561,975,142,79.6482585894367,1.3491261813502333,0.1964881207710083,South,AL,3758,25633,29660,Republican,No
01051,Elmore County,Alabama,89526,65175,18939,450,72.80008042356411,21.15474834126399,0.502647275651766,South,AL,9774,31374,41624,Republican,No
01053,Escambia County,Alabama,36629,22148,10831,165,60.46575118075842,29.56946681591089,0.4504627480957711,South,AL,3964,10884,14957,Republican,No
01055,Etowah County,Alabama,103105,79440,15231,680,77.04766985112265,14.772319480141602,0.6595218466611706,South,AL,10027,35653,46137,Republican,No
01057,Fayette County,Alabama,16053,13512,1777,8,84.17118295645673,11.069582009593223,0.04983492182146639,South,AL,1142,7158,8369,Republican,No
01059,Franklin County,Alabama,31966,23800,1296,22,74.45410748920727,4.054307701933304,0.06882312456985547,South,AL,1568,10417,12097,Republican,No
01061,Geneva County,Alabama,26887,22492,2316,168,83.65381039163908,8.613828244132852,0.6248372819578235,South,AL,1391,10929,12401,Republican,No
01063,Greene County,Alabama,7424,1326,6034,3,17.860991379310345,81.27693965517241,0.04040948275862069,South,AL,3133,885,4039,Democratic,No
01065,Hale County,Alabama,14829,5645,8105,15,38.06730055971407,54.656416481219225,0.10115314586283633,South,AL,3868,3369,7305,Democratic,No
01067,Henry County,Alabama,17647,12490,4430,27,70.77690258967529,25.10341701139004,0.1530005100017,South,AL,2263,6989,9320,Republican,No
01069,Houston County,Alabama,108140,69848,29442,1157,64.59034584797485,27.225818383576843,1.0699093767338634,South,AL,11352,32469,44349,Republican,No
01071,Jackson County,Alabama,53053,46884,1680,253,88.37200535313742,3.1666446760786386,0.4768816089570807,South,AL,3276,20073,23556,Republican,No
01073,Jefferson County,Alabama,667755,323438,282024,12439,48.436627206086065,42.234651930723096,1.862808964365673,South,AL,162112,131123,298704,Democratic,No
01075,Lamar County,Alabama,13693,11834,1371,6,86.42372014898123,10.012415102607171,0.043818009201781936,South,AL,806,6033,6890,Republican,No
01077,Lauderdale County,Alabama,95830,79408,8774,595,82.86340394448503,9.155796723364292,0.620891161431702,South,AL,10326,32708,43637,Republican,No
01079,Lawrence County,Alabama,33276,25268,3110,135,75.9346075249429,9.346075249429017,0.40569780021637214,South,AL,2983,13024,16122,Republican,No
01081,Lee County,Alabama,181134,120001,40057,7858,66.24984817869644,22.114567116057728,4.338224739695474,South,AL,25798,46020,73127,Republican,No
01083,Limestone County,Alabama,111233,82131,14243,1961,73.83690091969109,12.804653295335017,1.7629660262691829,South,AL,14581,37887,53332,Republican,No
01085,Lowndes County,Alabama,9833,2428,7258,0,24.69236245296451,73.81267161598699,0,South,AL,3867,1758,5655,Democratic,No
01087,Macon County,Alabama,18691,3218,14498,59,17.21684233053341,77.5667433524156,0.31565994328821356,South,AL,6084,1682,7834,Democratic,No
01089,Madison County,Alabama,405718,255719,96997,10366,63.028753962111615,23.90749239619637,2.5549766093690693,South,AL,87824,105430,197617,Republican,No
01091,Marengo County,Alabama,18851,8386,9592,49,44.485703676197545,50.883242268314675,0.25993316004455996,South,AL,4631,4995,9682,Republican,Yes
01093,Marion County,Alabama,29184,26364,1024,86,90.33717105263158,3.508771929824561,0.29468201754385964,South,AL,1197,12245,13543,Republican,No
01095,Marshall County,Alabama,99748,78468,2591,606,78.66623892208365,2.5975458154549464,0.6075309780647231,South,AL,5553,34434,40288,Republican,No
01097,Mobile County,Alabama,412590,229432,147984,8896,55.60774618871034,35.86708354540827,2.1561356310138393,South,AL,72055,100759,175164,Republican,No
01099,Monroe County,Alabama,19388,10390,8127,73,53.58984939137611,41.91768103981845,0.3765215597276666,South,AL,3740,6007,9815,Republican,No
01101,Montgomery County,Alabama,226718,69213,133799,7757,30.52823331186761,59.01560528939035,3.42143102885523,South,AL,57946,30477,89798,Democratic,No
01103,Morgan County,Alabama,124471,91891,16241,760,73.82522836644681,13.048019217327731,0.6105839914518242,South,AL,12392,40449,53543,Republican,No
01105,Perry County,Alabama,8031,2236,5720,5,27.842111816710247,71.22400697297971,0.06225874735400323,South,AL,3174,1269,4465,Democratic,No
01107,Pickens County,Alabama,18721,10468,7663,10,55.91581646279579,40.932642487046635,0.0534159500026708,South,AL,3388,5465,8912,Republican,No
01109,Pike County,Alabama,32987,18356,12275,622,55.6461636402219,37.21162882347592,1.8855912935398793,South,AL,4899,8224,13216,Republican,No
01111,Randolph County,Alabama,22510,17027,3496,128,75.64193691692581,15.530875166592626,0.5686361617059086,South,AL,1920,9102,11091,Republican,No
01113,Russell County,Alabama,58811,26947,26810,316,45.81965958749213,45.58670996922344,0.5373144479774191,South,AL,10422,10078,20718,Democratic,No
01115,St. Clair County,Alabama,94166,78776,9575,537,83.65652146209884,10.168213580273134,0.5702695240320286,South,AL,7640,35501,43526,Republican,No
01117,Shelby County,Alabama,230211,173778,31044,5042,75.48640160548366,13.48502026401866,2.190164675015529,South,AL,33087,79666,114698,Republican,No
01119,Sumter County,Alabama,11878,3097,8097,32,26.073413032497054,68.1680417578717,0.2694056238423977,South,AL,3725,1542,5307,Democratic,No
01121,Talladega County,Alabama,81021,50485,24143,480,62.311005788622694,29.79844731612792,0.592438997296997,South,AL,10898,22100,33250,Republican,No
01123,Tallapoosa County,Alabama,40938,27854,9587,260,68.03947432703113,23.418339928672626,0.6351067467878254,South,AL,4975,14884,20023,Republican,No
01125,Tuscaloosa County,Alabama,237552,142821,73434,3964,60.12199434229137,30.912810668821983,1.6686872768909546,South,AL,33399,50724,85256,Republican,No
01127,Walker County,Alabama,64841,56363,4076,299,86.92493946731234,6.286146111256767,0.46112799000632315,South,AL,4102,25464,29786,Republican,No
01129,Washington County,Alabama,15143,9973,3643,27,65.85881265271082,24.057320213960246,0.17830020471504987,South,AL,1863,6534,8441,Republican,No
01131,Wilcox County,Alabama,10172,2801,7121,1,27.536374360990955,70.00589854502556,0.009830908375933936,South,AL,3449,1793,5263,Democratic,No
01133,Winston County,Alabama,23682,21573,237,73,91.09450215353434,1.0007600709399544,0.30825099231483827,South,AL,884,10191,11149,Republican,No
02013,Aleutians East Borough,Alaska,3491,606,108,664,17.35892294471498,3.093669435691779,19.020338012030937,West,AK,3682,3589,7577,Democratic,Yes
02016,Aleutians West Census Area,Alaska,5235,1276,369,2079,24.37440305635148,7.048710601719198,39.7134670487106,West,AK,5344,3929,9669,Democratic,No
02020,Anchorage Municipality,Alaska,288976,164037,14485,28797,56.76492165439344,5.012526991860916,9.965187420408615,West,AK,3924,3041,7267,Democratic,No
04001,Apache County,Arizona,65341,13582,633,465,20.786336297271237,0.9687638695459206,0.7116511837896573,West,AZ,37744,25590,32685,Democratic,No
04003,Cochise County,Arizona,125566,77951,4104,2423,62.07970310434353,3.2684006817132025,1.9296624882531896,West,AZ,44592,71872,59501,Republican,No
04005,Coconino County,Arizona,144508,80956,2060,2684,56.02181194120741,1.425526614443491,1.8573366180419075,West,AZ,42646,27978,70993,Democratic,No
04007,Gila County,Arizona,53795,35199,289,415,65.43173157356632,0.5372246491309601,0.7714471605167766,West,AZ,17008,37802,27979,Republican,No
04009,Graham County,Arizona,39232,24317,641,225,61.98256525285481,1.6338703099510603,0.5735114192495921,West,AZ,7557,21697,15327,Republican,No
04011,Greenlee County,Arizona,9409,5409,134,134,57.48751195663726,1.4241683494526516,1.4241683494526516,West,AZ,1908,4616,3341,Republican,No
04012,La Paz County,Arizona,16664,9848,238,238,59.09745559289487,1.42822851656265,1.42822851656265,West,AZ,4202,10940,7700,Republican,No
04013,Maricopa County,Arizona,4559748,2672667,259526,208324,58.614357635553546,5.6916741890122,4.568761256104504,West,AZ,980016,1051531,2061574,Republican,Yes
04015,Mohave County,Arizona,220517,175733,2377,2554,79.6913616637266,1.0779214300938251,1.1581873506350986,West,AZ,48162,171366,111355,Republican,No
04017,Navajo County,Arizona,108415,49164,1206,458,45.347968454549644,1.112392196651755,0.42245076788267305,West,AZ,41508,58960,51386,Republican,No
04019,Pima County,Arizona,1060490,627672,38431,32648,59.186979603768066,3.6238908429122385,3.0785768842704786,West,AZ,584900,429338,520317,Democratic,No
04021,Pinal County,Arizona,469006,290049,24954,8256,61.84334528769355,5.320614235212343,1.7603186313181494,West,AZ,161312,253852,211595,Republican,No
04023,Santa Cruz County,Arizona,48926,13936,119,143,28.483832726975432,0.2432244614315497,0.2922781343253076,West,AZ,22530,15398,19428,Democratic,No
04025,Yavapai County,Arizona,245480,197911,1273,2819,80.62204660257454,0.5185758513931888,1.148362392048232,West,AZ,97434,198692,150862,Republican,No
04027,Yuma County,Arizona,211741,79485,3578,2233,37.538785591831534,1.689800274864103,1.054590277744981,West,AZ,53646,81490,68910,Republican,No
05001,Arkansas County,Arkansas,16515,11454,4317,10,69.35513169845595,26.139872842870115,0.060551014229488345,South,AR,3006,7902,5547,Republican,No
05003,Ashley County,Arkansas,18429,12681,4366,0,68.81002767377502,23.69092191654458,0,South,AR,3548,10290,7030,Republican,No
05005,Baxter County,Arkansas,42407,39118,136,294,92.24420496616125,0.3207017709340439,0.6932817695191831,South,AR,8682,32506,20954,Republican,No
05007,Benton County,Arkansas,303632,183388,5479,14007,60.398113505822835,1.804487010591769,4.613150129103652,South,AR,90462,159814,128595,Republican,No
05009,Boone County,Arkansas,38138,35826,96,121,93.93780481409618,0.25171744716555666,0.31726886569825374,South,AR,5708,27936,17112,Republican,No
05011,Bradley County,Arkansas,10208,5503,2647,0,53.90869905956113,25.93064263322884,0,South,AR,1922,4426,3209,Republican,No
05013,Calhoun County,Arkansas,4704,3458,809,8,73.51190476190477,17.19812925170068,0.17006802721088435,South,AR,758,3348,2092,Republican,No
05015,Carroll County,Arkansas,28626,20802,94,372,72.66820373087403,0.32837280793684065,1.2995179207713268,South,AR,7624,14940,11538,Republican,No
05017,Chicot County,Arkansas,9765,3942,5204,20,40.36866359447004,53.292370711725546,0.2048131080389145,South,AR,3592,3316,3490,Democratic,No
05019,Clark County,Arkansas,21125,14681,4927,171,69.49585798816568,23.323076923076925,0.8094674556213018,South,AR,5918,9052,7657,Republican,No
05021,Clay County,Arkansas,14280,13353,10,4,93.50840336134453,0.0700280112044818,0.028011204481792715,South,AR,1814,7936,4967,Republican,No
05023,Cleburne County,Arkansas,25226,23651,73,50,93.75644176643146,0.2893839689209546,0.19820819789106475,South,AR,3882,21190,12739,Republican,No
05025,Cleveland County,Arkansas,7453,6231,935,24,83.60391788541527,12.54528377834429,0.3220179793371797,South,AR,1048,5608,3374,Republican,No
05027,Columbia County,Arkansas,22349,13553,7687,96,60.642534341581275,34.39527495637389,0.42954942055572953,South,AR,4932,10734,7940,Republican,No
05029,Conway County,Arkansas,21054,17024,2428,54,80.8587441816282,11.532250403723758,0.2564833285836421,South,AR,4898,11786,8541,Republican,No
05031,Craighead County,Arkansas,113249,81397,18982,1404,71.87436533655926,16.76129590548261,1.2397460463227048,South,AR,22420,50304,37242,Republican,No
05033,Crawford County,Arkansas,61139,49797,789,692,81.44882971589328,1.2905019709187262,1.13184710250413,South,AR,9506,37230,23834,Republican,No
05035,Crittenden County,Arkansas,47266,18471,24045,358,39.0788304489485,50.871662505818136,0.7574154783565353,South,AR,14724,14056,14681,Democratic,No
05037,Cross County,Arkansas,16543,11902,2617,479,71.9458381188418,15.819379798101915,2.895484494952548,South,AR,3284,9506,6534,Republican,No
05039,Dallas County,Arkansas,6242,3289,2657,8,52.691445049663564,42.56648510092919,0.12816404998397948,South,AR,1596,2964,2324,Republican,No
05041,Desha County,Arkansas,10786,4747,5288,0,44.01075468199518,49.02651585388467,0,South,AR,3276,3610,3505,Republican,Yes
05043,Drew County,Arkansas,17046,11061,4611,129,64.88912354804647,27.05033438929954,0.7567757831749384,South,AR,4100,8406,6365,Republican,No
05045,Faulkner County,Arkansas,127717,100664,15079,1268,78.81801169773797,11.806572343540797,0.9928200631082785,South,AR,35504,70714,54465,Republican,No
05047,Franklin County,Arkansas,17326,15049,40,105,86.85790141983146,0.23086690522913542,0.6060256262264805,South,AR,2464,11164,6971,Republican,No
05049,Fulton County,Arkansas,12302,11369,42,29,92.41586733864412,0.3414079011542839,0.23573402698748172,South,AR,1812,8080,5043,Republican,No
05051,Garland County,Arkansas,100035,82699,7606,671,82.67006547708303,7.6033388314090065,0.670765232168741,South,AR,26030,56718,42327,Republican,No
05053,Grant County,Arkansas,18242,16660,490,89,91.32770529547199,2.686108979278588,0.4878851003179476,South,AR,2384,13510,8078,Republican,No
05055,Greene County,Arkansas,46432,41506,1059,191,89.39093728463129,2.2807546519641626,0.4113542384562371,South,AR,5870,25234,15820,Republican,No
05057,Hempstead County,Arkansas,19508,10677,5588,128,54.73139224933361,28.644658601599343,0.656141070330121,South,AR,3552,8386,6089,Republican,No
05059,Hot Spring County,Arkansas,33180,27282,3692,12,82.2242314647378,11.127185051235685,0.03616636528028933,South,AR,5636,18452,12283,Republican,No
05061,Howard County,Arkansas,12583,8186,2623,73,65.05602797425098,20.84558531351824,0.5801478184852579,South,AR,2316,6492,4473,Republican,No
05063,Independence County,Arkansas,38175,31927,701,332,83.63326784544859,1.8362802881466929,0.8696791093647676,South,AR,5378,22046,14011,Republican,No
05065,Izard County,Arkansas,14009,12447,220,69,88.8500249839389,1.5704190163466345,0.49254050967235347,South,AR,1898,9708,5925,Republican,No
05067,Jackson County,Arkansas,16712,12571,2541,59,75.22139779798947,15.204643370033507,0.3530397319291527,South,AR,2366,7018,4775,Republican,No
05069,Jefferson County,Arkansas,64802,24047,36593,500,37.108422579550016,56.468936143946166,0.7715811240393815,South,AR,25604,16936,21608,Democratic,No
05071,Johnson County,Arkansas,26003,21308,414,852,81.94439103180402,1.5921239856939586,3.276545014036842,South,AR,4214,13532,9059,Republican,No
05073,Lafayette County,Arkansas,6136,3543,2262,62,57.741199478487616,36.86440677966102,1.0104302477183833,South,AR,1396,3178,2325,Republican,No
05075,Lawrence County,Arkansas,16238,14969,151,14,92.18499815248184,0.9299174775218623,0.08621751447222564,South,AR,1930,9216,5692,Republican,No
05077,Lee County,Arkansas,8359,3409,4573,0,40.78239023806675,54.707500897236514,0,South,AR,2540,2362,2520,Democratic,No
05079,Lincoln County,Arkansas,12950,7994,3598,32,61.72972972972973,27.783783783783782,0.2471042471042471,South,AR,1626,5004,3372,Republican,No
05081,Little River County,Arkansas,11821,8551,2249,46,72.33736570510109,19.025463158785215,0.38913797479062684,South,AR,2168,7488,4899,Republican,No
05083,Logan County,Arkansas,21277,19015,312,322,89.36880199276214,1.4663721389293605,1.513371245946327,South,AR,2928,13134,8205,Republican,No
05085,Lonoke County,Arkansas,75272,63750,4211,753,84.69284727388671,5.594377723456265,1.0003719842703795,South,AR,13580,46450,30620,Republican,No
05087,Madison County,Arkansas,17329,12100,22,128,69.82514859484101,0.12695481562698366,0.7386462000115414,South,AR,2982,11770,7501,Republican,No
05089,Marion County,Arkansas,17228,15895,15,156,92.26259577432087,0.08706756442999768,0.9055026700719759,South,AR,3002,12460,7851,Republican,No
05091,Miller County,Arkansas,42360,28325,10806,337,66.86732766761095,25.509915014164307,0.795561850802644,South,AR,7538,23684,15803,Republican,No
05093,Mississippi County,Arkansas,39126,22227,13466,203,56.808771660788224,34.4170117057711,0.5188365792567602,South,AR,7148,13926,10717,Republican,No
05095,Monroe County,Arkansas,6589,3519,2651,48,53.40719380786159,40.23372287145242,0.728486872059493,South,AR,2004,2770,2433,Republican,No
05097,Montgomery County,Arkansas,8553,7740,72,81,90.49456331111891,0.8418098912662224,0.9470361276745002,South,AR,1290,5974,3707,Republican,No
05099,Nevada County,Arkansas,8159,5328,2580,0,65.30212035788699,31.621522245373207,0,South,AR,1698,4004,2907,Republican,No
05101,Newton County,Arkansas,7112,6621,11,3,93.09617547806525,0.1546681664791901,0.0421822272215973,South,AR,1288,6126,3770,Republican,No
05103,Ouachita County,Arkansas,22085,12052,9010,71,54.570975775413174,40.79692098709531,0.3214851709304958,South,AR,6824,10112,8626,Republican,No
05105,Perry County,Arkansas,10101,9104,312,12,90.12969012969013,3.088803088803089,0.11880011880011879,South,AR,1846,7118,4584,Republican,No
05107,Phillips County,Arkansas,15450,5232,9349,167,33.86407766990291,60.51132686084142,1.0809061488673137,South,AR,5508,4196,4938,Democratic,No
05109,Pike County,Arkansas,10115,8748,331,49,86.48541769649036,3.2723677706376666,0.4844290657439446,South,AR,1120,7492,4358,Republican,No
05111,Poinsett County,Arkansas,22543,19058,1206,41,84.54065563589585,5.3497759836756416,0.18187463957769595,South,AR,2470,11462,7079,Republican,No
05113,Polk County,Arkansas,19361,17029,24,17,87.95516760497908,0.12396053922834563,0.0878053819534115,South,AR,2290,13974,8288,Republican,No
05115,Pope County,Arkansas,64131,53562,1472,513,83.51967067408897,2.295301804119693,0.7999251532020395,South,AR,10974,36236,24191,Republican,No
05117,Prairie County,Arkansas,8064,6758,796,0,83.8045634920635,9.871031746031745,0,South,AR,1048,5256,3200,Republican,No
05119,Pulaski County,Arkansas,399818,197634,146972,8927,49.43099110095093,36.75972567518221,2.232765908488362,South,AR,184076,115954,153924,Democratic,No
05121,Randolph County,Arkansas,18838,16781,207,78,89.08058180273915,1.0988427646246948,0.41405669391655164,South,AR,2276,10734,6636,Republican,No
05125,Saline County,Arkansas,127479,102429,12001,1326,80.34970465723767,9.414099577185262,1.0401713223354436,South,AR,33218,79472,57609,Republican,No
05127,Scott County,Arkansas,9816,8212,110,297,83.6593317033415,1.1206193969030154,3.0256723716381417,South,AR,850,5826,3384,Republican,No
05129,Searcy County,Arkansas,7859,6951,2,37,88.4463672222929,0.025448530347372437,0.4707978114263901,South,AR,1022,6610,3869,Republican,No
05131,Sebastian County,Arkansas,128900,87701,6646,5743,68.03801396431342,5.155934833204034,4.455391776570986,South,AR,27304,61438,45452,Republican,No
05133,Sevier County,Arkansas,15712,8936,825,6,56.87372708757638,5.250763747454175,0.03818737270875763,South,AR,1724,7544,4714,Republican,No
05135,Sharp County,Arkansas,17773,16279,88,119,91.59399088505036,0.49513306701175935,0.669554942890902,South,AR,8538,17774,13416,Republican,No
05137,Stone County,Arkansas,12568,11302,11,8,89.92679821769573,0.08752387014640357,0.06365372374283895,South,AR,2178,9616,6030,Republican,No
05139,Union County,Arkansas,37900,23334,12235,325,61.56728232189974,32.28232189973615,0.8575197889182058,South,AR,10038,20392,15448,Republican,No
05141,Van Buren County,Arkansas,15998,14811,68,63,92.58032254031754,0.4250531316414552,0.39379922490311287,South,AR,2874,12046,7621,Republican,No
05143,Washington County,Arkansas,256765,160940,7797,6168,62.679882382723505,3.0366288240219657,2.4021965610577767,South,AR,87558,100486,97158,Republican,No
05145,White County,Arkansas,77838,67907,3326,539,87.24145019142321,4.272977209075259,0.6924638351447879,South,AR,11282,49028,30837,Republican,No
05147,Woodruff County,Arkansas,6026,4169,1498,5,69.18353800199138,24.85894457351477,0.0829737802854298,South,AR,1520,3026,2318,Republican,No
05149,Yell County,Arkansas,20134,15775,308,281,78.35005463395251,1.5297506705075992,1.3956491506903745,South,AR,2426,10294,6477,Republican,No
06001,Alameda County,California,1649473,492184,158576,543240,29.8388636855529,9.613737236074794,32.93415533324886,West,CA,499551,140789,669907,Democratic,No
06003,Alpine County,California,1616,986,0,36,61.01485148514851,0,2.2277227722772275,West,CA,479,243,738,Democratic,No
06005,Amador County,California,41428,31536,838,617,76.12242927488654,2.022786521193396,1.489330887322584,West,CA,7783,14018,22403,Republican,No
06007,Butte County,California,207929,144544,3823,11629,69.51603672407408,1.8386083711266827,5.592774456665496,West,CA,44228,47179,94556,Republican,Yes
06009,Calaveras County,California,46248,36396,457,1031,78.69745718733783,0.988150838955198,2.229285590728248,West,CA,9181,16625,26480,Republican,No
06011,Colusa County,California,21984,8466,335,215,38.50982532751092,1.5238355167394468,0.9779839883551675,West,CA,2431,4414,7021,Republican,No
06013,Contra Costa County,California,1165012,479110,96408,219557,41.124898284309516,8.275279567935781,18.8459002997394,West,CA,356008,155308,528904,Democratic,No
06015,Del Norte County,California,27107,17396,682,931,64.17530527170103,2.5159552883019147,3.4345372044121443,West,CA,4266,5999,10564,Republican,No
06017,El Dorado County,California,192662,150027,1574,10497,77.87057125951148,0.8169748056181292,5.44840186440502,West,CA,47703,61109,111890,Republican,No
06019,Fresno County,California,1016725,360596,44540,114064,35.46642405763604,4.380732253067447,11.218766136369226,West,CA,151628,165924,325994,Republican,Yes
06021,Glenn County,California,28494,15749,62,856,55.27128518284551,0.21758966800028076,3.0041412227135535,West,CA,3260,6904,10442,Republican,No
06023,Humboldt County,California,134541,97012,2137,4137,72.10590080347255,1.5883633985179237,3.0748991013891676,West,CA,39800,21559,64228,Democratic,No
06025,Imperial County,California,180202,35716,3975,2764,19.819979800446166,2.205857870611869,1.5338342526720015,West,CA,26083,26546,54025,Republican,Yes
06027,Inyo County,California,18739,11541,98,279,61.588131703932966,0.5229734777736272,1.488873472437163,West,CA,4201,4468,8951,Republican,Yes
06029,Kern County,California,915075,402035,46662,48277,43.934650165286996,5.099254159495124,5.27574242548425,West,CA,108241,167879,283246,Republican,No
06031,Kings County,California,153298,58349,9453,5792,38.062466568383144,6.1664209578729015,3.7782619473182946,West,CA,15519,25074,41501,Republican,No
06033,Lake County,California,68152,46044,1523,999,67.56074656649842,2.2347106467895292,1.4658410611574129,West,CA,12794,13161,26759,Republican,Yes
06035,Lassen County,California,30356,20400,1883,652,67.20252997759916,6.2030570562656475,2.147845565950718,West,CA,2478,8619,11371,Republican,No
06037,Los Angeles County,California,9808667,3025998,751615,1486983,30.850247031528344,7.662763961708559,15.159888698433743,West,CA,2417109,1189862,3728427,Democratic,No
06039,Madera County,California,160940,60715,4158,3846,37.725239219584935,2.583571517335653,2.389710451099789,West,CA,20981,32344,54624,Republican,No
06041,Marin County,California,257969,174615,5670,16031,67.68836565633856,2.197938511991751,6.214312572440875,West,CA,116152,24054,144113,Democratic,No
06043,Mariposa County,California,17082,13189,182,326,77.2099285797916,1.06544901065449,1.9084416344690318,West,CA,3622,5625,9509,Republican,No
06045,Mendocino County,California,90244,58041,672,1907,64.31563317228847,0.7446478436239529,2.113159877664997,West,CA,24049,13528,39216,Democratic,No
06047,Merced County,California,290201,91462,8082,20971,31.516776303320803,2.784966281990758,7.226370687902523,West,CA,40190,43955,86392,Republican,Yes
06049,Modoc County,California,8600,6766,49,177,78.67441860465117,0.569767441860465,2.0581395348837206,West,CA,1008,2884,4016,Republican,No
06051,Mono County,California,13148,9354,9,249,71.14390021296015,0.0684514755095832,1.8938241557651354,West,CA,3522,2294,6064,Democratic,No
06053,Monterey County,California,437613,158316,9414,25129,36.17717023945815,2.151215800261875,5.742288277542029,West,CA,93060,49226,146718,Democratic,No
06055,Napa County,California,134869,75020,2684,11077,55.624346588170745,1.9900792620987773,8.21315498743225,West,CA,43212,20357,65549,Democratic,No
06057,Nevada County,California,102481,86049,387,1827,83.96580829617197,0.37763097549789715,1.782769488978445,West,CA,33784,26177,62132,Democratic,No
06059,Orange County,California,3165820,1351830,51497,708219,42.700785262585995,1.626655969069625,22.370791769588923,West,CA,691731,654815,1390965,Democratic,No
06061,Placer County,California,419156,289678,6924,38592,69.10983023027227,1.6518909427516246,9.207073261506455,West,CA,103958,123941,234809,Republican,No
06063,Plumas County,California,19423,16266,315,196,83.74607424187819,1.6217886011429747,1.009112907377851,West,CA,4020,5725,10067,Republican,No
06065,Riverside County,California,2478600,932298,157724,175644,37.613894940692326,6.363430969095457,7.08641975308642,West,CA,451782,463677,940405,Republican,Yes
06067,Sacramento County,California,1594006,708644,149365,284307,44.45679627303787,9.370416422522876,17.836005636114294,West,CA,381564,252140,656626,Democratic,No
06069,San Benito County,California,67290,24620,639,2646,36.58790310595928,0.9496210432456532,3.932233615693268,West,CA,15179,11702,27649,Democratic,No
06071,San Bernardino County,California,2197104,723531,172075,183934,32.93112205885566,7.831900538162964,8.371656507839411,West,CA,362114,378416,761714,Republican,Yes
06073,San Diego County,California,3288774,1592607,152969,406933,48.42555310884846,4.651246938828877,12.373395070625103,West,CA,841372,593270,1477786,Democratic,No
06075,San Francisco County,California,830235,324342,41333,292167,39.066288460496125,4.978469951278855,35.19087969068998,West,CA,323719,62594,402964,Democratic,No
06077,San Joaquin County,California,797334,254518,54932,148289,31.921127156248197,6.8894591225258175,18.598103178843495,West,CA,126647,128996,263671,Republican,Yes
06079,San Luis Obispo County,California,281555,195251,3267,10471,69.34737440286978,1.160341673918062,3.718989185061533,West,CA,81314,64932,150766,Democratic,No
06081,San Mateo County,California,742340,280904,15785,232971,37.84034270011046,2.126384136648975,31.383328393997363,West,CA,242957,76616,330510,Democratic,No
06083,Santa Barbara County,California,443701,213134,7570,23694,48.03550138494166,1.7061038852740924,5.340082623207971,West,CA,114149,64870,184715,Democratic,No
06085,Santa Clara County,California,1902047,568135,43917,770311,29.8696614752422,2.308933480613255,40.49905181102255,West,CA,510744,210924,750433,Democratic,No
06087,Santa Cruz County,California,264926,159010,2200,12961,60.02053403591946,0.8304205702724535,4.892309550591486,West,CA,100998,27978,134135,Democratic,No
06089,Shasta County,California,181436,141949,1651,6375,78.2364029189356,0.9099627416830177,3.513635662161864,West,CA,27130,59539,88900,Republican,No
06091,Sierra County,California,2746,2373,8,0,86.41660597232338,0.29133284777858703,0,West,CA,641,1066,1754,Republican,No
06093,Siskiyou County,California,43466,33672,592,800,77.46744581972116,1.3619840795104219,1.840519026365435,West,CA,8329,12461,21489,Republican,No
06095,Solano County,California,451918,176960,57384,73617,39.15754628051992,12.697878818723751,16.289902150390116,West,CA,113997,70345,189834,Democratic,No
06097,Sonoma County,California,485040,299837,7630,21865,61.81696354939798,1.5730661388751443,4.507875639122546,West,CA,179600,63426,251426,Democratic,No
06099,Stanislaus County,California,553990,237229,15171,33935,42.82189209191502,2.738497084784924,6.1255618332460875,West,CA,85347,106986,197472,Republican,Yes
06101,Sutter County,California,98857,44686,1804,17555,45.20266647784173,1.8248581284077001,17.75797363869023,West,CA,13016,25372,39336,Republican,No
06103,Tehama County,California,65167,43477,558,1275,66.71628278116223,0.8562616047999754,1.9565117313977933,West,CA,7415,18503,26532,Republican,No
06105,Trinity County,California,15860,12412,174,101,78.25977301387137,1.0970996216897855,0.6368221941992434,West,CA,2449,2979,5645,Republican,No
06107,Tulare County,California,478693,177316,7451,17582,37.04169478141523,1.5565299680588602,3.672917715529577,West,CA,53221,81854,138271,Republican,No
06109,Tuolumne County,California,54498,43875,1082,844,80.5075415611582,1.9853939594113543,1.5486806855297444,West,CA,10909,17210,28810,Republican,No
06111,Ventura County,California,837469,435268,15401,60589,51.97422232942353,1.8389934433393953,7.23477525735281,West,CA,217424,158901,387595,Democratic,No
06113,Yolo County,California,220564,107834,5795,33861,48.89011806097096,2.6273553254384217,15.352006673799895,West,CA,61405,27844,92589,Democratic,No
06115,Yuba County,California,84507,45485,3355,6730,53.823943578638456,3.9700853183759923,7.9638373152519915,West,CA,10725,18491,30070,Republican,No
08001,Adams County,Colorado,530225,291452,19155,20850,54.967608090904804,3.6126172851148093,3.932292894525909,West,CO,124056,103024,233336,Democratic,No
08003,Alamosa County,Colorado,16581,9586,309,188,57.813159640552435,1.8635787950063325,1.133827875278934,West,CO,3244,4057,7519,Republican,No
08005,Arapahoe County,Colorado,659844,390363,71991,40139,59.159892338189024,10.910306072344373,6.083104491364626,West,CO,190725,125311,325451,Democratic,No
08007,Archuleta County,Colorado,13900,11118,3,102,79.98561151079137,0.02158273381294964,0.7338129496402878,West,CO,3904,5218,9355,Republican,No
08009,Baca County,Colorado,3428,3027,13,88,88.30221703617269,0.3792298716452742,2.5670945157526255,West,CO,275,1686,2004,Republican,No
08011,Bent County,Colorado,5549,3737,179,52,67.34546765182915,3.225806451612903,0.9371057848260947,West,CO,645,1496,2189,Republican,No
08013,Boulder County,Colorado,328961,255881,2770,15523,77.78460060615087,0.8420451056508219,4.718796453074985,West,CO,150149,40758,196150,Democratic,No
08014,Broomfield County,Colorado,76304,58017,849,5338,76.03402180750682,1.1126546445795764,6.995701404906689,West,CO,29426,16071,46817,Democratic,No
08015,Chaffee County,Colorado,20178,17618,262,108,87.31291505600159,1.2984438497373378,0.535236396074933,West,CO,7992,6034,14416,Democratic,No
08017,Cheyenne County,Colorado,1741,1428,31,0,82.02182653647328,1.7805858701895463,0,West,CO,108,930,1055,Republican,No
08019,Clear Creek County,Colorado,9262,8089,10,170,87.33534873677391,0.10796804145972792,1.8354567048153747,West,CO,3464,2452,6101,Democratic,No
08021,Conejos County,Colorado,7530,4172,11,29,55.40504648074369,0.1460823373173971,0.3851261620185923,West,CO,1627,2358,4104,Republican,No
08023,Costilla County,Colorado,3607,1595,91,55,44.21957305239811,2.522872192958137,1.524812863875797,West,CO,1155,850,2080,Democratic,No
08025,Crowley County,Colorado,5647,3607,371,95,63.87462369399681,6.569860102709403,1.6823091907207366,West,CO,422,1231,1706,Republican,No
08027,Custer County,Colorado,5247,4746,0,56,90.45168667810177,0,1.0672765389746521,West,CO,1188,2583,3867,Republican,No
08029,Delta County,Colorado,31598,26665,216,167,84.38825242103931,0.6835875688334705,0.5285144629406925,West,CO,6030,12948,19476,Republican,No
08031,Denver County,Colorado,718877,426585,64967,26665,59.34047131845921,9.03729010665246,3.7092576337815784,West,CO,278634,74765,363076,Democratic,No
08033,Dolores County,Colorado,2432,2029,0,0,83.42927631578947,0,0,West,CO,325,1076,1419,Republican,No
08035,Douglas County,Colorado,377150,301359,5465,21889,79.90428211586902,1.4490255866366166,5.803791594856158,West,CO,110408,127451,243758,Republican,No
08037,Eagle County,Colorado,55135,36084,356,833,65.4466309966446,0.6456878570780811,1.5108370363652852,West,CO,16943,10148,27798,Democratic,No
08039,Elbert County,Colorado,27874,23624,215,199,84.75281624452894,0.7713281193944177,0.7139269570208797,West,CO,4768,15209,20417,Republican,No
08041,El Paso County,Colorado,742999,522279,43026,21544,70.29336513238914,5.790855707746578,2.899600134051324,West,CO,166597,203933,380813,Republican,No
08043,Fremont County,Colorado,49634,41815,1693,457,84.24668573961397,3.410968287867188,0.9207398154490873,West,CO,7526,17313,25467,Republican,No
08045,Garfield County,Colorado,62479,42812,577,544,68.52222346708494,0.9235102994606188,0.8706925526977063,West,CO,15128,14493,30372,Democratic,No
08047,Gilpin County,Colorado,5901,5179,152,62,87.76478562955431,2.5758346043043554,1.0506693780715133,West,CO,2254,1729,4129,Democratic,No
08049,Grand County,Colorado,15895,12503,33,113,78.65995596099403,0.20761245674740486,0.7109153821956591,West,CO,4743,4822,9883,Republican,No
08051,Gunnison County,Colorado,17241,15012,284,158,87.07151557334262,1.6472362391972621,0.9164201612435474,West,CO,6887,3689,10939,Democratic,No
08053,Hinsdale County,Colorado,1005,870,3,0,86.56716417910447,0.2985074626865672,0,West,CO,257,332,606,Republican,No
08055,Huerfano County,Colorado,6972,5467,0,15,78.4136546184739,0,0.21514629948364886,West,CO,1965,2346,4438,Republican,No
08057,Jackson County,Colorado,1372,1190,18,0,86.73469387755102,1.3119533527696794,0,West,CO,173,634,834,Republican,No
08059,Jefferson County,Colorado,579377,460410,6880,16970,79.46639234902318,1.1874824164576778,2.929008227803313,West,CO,210875,140505,361504,Democratic,No
08061,Kiowa County,Colorado,1376,1219,0,20,88.59011627906976,0,1.4534883720930232,West,CO,102,744,863,Republican,No
08063,Kit Carson County,Colorado,7023,5523,4,17,78.64160615121743,0.056955716930086865,0.24206179695286917,West,CO,556,3083,3698,Republican,No
08065,Lake County,Colorado,7380,4739,4,11,64.21409214092141,0.05420054200542006,0.14905149051490515,West,CO,2199,1557,3911,Democratic,No
08067,La Plata County,Colorado,56331,45897,140,459,81.47733929807744,0.24853100424277927,0.8148266496245407,West,CO,20677,14024,35681,Democratic,No
08069,Larimer County,Colorado,367368,302769,3962,8205,82.41572483177632,1.0784826114413886,2.2334552818971716,West,CO,129376,89680,225482,Democratic,No
08071,Las Animas County,Colorado,14413,9922,247,195,68.84062998681746,1.713730659820995,1.3529452577534171,West,CO,3276,4328,7792,Republican,No
08073,Lincoln County,Colorado,5550,4346,304,5,78.30630630630631,5.4774774774774775,0.09009009009009009,West,CO,432,2090,2571,Republican,No
08075,Logan County,Colorado,20892,17088,758,127,81.79207352096496,3.6281830365690215,0.6078881868657859,West,CO,2098,7855,10162,Republican,No
08077,Mesa County,Colorado,158601,130703,995,1424,82.40994697385263,0.6273604832252003,0.8978505810177742,West,CO,33573,55839,91600,Republican,No
08079,Mineral County,Colorado,729,662,0,5,90.80932784636488,0,0.6858710562414266,West,CO,317,417,753,Republican,No
08081,Moffat County,Colorado,13207,10997,6,67,83.26644961005528,0.04543045354736125,0.5073067312788673,West,CO,1167,5358,6671,Republican,No
08083,Montezuma County,Colorado,26412,19818,178,295,75.03407542026352,0.6739360896562169,1.1169165530819325,West,CO,5793,8972,15136,Republican,No
08085,Montrose County,Colorado,43807,33994,215,206,77.59947040427329,0.4907891432876024,0.4702444814755633,West,CO,8354,16704,25617,Republican,No
08087,Morgan County,Colorado,29520,18835,592,219,63.80420054200542,2.0054200542005423,0.741869918699187,West,CO,3291,9830,13458,Republican,No
08089,Otero County,Colorado,18321,12315,213,137,67.21794661863434,1.1626002947437366,0.7477757764314175,West,CO,3164,5520,8925,Republican,No
08091,Ouray County,Colorado,5087,4563,77,25,89.69923333988599,1.5136622763908,0.491448791035974,West,CO,2442,1573,4098,Democratic,No
08093,Park County,Colorado,17907,15913,169,200,88.86468978611715,0.943765008097392,1.1168816663874461,West,CO,4841,6828,12044,Republican,No
08095,Phillips County,Colorado,4496,3516,0,6,78.20284697508897,0,0.13345195729537368,West,CO,412,1888,2354,Republican,No
08097,Pitkin County,Colorado,16985,14200,95,341,83.60317927583162,0.5593170444509862,2.007653812187224,West,CO,7932,2992,11167,Democratic,No
08099,Prowers County,Colorado,11910,7725,124,36,64.86146095717883,1.0411418975650713,0.30226700251889166,West,CO,1227,3833,5144,Republican,No
08101,Pueblo County,Colorado,169356,121602,3522,1522,71.80259335364558,2.079642882448806,0.8986985994000803,West,CO,39328,43688,85107,Republican,Yes
08103,Rio Blanco County,Colorado,6544,5619,0,44,85.86491442542787,0,0.6723716381418092,West,CO,637,2988,3690,Republican,No
08105,Rio Grande County,Colorado,11321,8268,63,11,73.03241763095133,0.5564879427612403,0.09716456143450225,West,CO,2306,3743,6194,Republican,No
08107,Routt County,Colorado,25084,20356,78,152,81.1513315260724,0.3109551905597194,0.6059639610907351,West,CO,10208,5676,16335,Democratic,No
08109,Saguache County,Colorado,6580,4431,9,80,67.34042553191489,0.13677811550151975,1.21580547112462,West,CO,1704,1577,3400,Democratic,No
08111,San Juan County,Colorado,724,619,0,0,85.49723756906077,0,0,West,CO,376,188,588,Democratic,No
08113,San Miguel County,Colorado,7968,6767,83,51,84.92720883534136,1.0416666666666665,0.6400602409638554,West,CO,3529,1154,4804,Democratic,No
08115,Sedgwick County,Colorado,2304,1861,22,41,80.77256944444444,0.9548611111111112,1.7795138888888888,West,CO,283,1048,1358,Republican,No
08117,Summit County,Colorado,31017,23723,129,486,76.48386368765514,0.41590095753941386,1.5668826772415128,West,CO,11762,5244,17542,Democratic,No
08119,Teller County,Colorado,24825,21374,215,81,86.09869083585096,0.866062437059416,0.32628398791540786,West,CO,5065,10856,16326,Republican,No
08121,Washington County,Colorado,4831,4201,57,27,86.95922169323121,1.1798799420409853,0.5588904988615193,West,CO,329,2436,2806,Republican,No
08123,Weld County,Colorado,350396,254790,5193,5766,72.71487117432848,1.4820374661811206,1.645566730213815,West,CO,68752,106469,179854,Republican,No
08125,Yuma County,Colorado,9979,7086,25,27,71.00911915021545,0.2505261048201223,0.27056819320573205,West,CO,758,3807,4663,Republican,No
10001,Kent County,Delaware,187604,108953,50730,4694,58.076053815483675,27.04100125796891,2.502078846932901,South,DE,44222,42458,88141,Democratic,No
10003,New Castle County,Delaware,577961,313334,147685,35810,54.21369261939819,25.552762210598985,6.1959197938961275,South,DE,180700,90868,275917,Democratic,No
10005,Sussex County,Delaware,255626,189534,25415,3244,74.14504001940335,9.942259394584276,1.2690414903022385,South,DE,64836,81025,147639,Republican,No
12001,Alachua County,Florida,285492,175298,55041,17381,61.40207081109102,19.27934933378168,6.088086531321368,South,FL,81578,52939,136548,Democratic,No
12003,Baker County,Florida,28430,22245,3182,234,78.24481181850157,11.192402391839607,0.8230742173760113,South,FL,1982,12926,14977,Republican,No
12005,Bay County,Florida,186393,140582,18509,3848,75.42236028177024,9.930093941296079,2.0644552102278517,South,FL,25201,71497,97777,Republican,No
12007,Bradford County,Florida,27885,20742,4472,198,74.38407746100054,16.037296037296038,0.7100591715976331,South,FL,2946,10920,13932,Republican,No
12009,Brevard County,Florida,632780,464606,63258,15575,73.42299061285122,9.996839343847782,2.461360978539145,South,FL,141233,216533,361449,Republican,No
12011,Broward County,Florida,1977129,746694,553213,74069,37.766579722415685,27.98062240754144,3.746290707384293,South,FL,507328,358952,874539,Democratic,No
12013,Calhoun County,Florida,13492,10296,1560,103,76.31188852653425,11.562407352505188,0.76341535724874,South,FL,1021,5367,6428,Republican,No
12015,Charlotte County,Florida,201064,167048,10406,2737,83.08200374010265,5.175466518123582,1.361258106871444,South,FL,40450,82480,123676,Republican,No
12017,Citrus County,Florida,162472,142299,2912,2204,87.58370673100596,1.7923088285981585,1.3565414348318479,South,FL,26276,71356,98237,Republican,No
12019,Clay County,Florida,227584,159072,26854,7004,69.89595050618672,11.799599268841394,3.077544994375703,South,FL,37926,87711,126811,Republican,No
12021,Collier County,Florida,398291,259290,26111,6132,65.10064249506014,6.555759482388505,1.5395778463485241,South,FL,71720,143267,216370,Republican,No
12023,Columbia County,Florida,71789,51449,11721,697,71.66696847706473,16.32701388792155,0.9709008343896698,South,FL,8250,25108,33592,Republican,No
12027,DeSoto County,Florida,35386,21512,4409,33,60.79240377550443,12.459729836658566,0.09325722036963771,South,FL,3525,8888,12488,Republican,No
12029,Dixie County,Florida,17058,14422,1067,31,84.54684019228515,6.255129557978662,0.18173291124399107,South,FL,1183,6920,8148,Republican,No
12031,Duval County,Florida,1023153,521574,292981,50482,50.97712658810559,28.635111268793622,4.93396393305791,South,FL,229365,236285,471282,Republican,Yes
12033,Escambia County,Florida,325923,207088,68090,9393,63.538934042703346,20.891437548132537,2.8819690540403715,South,FL,64601,96407,162755,Republican,No
12035,Flagler County,Florida,126528,94553,11508,3064,74.72891375821953,9.095220030349013,2.4215983813859383,South,FL,28431,51014,79968,Republican,No
12037,Franklin County,Florida,12553,9961,1340,8,79.35154943041503,10.674739106189755,0.06372978570859555,South,FL,1870,4831,6758,Republican,No
12039,Gadsden County,Florida,43710,14428,23026,49,33.00846488217799,52.67902081903455,0.11210249370853351,South,FL,14203,7495,21868,Democratic,No
12041,Gilchrist County,Florida,19040,16561,607,36,86.98004201680672,3.1880252100840334,0.18907563025210083,South,FL,1662,8931,10686,Republican,No
12043,Glades County,Florida,12563,7912,1849,57,62.97858791689883,14.717822176231794,0.4537132850433814,South,FL,1222,4034,5279,Republican,No
12045,Gulf County,Florida,15131,11768,2078,94,77.77410613971317,13.733395016852818,0.6212411605313595,South,FL,1970,6684,8697,Republican,No
12047,Hamilton County,Florida,13616,7594,4266,78,55.772620446533494,31.33078730904818,0.5728554641598119,South,FL,1727,3964,5733,Republican,No
12049,Hardee County,Florida,25675,14122,1872,288,55.00292112950341,7.29113924050633,1.1217137293086659,South,FL,1751,6336,8143,Republican,No
12051,Hendry County,Florida,42382,19973,4805,489,47.12613845500449,11.337360200084943,1.1537917040252939,South,FL,4096,9253,13460,Republican,No
12053,Hernando County,Florida,207018,157911,10207,2835,76.27887430078543,4.930489136210378,1.3694461351186853,South,FL,34431,75446,110691,Republican,No
12055,Highlands County,Florida,105702,72316,10359,1598,68.41497795689769,9.800192995402169,1.5117973169854875,South,FL,15227,36382,51905,Republican,No
12057,Hillsborough County,Florida,1522748,768981,243988,70301,50.499557379159256,16.022874434903216,4.616719247045474,South,FL,321455,342017,671993,Republican,Yes
12059,Holmes County,Florida,19513,16522,1124,121,84.67175729001178,5.760262389176447,0.6200994208988879,South,FL,882,8193,9116,Republican,No
12061,Indian River County,Florida,166936,125917,13043,2600,75.42830785450711,7.813173910959889,1.5574831072986053,South,FL,35654,62737,99017,Republican,No
12063,Jackson County,Florida,48250,31631,12190,276,65.55647668393783,25.26424870466321,0.572020725388601,South,FL,5892,16074,22098,Republican,No
12065,Jefferson County,Florida,15091,9490,4197,179,62.885163342389504,27.811278245311776,1.1861374329070307,South,FL,3429,5011,8502,Republican,No
12067,Lafayette County,Florida,8161,5684,1441,3,69.64832741085651,17.657149859085898,0.036760200955765224,South,FL,441,3296,3756,Republican,No
12069,Lake County,Florida,412924,277461,43228,8527,67.1942052290494,10.468754540787167,2.065028915732677,South,FL,84546,140500,226788,Republican,No
12071,Lee County,Florida,817666,545381,64421,13934,66.69972825089951,7.878644825637853,1.70411879667248,South,FL,139240,250661,392532,Republican,No
12073,Leon County,Florida,297542,164417,90396,10580,55.25841729907038,30.380921012831802,3.5558005256400778,South,FL,94520,60397,156802,Democratic,No
12075,Levy County,Florida,45391,36035,3573,260,79.38798440219426,7.871604503095327,0.5728007754841268,South,FL,5994,18245,24378,Republican,No
12077,Liberty County,Florida,7687,6025,908,18,78.37908156628073,11.812150383764799,0.2341615714843242,South,FL,566,2898,3490,Republican,No
12079,Madison County,Florida,18089,10092,6506,22,55.7908120957488,35.96660954171043,0.12162087456465255,South,FL,3231,5874,9156,Republican,No
12081,Manatee County,Florida,429792,307768,33373,9849,71.60859206313752,7.7649188444643,2.29157359839178,South,FL,86674,140486,228860,Republican,No
12083,Marion County,Florida,400078,276476,48446,7062,69.10552442273756,12.10913871795,1.7651557946200491,South,FL,72436,140173,214106,Republican,No
12085,Martin County,Florida,162176,126895,7761,2196,78.24523973954223,4.785541633780585,1.354084451460142,South,FL,33539,64121,98291,Republican,No
12086,Miami-Dade County,Florida,2738356,725047,403015,43196,26.47745581655563,14.71740708658772,1.5774428160545961,South,FL,480355,605590,1094105,Republican,Yes
12087,Monroe County,Florida,81860,57200,6012,929,69.87539701930125,7.344246274126558,1.1348644026386514,South,FL,17933,26064,44328,Republican,No
12089,Nassau County,Florida,97859,83225,5447,1315,85.04583124699823,5.566171736886745,1.3437701182313329,South,FL,17143,47945,65625,Republican,No
12091,Okaloosa County,Florida,216599,155735,20101,7442,71.9001472767649,9.28028291912705,3.435842270739939,South,FL,32074,80309,113636,Republican,No
12093,Okeechobee County,Florida,40816,28213,3147,313,69.12240297922384,7.710211681693453,0.7668561348490788,South,FL,3671,12315,16058,Republican,No
12095,Orange County,Florida,1471937,618799,293693,79590,42.0397748001443,19.952824067877906,5.407160768429628,South,FL,340807,258279,607199,Democratic,No
12097,Osceola County,Florida,427415,161840,47181,12324,37.864838622884086,11.038686054537159,2.883380321233462,South,FL,84205,86713,172780,Republican,Yes
12099,Palm Beach County,Florida,1533806,819376,283334,43784,53.42109758339711,18.47260996501513,2.854598299915374,South,FL,372512,366836,745709,Democratic,No
12101,Pasco County,Florida,611444,439280,38840,20903,71.8430469511517,6.3521761600408215,3.418628688808787,South,FL,117450,197779,318471,Republican,No
12103,Pinellas County,Florida,963481,708809,92541,35302,73.5675119696185,9.60485987788031,3.6640058288642954,South,FL,242452,269472,517074,Republican,Yes
12105,Polk County,Florida,790694,438493,115178,14302,55.45672535772373,14.566697104063012,1.8087907584982306,South,FL,136879,209044,348931,Republican,No
12107,Putnam County,Florida,75164,53323,11131,396,70.94220637539249,14.808951093608643,0.5268479591293704,South,FL,9354,26700,36272,Republican,No
12109,St. Johns County,Florida,306934,243237,15694,11538,79.24733004489565,5.113151361530492,3.759114337284237,South,FL,66862,128759,197457,Republican,No
12111,St. Lucie County,Florida,360500,205243,77974,7097,56.932871012482664,21.629403606102635,1.9686546463245493,South,FL,83517,100293,185131,Republican,No
12113,Santa Rosa County,Florida,198472,159336,11140,4033,80.28134951025837,5.612882421701801,2.0320246684670886,South,FL,27035,84314,112425,Republican,No
12115,Sarasota County,Florida,459547,377661,18197,8919,82.18114795657463,3.9597690769388114,1.9408243335284532,South,FL,112668,163219,277866,Republican,No
12117,Seminole County,Florida,481470,284854,56660,26087,59.16339543481421,11.768126778407794,5.418198433962655,South,FL,120717,129735,253727,Republican,Yes
12119,Sumter County,Florida,143408,122135,9305,1490,85.16609952024992,6.488480419502399,1.0389936405221467,South,FL,32551,72134,105218,Republican,No
12121,Suwannee County,Florida,45342,33600,4406,302,74.103480217017335,9.717259935600547,0.6660491376648582,South,FL,4217,17561,21891,Republican,No
12123,Taylor County,Florida,21503,15591,4142,132,72.50616193089337,19.262428498349067,0.6138678323954797,South,FL,1991,7954,9997,Republican,No
12125,Union County,Florida,15701,11211,2337,38,71.4030953442456,14.884402267371504,0.24202280109547164,South,FL,971,5224,6231,Republican,No
12127,Volusia County,Florida,579622,410175,61378,11546,70.76594746231164,10.58931510536177,1.9919878817574213,South,FL,120132,187691,310498,Republican,No
12129,Wakulla County,Florida,35387,27541,4857,210,77.82801593805635,13.725379376607227,0.5934382682906152,South,FL,5441,14246,19856,Republican,No
12131,Walton County,Florida,82948,69331,3406,920,83.58369098712446,4.10618700872836,1.1091286106958576,South,FL,10287,38970,49601,Republican,No
12133,Washington County,Florida,25529,19668,3463,150,77.04179560499824,13.564965333542245,0.5875670805750323,South,FL,2140,10370,12584,Republican,No
13001,Appling County,Georgia,18493,12668,3351,73,68.5015951981831,18.12036986968042,0.3947439571729844,South,GA,1560,6761,8334,Republican,No
13003,Atkinson County,Georgia,8337,5269,1136,0,63.200191915557156,13.62600455799448,0,South,GA,700,2350,3057,Republican,No
13005,Bacon County,Georgia,11109,8139,1487,96,73.26492033486363,13.38554325321811,0.8641641911963273,South,GA,645,4186,4839,Republican,No
13007,Baker County,Georgia,2790,1434,1028,168,51.3978494623656,36.84587813620072,6.021505376344086,South,GA,590,883,1476,Republican,No
13009,Baldwin County,Georgia,43642,22800,18040,759,52.24325191329453,41.33632739104532,1.7391503597451996,South,GA,9159,9574,18825,Republican,Yes
13011,Banks County,Georgia,19264,16527,524,367,85.7921511627907,2.7200996677740865,1.9051079734219272,South,GA,1136,9358,10519,Republican,No
13013,Barrow County,Georgia,89886,59843,12551,3627,66.57655252208353,13.963242329172507,4.035111140778319,South,GA,12949,30730,43934,Republican,No
13015,Bartow County,Georgia,113113,86287,12252,1203,76.28389309805239,10.831646229876318,1.0635382316798245,South,GA,13942,43271,57547,Republican,No
13017,Ben Hill County,Georgia,17089,9595,6497,74,56.147229211773656,38.018608461583476,0.43302709345192814,South,GA,2199,4281,6501,Republican,No
13019,Berrien County,Georgia,18352,14987,2054,22,81.66412380122058,11.1922406277245,0.11987794245858763,South,GA,1209,6841,8068,Republican,No
13021,Bibb County,Georgia,156578,55291,86013,3590,35.312112812783404,54.9330046366667,2.2927869815682915,South,GA,42172,26658,69181,Democratic,No
13023,Bleckley County,Georgia,12430,8486,3239,116,68.27031375703942,26.057924376508446,0.9332260659694287,South,GA,1339,4685,6044,Republican,No
13025,Brantley County,Georgia,18315,16637,586,97,90.83811083811084,3.1995631995631997,0.5296205296205296,South,GA,736,7744,8500,Republican,No
13027,Brooks County,Georgia,16293,9124,5531,235,55.99950899159148,33.94709384398208,1.4423372000245505,South,GA,2629,4560,7210,Republican,No
13029,Bryan County,Georgia,48263,34054,6461,1270,70.55922756563,13.387066697055715,2.631415369952137,South,GA,7779,16738,24651,Republican,No
13031,Bulloch County,Georgia,82683,51440,23278,1195,62.21351426532661,28.1533084189011,1.445278956980274,South,GA,11514,20985,32657,Republican,No
13033,Burke County,Georgia,24470,12340,11077,122,50.42909685328974,45.26767470371884,0.4985696771557009,South,GA,4994,6027,11070,Republican,No
13035,Butts County,Georgia,26496,17046,6497,68,64.33423913043478,24.52068236714976,0.2566425120772947,South,GA,3544,9424,13019,Republican,No
13037,Calhoun County,Georgia,5498,1878,3209,24,34.15787559112404,58.366678792288106,0.43652237177155323,South,GA,1153,900,2056,Democratic,No
13039,Camden County,Georgia,56970,39791,9542,1036,69.845532736528,16.74916622783921,1.8185009654203967,South,GA,8405,17819,26393,Republican,No
13043,Candler County,Georgia,11043,6554,2538,64,59.3498143620393,22.982885085574573,0.5795526577922666,South,GA,1196,3366,4568,Republican,No
13045,Carroll County,Georgia,124569,85134,23096,1060,68.3428461334682,18.540728431632267,0.8509340205026934,South,GA,17634,42536,60494,Republican,No
13047,Catoosa County,Georgia,68634,60605,946,1045,88.30171635049683,1.3783256112131013,1.5225689891307514,South,GA,7704,27150,35038,Republican,No
13049,Charlton County,Georgia,12818,7088,3183,135,55.2972382586987,24.832267124356374,1.0532064284599782,South,GA,1007,3607,4628,Republican,No
13051,Chatham County,Georgia,300879,141221,117105,9384,46.93614376543395,38.92096158256309,3.1188617351161096,South,GA,82758,57336,141109,Democratic,No
13053,Chattahoochee County,Georgia,8887,5169,1837,311,58.163609767075506,20.670642511533703,3.4994936423990097,South,GA,703,982,1694,Republican,No
13055,Chattooga County,Georgia,25036,20464,2241,95,81.73829685253236,8.951110401022527,0.37945358683495767,South,GA,1896,8769,10706,Republican,No
13057,Cherokee County,Georgia,281032,214752,20268,6682,76.41549716758233,7.211990093654815,2.3776651769193546,South,GA,48838,112142,162281,Republican,No
13059,Clarke County,Georgia,129609,73767,33281,5451,56.915029048908636,25.678000756120333,4.2057264541814225,South,GA,36297,16049,52887,Democratic,No
13061,Clay County,Georgia,2850,1063,1725,0,37.29824561403509,60.526315789473685,0,South,GA,771,663,1442,Democratic,No
13063,Clayton County,Georgia,298924,28917,207482,14751,9.673696324149281,69.40961582208188,4.93469912084677,South,GA,94203,16877,111729,Democratic,No
13065,Clinch County,Georgia,6759,4376,1734,20,64.74330522266607,25.65468264536174,0.2959017606154757,South,GA,702,2201,2908,Republican,No
13067,Cobb County,Georgia,775208,379724,207116,42571,48.98349862230524,26.717474535866504,5.491558394650211,South,GA,228404,168679,401369,Democratic,No
13069,Coffee County,Georgia,43347,25735,12170,319,59.36973723671765,28.075760721618565,0.7359217477564768,South,GA,4295,11388,15715,Republican,No
13071,Colquitt County,Georgia,46224,25636,10546,421,55.46036690896504,22.814987885081344,0.9107822776047075,South,GA,4114,12451,16611,Republican,No
13073,Columbia County,Georgia,162434,106632,30909,7859,65.64635482719136,19.028651636972555,4.838272775404164,South,GA,31624,53657,85920,Republican,No
13075,Cook County,Georgia,17532,11194,4839,72,63.84896189824322,27.600958247775498,0.41067761806981523,South,GA,1956,5374,7357,Republican,No
13077,Coweta County,Georgia,152852,106346,28158,3204,69.57449035668489,18.421741292230394,2.096145290869599,South,GA,28111,57204,85916,Republican,No
13079,Crawford County,Georgia,12225,8858,2572,34,72.45807770961146,21.038854805725972,0.278118609406953,South,GA,1582,4742,6340,Republican,No
13081,Crisp County,Georgia,19790,9838,8954,99,49.71197574532592,45.245073269327946,0.5002526528549772,South,GA,2993,5099,8116,Republican,No
13083,Dade County,Georgia,16165,14866,181,196,91.9641200123724,1.1197030621713577,1.2124961336220228,South,GA,1343,6804,8200,Republican,No
13085,Dawson County,Georgia,30242,26074,588,382,86.21784273526883,1.944315852126182,1.2631439719595265,South,GA,3350,16115,19561,Republican,No
13087,Decatur County,Georgia,29195,14368,12291,210,49.21390649083747,42.09967460181538,0.7193012502140778,South,GA,4372,7140,11549,Republican,No
13089,DeKalb County,Georgia,765351,221151,388444,47355,28.89536957552809,50.753706469319305,6.187357173375354,South,GA,299630,62622,366008,Democratic,No
13091,Dodge County,Georgia,19805,12758,6133,9,64.4180762433729,30.96692754354961,0.045443069931835396,South,GA,2081,6249,8350,Republican,No
13093,Dooly County,Georgia,10984,4548,5179,0,41.405680990531685,47.150400582665696,0,South,GA,1921,2243,4177,Republican,No
13095,Dougherty County,Georgia,83091,19277,58613,592,23.199865208024935,70.5407324499645,0.7124718681927044,South,GA,23831,9904,33850,Democratic,No
13097,Douglas County,Georgia,147888,48708,74289,2627,32.93573515092502,50.233284647841614,1.7763442605214759,South,GA,46240,23996,70721,Democratic,No
13099,Early County,Georgia,10603,4357,5652,45,41.09214373290578,53.30566820711119,0.4244081863623503,South,GA,2158,2718,4879,Republican,No
13101,Echols County,Georgia,3709,2363,232,294,63.70989485036398,6.255055270962524,7.9266648692369905,South,GA,127,1307,1438,Republican,No
13103,Effingham County,Georgia,69143,51883,9995,681,75.03724165859161,14.45554864556065,0.9849153204228916,South,GA,9144,26943,36244,Republican,No
13105,Elbert County,Georgia,19849,12568,4430,261,63.3180512872185,22.318504710564763,1.3149277041664567,South,GA,2700,6860,9589,Republican,No
13107,Emanuel County,Georgia,23026,13461,7339,199,58.46000173716668,31.872665682272217,0.8642404238686702,South,GA,2673,6919,9619,Republican,No
13109,Evans County,Georgia,10757,5948,3033,109,55.294227014967,28.195593566979642,1.0132936692386354,South,GA,1214,3011,4244,Republican,No
13111,Fannin County,Georgia,25742,24004,92,194,93.248387848652,0.35739258798850126,0.7536321964105354,South,GA,2807,13232,16096,Republican,No
13113,Fayette County,Georgia,122244,69352,31267,6085,56.732436765812636,25.577533457674818,4.977749419194398,South,GA,35822,38177,74633,Republican,No
13115,Floyd County,Georgia,99693,70982,13764,1463,71.2005857984011,13.806385603803678,1.4675052410901468,South,GA,12862,31631,44738,Republican,No
13117,Forsyth County,Georgia,267287,169658,11421,52530,63.47409339025093,4.272935084759079,19.653032133998284,South,GA,45509,91281,138249,Republican,No
13119,Franklin County,Georgia,24234,19770,2134,429,81.57959891062144,8.805810018981596,1.7702401584550629,South,GA,1647,10459,12140,Republican,No
13121,Fulton County,Georgia,1076561,410923,458298,84228,38.169969003149845,42.57055568611533,7.82380190253966,South,GA,384752,144655,535238,Democratic,No
13123,Gilmer County,Georgia,32426,27690,90,173,85.3944365632517,0.2775550484179362,0.5335224819589219,South,GA,3413,14976,18481,Republican,No
13125,Glascock County,Georgia,2932,2537,211,0,86.52796725784448,7.196452933151433,0,South,GA,133,1534,1670,Republican,No
13127,Glynn County,Georgia,85447,54821,20747,1106,64.15789904853301,24.280548176062354,1.2943696092314534,South,GA,16144,27558,43912,Republican,No
13129,Gordon County,Georgia,59100,46004,2186,632,77.8409475465313,3.6988155668358718,1.0693739424703892,South,GA,4982,22495,27606,Republican,No
13131,Grady County,Georgia,26108,15121,7545,51,57.91711352842041,28.89918798835606,0.19534242377815228,South,GA,3290,7385,10718,Republican,No
13133,Greene County,Georgia,20109,11931,5983,250,59.33164254811278,29.75284698393754,1.2432244268735393,South,GA,4514,8215,12786,Republican,No
13135,Gwinnett County,Georgia,979864,326395,278338,129768,33.310234889739796,28.405778761134197,13.243470522439848,South,GA,242507,173041,420681,Democratic,No
13137,Habersham County,Georgia,47793,37564,1542,1162,78.5972841211056,3.226413909986818,2.4313183939070577,South,GA,4036,19142,23280,Republican,No
13139,Hall County,Georgia,212705,134591,14600,4710,63.27589854493312,6.863966526409817,2.2143344068075503,South,GA,28347,72991,101973,Republican,No
13141,Hancock County,Georgia,8650,2364,6026,54,27.329479768786126,69.66473988439307,0.6242774566473989,South,GA,2864,1364,4240,Democratic,No
13143,Haralson County,Georgia,31285,28190,1550,203,90.10708007032125,4.954451014863353,0.6488732619466198,South,GA,2065,14239,16364,Republican,No
13145,Harris County,Georgia,36086,27410,5615,237,75.95743501634983,15.560050989303331,0.6567643961647176,South,GA,5976,16283,22353,Republican,No
13147,Hart County,Georgia,26939,19932,4576,368,73.98938342180482,16.98652511229073,1.3660492223170868,South,GA,3210,11064,14331,Republican,No
13149,Heard County,Georgia,11773,10031,913,53,85.20343158073558,7.755032701945129,0.4501826212520173,South,GA,859,5335,6210,Republican,No
13151,Henry County,Georgia,249960,84380,129862,8342,33.757401184189476,51.953112497999676,3.33733397343575,South,GA,83253,44982,129034,Democratic,No
13153,Houston County,Georgia,169649,91060,55017,5105,53.675530065016595,32.42989938048559,3.0091541948375764,South,GA,35907,45090,81514,Republican,No
13155,Irwin County,Georgia,9285,6442,2241,9,69.38072159396876,24.135702746365105,0.09693053311793215,South,GA,986,3340,4342,Republican,No
13157,Jackson County,Georgia,84757,66208,6457,1997,78.11508194013473,7.618249820073858,2.3561475748315774,South,GA,10472,36497,47243,Republican,No
13159,Jasper County,Georgia,15929,11958,2691,25,75.07062590244209,16.89371586414715,0.1569464498713039,South,GA,1881,7203,9118,Republican,No
13161,Jeff Davis County,Georgia,14924,10151,1789,76,68.01795765210399,11.987402841061376,0.5092468507102653,South,GA,924,4935,5872,Republican,No
13163,Jefferson County,Georgia,15341,6321,8098,6,41.20331138778437,52.786650153184276,0.03911087934293723,South,GA,3674,3765,7463,Republican,Yes
13165,Jenkins County,Georgia,8711,4786,3234,0,54.94202732177706,37.125473539203306,0,South,GA,1179,2217,3409,Republican,No
13167,Johnson County,Georgia,9190,5714,3027,0,62.176278563656155,32.937976060935796,0,South,GA,1066,2913,3984,Republican,No
13169,Jones County,Georgia,28673,20119,6979,45,70.16705611550937,24.339971401667075,0.15694207093781606,South,GA,4959,11079,16092,Republican,No
13171,Lamar County,Georgia,19571,13382,5304,140,68.37667978130908,27.101323386643507,0.7153441316233202,South,GA,2795,7575,10412,Republican,No
13173,Lanier County,Georgia,10221,6684,2476,129,65.39477546228353,24.22463555425105,1.262107425887878,South,GA,995,2726,3736,Republican,No
13175,Laurens County,Georgia,49798,28331,18192,573,56.89184304590545,36.5315876139604,1.1506486204265232,South,GA,7820,15460,23352,Republican,No
13177,Lee County,Georgia,33626,22391,8024,847,66.58835424968774,23.86248736097068,2.518884196752513,South,GA,4957,12655,17683,Republican,No
13179,Liberty County,Georgia,67397,25712,28503,1175,38.15006602667775,42.29119990504028,1.7434010415893881,South,GA,13459,9441,23028,Democratic,No
13181,Lincoln County,Georgia,7854,5401,2139,11,68.76750700280112,27.234530175706645,0.1400560224089636,South,GA,1351,3559,4931,Republican,No
13183,Long County,Georgia,18374,10025,4413,134,54.5607924240775,24.017633612713617,0.7292913900076194,South,GA,2476,4557,7056,Republican,No
13185,Lowndes County,Georgia,119965,62936,44625,2285,52.46196807402159,37.1983495186096,1.9047222106447714,South,GA,19487,28081,47795,Republican,No
13187,Lumpkin County,Georgia,34505,31196,721,291,90.41008549485582,2.0895522388059704,0.8433560353571946,South,GA,3356,14339,17808,Republican,No
13189,McDuffie County,Georgia,21718,12021,8712,68,55.350400589372875,40.11419099364583,0.3131043374159683,South,GA,3937,6562,10537,Republican,No
13191,McIntosh County,Georgia,11312,7218,3177,43,63.808345120226306,28.085219236209337,0.3801272984441301,South,GA,2628,4747,7408,Republican,No
13193,Macon County,Georgia,11864,3932,6938,191,33.14227916385705,58.47943358057991,1.6099123398516522,South,GA,2755,1916,4686,Democratic,No
13195,Madison County,Georgia,31528,24992,2972,637,79.26922100989596,9.426541486932251,2.020426287744227,South,GA,3753,12951,16787,Republican,No
13197,Marion County,Georgia,7509,4377,2048,175,58.29005193767479,27.273937941137298,2.330536689306166,South,GA,1253,2348,3621,Republican,No
13199,Meriwether County,Georgia,20929,11892,8190,142,56.82067944001147,39.13230445792919,0.6784843996368675,South,GA,4373,7375,11788,Republican,No
13201,Miller County,Georgia,5850,3796,1648,52,64.88888888888889,28.170940170940174,0.8888888888888888,South,GA,670,2045,2724,Republican,No
13205,Mitchell County,Georgia,21058,9730,9531,3,46.20571754202678,45.26070851932757,0.014246367176370026,South,GA,3701,5150,8877,Republican,No
13207,Monroe County,Georgia,29664,21679,6565,356,73.08185005393743,22.131202804746493,1.2001078748651564,South,GA,4689,12954,17704,Republican,No
13209,Montgomery County,Georgia,8640,5803,2019,53,67.16435185185186,23.368055555555557,0.6134259259259259,South,GA,927,3033,3973,Republican,No
13211,Morgan County,Georgia,21078,15498,4326,155,73.5269000853971,20.523768858525475,0.7353638865167473,South,GA,3533,9589,13181,Republican,No
13213,Murray County,Georgia,40562,33973,308,148,83.75573196587939,0.7593313939154873,0.364873526946403,South,GA,2459,14965,17468,Republican,No
13215,Muscogee County,Georgia,203711,77525,95710,5550,38.05636416295635,46.983226237169326,2.724447869776301,South,GA,49413,30616,80491,Democratic,No
13217,Newton County,Georgia,118152,46820,56661,1791,39.626921253977926,47.95602275035547,1.5158439975624618,South,GA,33839,24893,59051,Democratic,No
13219,Oconee County,Georgia,43551,36230,1573,2043,83.18982342540929,3.6118573626323163,4.691051870221121,South,GA,8620,18424,27287,Republican,No
13221,Oglethorpe County,Georgia,15509,11472,2393,123,73.96995293055645,15.429750467470502,0.793087884454188,South,GA,2515,6255,8822,Republican,No
13223,Paulding County,Georgia,178909,111895,41833,2627,62.54296877183373,23.382278141401493,1.4683442420448385,South,GA,35802,58769,95196,Republican,No
13225,Peach County,Georgia,28560,13211,11873,109,46.25700280112045,41.57212885154062,0.38165266106442575,South,GA,6293,7104,13454,Republican,No
13227,Pickens County,Georgia,34951,32224,207,115,92.19764813596177,0.5922577322537266,0.3290320734742926,South,GA,3522,17281,20915,Republican,No
13229,Pierce County,Georgia,20202,17037,2002,0,84.33323433323433,9.90990990990991,0,South,GA,1089,8655,9761,Republican,No
13231,Pike County,Georgia,19903,17437,1671,124,87.6099080540622,8.395719238305784,0.6230216550268803,South,GA,1648,10864,12549,Republican,No
13233,Polk County,Georgia,43785,31770,5214,301,72.55909558067832,11.908187735525864,0.6874500399680256,South,GA,3749,15352,19171,Republican,No
13235,Pulaski County,Georgia,9939,6116,3067,84,61.535365730958844,30.85823523493309,0.8451554482342287,South,GA,1281,3036,4336,Republican,No
13237,Putnam County,Georgia,22855,14988,5029,498,65.57864799824983,22.003937869175235,2.178954276963465,South,GA,3696,9136,12877,Republican,No
13239,Quitman County,Georgia,2264,970,1189,0,42.84452296819788,52.51766784452296,0,South,GA,480,656,1140,Republican,No
13241,Rabun County,Georgia,17312,15091,145,152,87.17074861367837,0.8375693160813309,0.878003696857671,South,GA,2222,8151,10423,Republican,No
13243,Randolph County,Georgia,6196,1672,4174,5,26.985151710781146,67.36604260813428,0.08069722401549387,South,GA,1601,1373,2990,Democratic,No
13245,Richmond County,Georgia,206069,67215,115929,3433,32.61771542541576,56.2573701041884,1.6659468430477171,South,GA,56657,26472,83578,Democratic,No
13247,Rockdale County,Georgia,95281,24415,55413,1502,25.624206295064074,58.15745006874403,1.5763898363787114,South,GA,33165,11711,45160,Democratic,No
13249,Schley County,Georgia,4513,3734,657,0,82.73875470861954,14.557943718147573,0,South,GA,453,1970,2428,Republican,No
13251,Screven County,Georgia,14130,7889,5531,0,55.83156404812456,39.14366595895258,0,South,GA,2581,4325,6920,Republican,No
13253,Seminole County,Georgia,9156,5772,3063,43,63.04062909567497,33.45347313237221,0.4696373962429008,South,GA,1191,2811,4007,Republican,No
13255,Spalding County,Georgia,68892,38004,24680,663,55.16460546943042,35.82418858503164,0.9623758927016199,South,GA,13679,19184,33038,Republican,No
13257,Stephens County,Georgia,27012,21871,2197,284,80.96771805123649,8.1334221827336,1.0513845698208204,South,GA,2404,10632,13099,Republican,No
13259,Stewart County,Georgia,4869,1397,3303,10,28.691723146436637,67.8373382624769,0.20538098172109262,South,GA,1177,847,2028,Democratic,No
13261,Sumter County,Georgia,29061,12022,14487,378,41.368156636041434,49.85031485496025,1.3007122948281202,South,GA,6136,5869,12049,Democratic,No
13263,Talbot County,Georgia,5742,2319,3083,4,40.38662486938349,53.692093347265754,0.06966213862765587,South,GA,1888,1483,3379,Democratic,No
13265,Taliaferro County,Georgia,1558,658,715,1,42.23363286264441,45.892169448010264,0.06418485237483953,South,GA,507,375,884,Democratic,No
13267,Tattnall County,Georgia,24208,14226,6636,200,58.76569729015202,27.412425644415066,0.8261731658955718,South,GA,1967,6515,8512,Republican,No
13269,Taylor County,Georgia,7786,4557,2944,23,58.52812740816851,37.81145646031338,0.2954020035961983,South,GA,1366,2600,3982,Republican,No
13271,Telfair County,Georgia,11831,6075,4381,17,51.34815315696053,37.02983686924182,0.14369030513058914,South,GA,1274,2930,4214,Republican,No
13273,Terrell County,Georgia,8850,3246,5311,13,36.67796610169491,60.011299435028256,0.14689265536723162,South,GA,2253,2075,4341,Democratic,No
13275,Thomas County,Georgia,45777,26300,16069,404,57.45243244424055,35.102780872490555,0.8825392664438473,South,GA,8347,13670,22080,Republican,No
13277,Tift County,Georgia,41438,23418,12316,539,56.51334523866982,29.72151165596795,1.3007384526280226,South,GA,5438,11496,16989,Republican,No
13279,Toombs County,Georgia,27102,16853,6404,230,62.18360268614862,23.629252453693457,0.848645856394362,South,GA,2674,8208,10912,Republican,No
13281,Towns County,Georgia,12913,12022,190,6,93.09997676759855,1.4713854255401533,0.04646480291179431,South,GA,1649,7155,8838,Republican,No
13283,Treutlen County,Georgia,6376,4018,1952,9,63.01756587202008,30.61480552070264,0.1411543287327478,South,GA,864,2250,3121,Republican,No
13285,Troup County,Georgia,70330,38908,25321,1638,55.32205317787573,36.00312811033699,2.32902033271719,South,GA,11757,19392,31304,Republican,No
13287,Turner County,Georgia,8939,4837,3258,0,54.11119812059515,36.447029869112875,0,South,GA,1365,2457,3833,Republican,No
13289,Twiggs County,Georgia,7803,4293,3075,76,55.017301038062286,39.407920030757396,0.9739843649878251,South,GA,1895,2549,4456,Republican,No
13291,Union County,Georgia,26304,24544,243,93,93.30900243309003,0.9238138686131387,0.35355839416058393,South,GA,3309,14477,17880,Republican,No
13293,Upson County,Georgia,28029,19004,7228,67,67.80120589389561,25.787577152235187,0.23903813907024868,South,GA,4098,9528,13662,Republican,No
13295,Walker County,Georgia,68762,61987,2110,299,90.14717431139292,3.0685553067101017,0.4348331927518106,South,GA,6436,25462,32086,Republican,No
13297,Walton County,Georgia,103313,72260,19607,1389,69.94279519518358,18.97825055898096,1.3444581030460832,South,GA,15605,42407,58376,Republican,No
13299,Ware County,Georgia,35976,22209,10880,462,61.732821881254175,30.24238381142984,1.2841894596397598,South,GA,4068,10279,14392,Republican,No
13301,Warren County,Georgia,5170,2055,2919,7,39.74854932301741,56.460348162475825,0.13539651837524178,South,GA,1354,1232,2592,Democratic,No
13303,Washington County,Georgia,19849,8370,10553,107,42.16837120257947,53.166406368079,0.5390699783364402,South,GA,4643,4824,9493,Republican,Yes
13305,Wayne County,Georgia,30949,21989,6091,402,71.04914536818637,19.680765129729554,1.2989111118291383,South,GA,2708,10811,13561,Republican,No
13307,Webster County,Georgia,2381,986,1336,0,41.41117177656447,56.11087778244435,0,South,GA,544,790,1336,Republican,No
13309,Wheeler County,Georgia,7335,4301,2735,0,58.63667348329925,37.28698023176551,0,South,GA,622,1648,2276,Republican,No
13311,White County,Georgia,28810,25899,538,165,89.8958694897605,1.8674071502950367,0.5727178063172509,South,GA,2609,14136,16825,Republican,No
13313,Whitfield County,Georgia,103598,66961,3575,1492,64.63541767215584,3.4508388192822252,1.440182242900442,South,GA,10953,28655,39828,Republican,No
13315,Wilcox County,Georgia,8798,5222,2830,0,59.354398726983405,32.16640145487611,0,South,GA,847,2493,3347,Republican,No
13317,Wilkes County,Georgia,9549,4938,3773,117,51.712221174992145,39.51199078437533,1.2252591894439209,South,GA,2112,2971,5098,Republican,No
13319,Wilkinson County,Georgia,8747,4908,3298,47,56.11066651423345,37.70435577912427,0.5373270835715103,South,GA,2012,2888,4908,Republican,No
13321,Worth County,Georgia,20451,13576,5166,158,66.38306195296073,25.260378465600702,0.7725783580265023,South,GA,2300,6991,9309,Republican,No
15001,Hawaii County,Hawaii,205769,63553,1678,42748,30.885604731519322,0.8154775500682804,20.77475227075021,West,HI,52163,28748,82823,Democratic,No
15003,Honolulu County,Hawaii,1001146,184255,23615,422143,18.404408547804216,2.3587968188456028,42.16597778945329,West,HI,204301,130489,340921,Democratic,No
15007,Kauai County,Hawaii,73731,21863,639,22560,29.652385021225808,0.8666639541034301,30.59771330919152,West,HI,17675,11803,30064,Democratic,No
15009,Maui County,Hawaii,164522,49680,1388,46338,30.196569455756677,0.8436561675642165,28.165230181981745,West,HI,38905,22621,62893,Democratic,No
16001,Ada County,Idaho,518935,431302,6901,14278,83.11291394876045,1.3298389971769105,2.751404318459923,West,ID,116116,143759,267419,Republican,No
16003,Adams County,Idaho,4744,4230,9,0,89.16526138279932,0.1897133220910624,0,West,ID,577,2037,2681,Republican,No
16005,Bannock County,Idaho,89454,74335,832,1412,83.09857580432401,0.9300869720750329,1.578464909338878,West,ID,14306,24329,39976,Republican,No
16007,Bear Lake County,Idaho,6650,6329,33,14,95.17293233082707,0.4962406015037594,0.21052631578947367,West,ID,346,2908,3325,Republican,No
16009,Benewah County,Idaho,10142,8549,55,1,84.29303884835339,0.5422993492407809,0.0098599881680142,West,ID,935,4094,5145,Republican,No
16011,Bingham County,Idaho,49664,38331,96,144,77.18065399484536,0.19329896907216496,0.28994845360824745,West,ID,3878,16188,20651,Republican,No
16013,Blaine County,Idaho,24951,19398,97,147,77.74437898280631,0.3887619734679973,0.5891547432968619,West,ID,8424,4281,13089,Democratic,No
16015,Boise County,Idaho,8273,7017,22,125,84.81808292034329,0.2659252991659615,1.5109391998065997,West,ID,1065,3727,4910,Republican,No
16017,Bonner County,Idaho,51049,45936,177,279,89.98413289192736,0.34672569492056654,0.5465337225019099,West,ID,7650,21352,29710,Republican,No
16019,Bonneville County,Idaho,129523,109136,566,1181,84.25993838932082,0.4369880252928051,0.911807169383044,West,ID,14458,40053,56436,Republican,No
16021,Boundary County,Idaho,13172,10918,43,272,82.88794412389919,0.32645004555116913,2.064986334649256,West,ID,1145,5794,7110,Republican,No
16023,Butte County,Idaho,2684,2457,0,0,91.5424739195231,0,0,West,ID,185,1268,1494,Republican,No
16025,Camas County,Idaho,1124,867,0,0,77.13523131672598,0,0,West,ID,153,547,728,Republican,No
16027,Canyon County,Idaho,250790,182916,1871,2154,72.93592248494757,0.7460425056820448,0.8588859204912477,West,ID,25669,72755,101030,Republican,No
16029,Caribou County,Idaho,7162,6575,11,0,91.80396537280089,0.15358838313320303,0,West,ID,445,2906,3456,Republican,No
16031,Cassia County,Idaho,25483,17679,118,67,69.37566220617667,0.46305380057293094,0.26292037829140996,West,ID,1359,7959,9558,Republican,No
16033,Clark County,Idaho,849,598,0,0,70.43580683156655,0,0,West,ID,50,280,333,Republican,No
16035,Clearwater County,Idaho,9012,7988,20,87,88.63737239236573,0.22192632046160676,0.9653794940079893,West,ID,774,3550,4420,Republican,No
16037,Custer County,Idaho,4470,3985,14,137,89.14988814317674,0.3131991051454139,3.0648769574944073,West,ID,586,1998,2650,Republican,No
16039,Elmore County,Idaho,29321,21315,948,800,72.69533781248934,3.2331775860304903,2.7284199038231987,West,ID,2611,7791,10672,Republican,No
16041,Franklin County,Idaho,15056,13658,16,9,90.71466524973432,0.10626992561105207,0.0597768331562168,West,ID,703,6279,7184,Republican,No
16043,Fremont County,Idaho,13943,11905,45,15,85.38334648210572,0.3227425948504626,0.10758086495015419,West,ID,954,5645,6803,Republican,No
16045,Gem County,Idaho,20614,17758,2,159,86.14533811972446,0.009702144173862424,0.7713204618220627,West,ID,1699,8707,10620,Republican,No
16047,Gooding County,Idaho,15931,10708,10,44,67.21486410143744,0.06277069863787584,0.2761910740066537,West,ID,1100,4676,5918,Republican,No
16049,Idaho County,Idaho,17432,15876,22,95,91.07388710417624,0.12620468104635152,0.5449747590637907,West,ID,1460,8148,9867,Republican,No
16051,Jefferson County,Idaho,33154,29020,45,42,87.53091632985462,0.13573022863002956,0.12668154672136092,West,ID,1891,13481,15820,Republican,No
16053,Jerome County,Idaho,25173,16418,30,14,65.22067294323283,0.1191753068764152,0.055615143208993766,West,ID,1742,6012,7946,Republican,No
16055,Kootenai County,Idaho,181996,158537,644,1264,87.11015626717071,0.3538539308556232,0.6945207586979933,West,ID,22113,72059,96365,Republican,No
16057,Latah County,Idaho,41049,35630,401,870,86.79870398791688,0.9768812882165218,2.1194182562303587,West,ID,9039,10669,20461,Republican,Yes
16059,Lemhi County,Idaho,8249,7624,8,13,92.42332403927749,0.09698145229724815,0.15759485998302825,West,ID,1038,3716,4874,Republican,No
16061,Lewis County,Idaho,3682,3049,42,37,82.80825638240087,1.1406844106463878,1.004888647474199,West,ID,305,1503,1846,Republican,No
16063,Lincoln County,Idaho,5358,3421,30,17,63.84845091452034,0.5599104143337066,0.3172825681224338,West,ID,392,1466,1917,Republican,No
16065,Madison County,Idaho,54618,47573,555,816,87.10132190852833,1.0161485224651214,1.4940129627595298,West,ID,2767,13925,17363,Republican,No
16067,Minidoka County,Idaho,22208,14884,22,94,67.02089337175792,0.09906340057636888,0.4232708933717579,West,ID,1373,6401,7948,Republican,No
16069,Nez Perce County,Idaho,42697,37457,83,368,87.72747499824344,0.19439304869194557,0.8618872520317588,West,ID,5928,13707,20135,Republican,No
16071,Oneida County,Idaho,4768,4474,19,0,93.83389261744966,0.39848993288590606,0,West,ID,253,2119,2457,Republican,No
16073,Owyhee County,Idaho,12503,8729,66,17,69.81524434135807,0.5278733104055027,0.1359673678317204,West,ID,756,4101,4950,Republican,No
16075,Payette County,Idaho,26771,21960,30,196,82.02906129767285,0.11206155914982631,0.7321355197788652,West,ID,2064,9458,11761,Republican,No
16077,Power County,Idaho,8133,5093,36,0,62.62141891061109,0.4426410918480265,0,West,ID,785,2146,3021,Republican,No
16079,Shoshone County,Idaho,13785,12355,142,47,89.62640551323902,1.0301051867972433,0.3409503083061299,West,ID,1472,4500,6132,Republican,No
16081,Teton County,Idaho,12425,10075,0,10,81.08651911468813,0,0.08048289738430583,West,ID,3463,3005,6698,Democratic,No
16083,Twin Falls County,Idaho,93734,73685,828,1096,78.61074956792626,0.8833507585294557,1.169266221435125,West,ID,9064,27304,37383,Republican,No
16085,Valley County,Idaho,12389,11300,15,25,91.20994430543223,0.12107514730809589,0.20179191218015982,West,ID,2869,4214,7240,Republican,No
16087,Washington County,Idaho,11142,8857,33,86,79.49201220606713,0.2961766289714593,0.7718542451983487,West,ID,1010,4429,5555,Republican,No
17001,Adams County,Illinois,64754,58671,1839,435,90.60598573061124,2.839978997436452,0.6717731723136795,North Central,IL,8111,23161,31766,Republican,No
17003,Alexander County,Illinois,4875,3069,1616,21,62.95384615384615,33.14871794871795,0.43076923076923074,North Central,IL,904,1341,2271,Republican,No
17005,Bond County,Illinois,16716,14488,1023,110,86.67145250059824,6.119885139985643,0.658052165589854,North Central,IL,2117,5692,7991,Republican,No
17007,Boone County,Illinois,53230,38201,1623,511,71.76592147285365,3.04903250046966,0.9599849708810821,North Central,IL,10159,13673,24256,Republican,No
17009,Brown County,Illinois,6322,4711,1132,3,74.51755773489403,17.905726036064536,0.04745333755140778,North Central,IL,467,1938,2455,Republican,No
17011,Bureau County,Illinois,32866,28743,193,287,87.45512079352523,0.5872330067547009,0.8732428649668351,North Central,IL,5900,9784,15999,Republican,No
17013,Calhoun County,Illinois,4330,4086,64,0,94.364896073903,1.4780600461893765,0,North Central,IL,560,2059,2680,Republican,No
17015,Carroll County,Illinois,15576,14027,628,125,90.0552131484335,4.031843862352337,0.8025166923472007,North Central,IL,2600,5082,7840,Republican,No
17017,Cass County,Illinois,12784,9562,508,117,74.79662077596996,3.9737171464330414,0.915206508135169,North Central,IL,1438,3712,5241,Republican,No
17019,Champaign County,Illinois,208741,134024,28079,23898,64.2058819302389,13.451597913203445,11.448637306518604,North Central,IL,54314,32965,89581,Democratic,No
17021,Christian County,Illinois,33538,30883,734,247,92.08360665513744,2.1885622279205674,0.7364780249269486,North Central,IL,4026,11278,15545,Republican,No
17023,Clark County,Illinois,15266,14540,70,19,95.24433381370365,0.4585353072186558,0.12445958338792087,North Central,IL,1927,6130,8206,Republican,No
17025,Clay County,Illinois,13052,12431,38,28,95.24210848912044,0.29114311982837876,0.21452650934722645,North Central,IL,1054,5610,6769,Republican,No
17027,Clinton County,Illinois,36954,33584,1164,231,90.88055420252206,3.149861990582887,0.6251014775125833,North Central,IL,4447,14407,19230,Republican,No
17029,Coles County,Illinois,46777,41961,1670,624,89.70434187741839,3.570130619749022,1.3339889261816704,North Central,IL,7495,13606,21507,Republican,No
17031,Cook County,Illinois,5182090,2257930,1148066,411778,43.57180211073138,22.154497509692035,7.946176156724411,North Central,IL,1447821,583852,2079239,Democratic,No
17033,Crawford County,Illinois,18511,16763,636,45,90.55696612824808,3.4357949327426938,0.243098698071417,North Central,IL,2048,6727,8935,Republican,No
17035,Cumberland County,Illinois,10334,9817,18,4,94.99709696148636,0.17418231081865687,0.03870718018192375,North Central,IL,1059,4627,5769,Republican,No
17037,DeKalb County,Illinois,100703,74678,7056,2331,74.15667854979495,7.006742599525337,2.31472746591462,North Central,IL,23648,22716,47401,Democratic,No
17039,De Witt County,Illinois,15373,14339,168,30,93.27392181096728,1.092825082937618,0.19514733623886032,North Central,IL,2058,5529,7758,Republican,No
17041,Douglas County,Illinois,19751,17512,282,82,88.66386512075339,1.4277758088198067,0.41516885221001465,North Central,IL,2198,6076,8410,Republican,No
17043,DuPage County,Illinois,930024,602548,46090,121134,64.78843556725418,4.955786087240759,13.024825165802174,North Central,IL,251164,191243,456882,Democratic,No
17045,Edgar County,Illinois,16535,15863,108,47,95.93589355911702,0.6531599637133354,0.2842455397641367,North Central,IL,1816,5955,7912,Republican,No
17047,Edwards County,Illinois,6075,5787,6,22,95.25925925925925,0.09876543209876544,0.36213991769547327,North Central,IL,457,2794,3289,Republican,No
17049,Effingham County,Illinois,34522,33062,101,297,95.77081281501651,0.29256705868721394,0.8603209547534905,North Central,IL,3617,15124,19084,Republican,No
17051,Fayette County,Illinois,21315,18936,692,33,88.83884588318087,3.246539995308468,0.15482054890921887,North Central,IL,1632,7847,9601,Republican,No
17053,Ford County,Illinois,13406,12111,71,55,90.34014620319259,0.5296136058481277,0.41026406086826794,North Central,IL,1643,4778,6553,Republican,No
17055,Franklin County,Illinois,37323,35347,154,131,94.70567746429815,0.41261420571765395,0.35099000616241993,North Central,IL,4257,13200,17692,Republican,No
17057,Fulton County,Illinois,33020,30518,966,100,92.42277407631738,2.9254996971532403,0.30284675953967294,North Central,IL,5980,9827,16144,Republican,No
17059,Gallatin County,Illinois,4819,4635,54,37,96.181780452376,1.120564432454866,0.7677941481635194,North Central,IL,561,1923,2530,Republican,No
17061,Greene County,Illinois,11683,11198,88,61,95.8486690062484,0.7532311906188479,0.5221261662244286,North Central,IL,1220,4719,6056,Republican,No
17063,Grundy County,Illinois,53219,45933,1220,301,86.30940077791766,2.2924143632913054,0.5655874781562976,North Central,IL,9143,16997,26589,Republican,No
17065,Hamilton County,Illinois,7916,7541,17,41,95.26275896917636,0.21475492673067204,0.5179383527033856,North Central,IL,739,3385,4181,Republican,No
17067,Hancock County,Illinois,17281,16283,128,62,94.22487124587697,0.7406978762803078,0.3587755338232741,North Central,IL,2183,6708,9065,Republican,No
17069,Hardin County,Illinois,3605,3477,49,0,96.4493758668516,1.3592233009708738,0,North Central,IL,357,1546,1926,Republican,No
17071,Henderson County,Illinois,6193,5824,19,11,94.0416599386404,0.3067979977393832,0.17761989342806395,North Central,IL,1026,2369,3464,Republican,No
17073,Henry County,Illinois,48643,42780,535,254,87.9468782764221,1.099849927019304,0.5221717410521555,North Central,IL,9226,15359,25092,Republican,No
17075,Iroquois County,Illinois,26449,23481,213,89,88.7784037203675,0.8053234526825211,0.336496653937767,North Central,IL,2747,10376,13324,Republican,No
17077,Jackson County,Illinois,53064,38642,7422,1970,72.82149856776724,13.986883763003167,3.7124981154831898,North Central,IL,11394,10614,22465,Democratic,No
17079,Jasper County,Illinois,9180,8892,7,12,96.86274509803921,0.07625272331154684,0.130718954248366,North Central,IL,912,4449,5425,Republican,No
17081,Jefferson County,Illinois,36550,30687,2272,376,83.95896032831737,6.216142270861833,1.0287277701778386,North Central,IL,4240,12189,16662,Republican,No
17083,Jersey County,Illinois,21274,20197,118,143,94.93748237284949,0.5546676694556736,0.672182006204757,North Central,IL,2816,8684,11694,Republican,No
17085,Jo Daviess County,Illinois,21851,20434,166,118,93.5151709303922,0.7596906320076885,0.5400210516681159,North Central,IL,5051,7136,12414,Republican,No
17087,Johnson County,Illinois,13376,10772,1043,33,80.53229665071771,7.797547846889952,0.24671052631578946,North Central,IL,1241,4798,6103,Republican,No
17089,Kane County,Illinois,517255,300197,25661,21270,58.03655837062958,4.96099602710462,4.112091714918174,North Central,IL,120077,99260,223534,Democratic,No
17091,Kankakee County,Illinois,106635,78270,15265,1067,73.39991559994374,14.315187321235992,1.0006095559619261,North Central,IL,18399,28285,47569,Republican,No
17093,Kendall County,Illinois,137675,89865,10573,4997,65.27328854185582,7.679680406755039,3.629562375158889,North Central,IL,32977,31970,66397,Democratic,No
17095,Knox County,Illinois,49046,40178,3962,617,81.91901480243037,8.078130734412593,1.2580026913509768,North Central,IL,9838,11917,22191,Republican,No
17097,Lake County,Illinois,714223,437310,47642,62162,61.22877588652283,6.670465666885553,8.703444162397458,North Central,IL,184642,120402,310913,Democratic,No
17099,LaSalle County,Illinois,108714,92952,2796,911,85.50140736243722,2.5718858656658754,0.8379785492208915,North Central,IL,21029,30717,52508,Republican,No
17101,Lawrence County,Illinois,15031,12621,932,69,83.96646929678664,6.200518927549731,0.4590512939924156,North Central,IL,1283,4715,6110,Republican,No
17103,Lee County,Illinois,33869,29059,1798,243,85.79822256340607,5.308689361953409,0.7174702530337477,North Central,IL,6105,9680,16113,Republican,No
17105,Livingston County,Illinois,35565,31676,1209,239,89.06509208491494,3.399409531843104,0.6720089976100099,North Central,IL,4311,11970,16549,Republican,No
17107,Logan County,Illinois,27713,24136,1492,130,87.09270017681231,5.383754916465197,0.46909392703785224,North Central,IL,3543,8757,12564,Republican,No
17109,McDonough County,Illinois,26920,23246,1562,566,86.35215453194651,5.802377414561664,2.1025260029717683,North Central,IL,4736,6987,11972,Republican,No
17111,McHenry County,Illinois,312591,248630,4755,9760,79.53843840673596,1.5211570390702227,3.1222907889222657,North Central,IL,75370,83933,162283,Republican,No
17113,McLean County,Illinois,171556,133787,14627,9007,77.98444822681807,8.526078947982,5.250180699013733,North Central,IL,44495,40290,86522,Democratic,No
17115,Macon County,Illinois,101849,75616,16552,1564,74.24324244715216,16.251509587723,1.53560663334937,North Central,IL,18009,26562,45341,Republican,No
17117,Macoupin County,Illinois,44350,41656,654,130,93.92559188275085,1.4746335963923336,0.2931228861330327,North Central,IL,6892,16065,23425,Republican,No
17119,Madison County,Illinois,264238,219413,20666,2245,83.03612652230187,7.820979571446954,0.8496128490224722,North Central,IL,56341,73925,133072,Republican,No
17121,Marion County,Illinois,37000,33280,1097,270,89.94594594594595,2.964864864864865,0.7297297297297297,North Central,IL,4116,12409,16762,Republican,No
17123,Marshall County,Illinois,11647,10812,47,10,92.83077187258522,0.40353739160298785,0.08585901948999743,North Central,IL,1913,4119,6127,Republican,No
17125,Mason County,Illinois,12745,12058,96,52,94.60965084346803,0.7532365633581797,0.40800313848568065,North Central,IL,1773,4464,6374,Republican,No
17127,Massac County,Illinois,13865,11970,934,39,86.332491886044,6.7363865849260725,0.281283808150018,North Central,IL,1683,4939,6676,Republican,No
17129,Menard County,Illinois,12095,11472,63,31,94.84911120297643,0.52087639520463,0.25630425795783385,North Central,IL,1834,4499,6431,Republican,No
17131,Mercer County,Illinois,15495,14589,93,56,94.15295256534367,0.6001936108422072,0.36140690545337206,North Central,IL,2950,5215,8346,Republican,No
17133,Monroe County,Illinois,35036,33641,207,209,96.01838109373216,0.5908208699623244,0.596529284164859,North Central,IL,6473,14055,20902,Republican,No
17135,Montgomery County,Illinois,27942,25911,926,110,92.73137212797938,3.3140075871448,0.39367260754419864,North Central,IL,3573,9378,13203,Republican,No
17137,Morgan County,Illinois,33021,28951,1619,276,87.67451016020108,4.902940552981436,0.8358317434359953,North Central,IL,4848,9607,14677,Republican,No
17139,Moultrie County,Illinois,14424,13753,150,8,95.34803105934554,1.0399334442595674,0.055463117027176934,North Central,IL,1615,4816,6528,Republican,No
17141,Ogle County,Illinois,51495,44083,636,294,85.60636955044178,1.2350713661520536,0.5709292164287795,North Central,IL,8883,16450,25799,Republican,No
17143,Peoria County,Illinois,179645,120891,31145,8302,67.29438615046341,17.3369701355451,4.6213365248128255,North Central,IL,40564,36896,79138,Democratic,No
17145,Perry County,Illinois,20639,17644,1573,74,85.48863801540773,7.621493289403556,0.3585445031251514,North Central,IL,2146,6949,9248,Republican,No
17147,Piatt County,Illinois,16695,15860,240,106,94.99850254567235,1.4375561545372868,0.6349206349206349,North Central,IL,3204,6104,9508,Republican,No
17149,Pike County,Illinois,14469,13808,87,41,95.4316124127445,0.6012855069458843,0.28336443430783054,North Central,IL,1302,6086,7509,Republican,No
17151,Pope County,Illinois,3739,3323,179,1,88.87403048943567,4.787376303824551,0.02674511901577962,North Central,IL,416,1698,2133,Republican,No
17153,Pulaski County,Illinois,5015,3106,1694,8,61.93419740777667,33.778664007976076,0.15952143569292124,North Central,IL,769,1583,2381,Republican,No
17155,Putnam County,Illinois,5601,5113,19,42,91.28727013033387,0.33922513836814855,0.7498660953401178,North Central,IL,1254,2014,3334,Republican,No
17157,Randolph County,Illinois,30058,25786,2497,169,85.78747754341606,8.307272606294497,0.5622463237740368,North Central,IL,3461,10624,14333,Republican,No
17159,Richland County,Illinois,15598,14630,68,85,93.79407616361071,0.4359533273496602,0.5449416591870753,North Central,IL,1747,5889,7755,Republican,No
17161,Rock Island County,Illinois,142757,102074,16270,3943,71.50192284791639,11.396989289491934,2.7620361873673445,North Central,IL,34126,28061,63458,Democratic,No
17163,St. Clair County,Illinois,253694,152523,70726,4174,60.12085425749131,27.878467760372732,1.6452892066820657,North Central,IL,63433,54021,119962,Democratic,No
17165,Saline County,Illinois,23213,21292,719,127,91.72446473958557,3.0974023176668246,0.5471072244001206,North Central,IL,2634,7830,10605,Republican,No
17167,Sangamon County,Illinois,194947,152344,24767,4464,78.14636798719651,12.704478653172401,2.2898531395712682,North Central,IL,46074,50979,99171,Republican,No
17169,Schuyler County,Illinois,6787,6222,254,44,91.67526152939442,3.7424487991748934,0.6482982171799028,North Central,IL,961,2720,3759,Republican,No
17171,Scott County,Illinois,4937,4719,58,22,95.58436297346566,1.174802511646749,0.4456147457970428,North Central,IL,488,2071,2587,Republican,No
17173,Shelby County,Illinois,20720,20005,45,38,96.5492277992278,0.2171814671814672,0.1833976833976834,North Central,IL,2240,9267,11670,Republican,No
17175,Stark County,Illinois,5308,4869,66,45,91.72946495855314,1.2434061793519218,0.8477769404672193,North Central,IL,725,1983,2761,Republican,No
17177,Stephenson County,Illinois,43768,34830,3779,361,79.57868762566258,8.634161944799853,0.8248035094132699,North Central,IL,8278,12347,20995,Republican,No
17179,Tazewell County,Illinois,130290,121337,2101,1283,93.1284058638422,1.612556604497659,0.9847263796147057,North Central,IL,24325,42451,68027,Republican,No
17181,Union County,Illinois,16997,15210,161,108,89.48637994940285,0.9472259810554804,0.6354062481614403,North Central,IL,2285,5837,8226,Republican,No
17183,Vermilion County,Illinois,72386,56446,10699,640,77.97916724228442,14.780482413726412,0.8841488685657447,North Central,IL,9254,19777,29549,Republican,No
17185,Wabash County,Illinois,11119,10416,69,181,93.6774889828222,0.6205594028239949,1.6278442305962766,North Central,IL,1200,4095,5377,Republican,No
17187,Warren County,Illinois,16447,13624,438,395,82.83577552137167,2.6630996534322366,2.4016537970450536,North Central,IL,2711,4579,7447,Republican,No
17189,Washington County,Illinois,13627,12968,202,32,95.16401262200044,1.482351214500624,0.23482791516841567,North Central,IL,1564,5892,7562,Republican,No
17191,Wayne County,Illinois,15973,15199,64,97,95.15432291992738,0.4006761409879171,0.6072747761848118,North Central,IL,1155,7019,8275,Republican,No
17193,White County,Illinois,13619,13030,78,35,95.6751597033556,0.5727292752771863,0.25699390557309637,North Central,IL,1390,5586,7067,Republican,No
17195,Whiteside County,Illinois,54947,46769,691,291,85.11656687353268,1.2575754818279434,0.5296012521156751,North Central,IL,11012,14898,26447,Republican,No
17197,Will County,Illinois,701462,437226,83066,44805,62.330675075770316,11.841838902178594,6.387373799293476,North Central,IL,162874,157672,327604,Democratic,No
17199,Williamson County,Illinois,66876,59489,2988,1000,88.95418386267121,4.467970572402655,1.4953047431066453,North Central,IL,9890,22686,33068,Republican,No
17201,Winnebago County,Illinois,283292,188087,34098,8280,66.39333267441367,12.036344125495955,2.922779323101252,North Central,IL,59942,59257,121347,Democratic,No
17203,Woodford County,Illinois,38312,36040,232,229,94.06974316141157,0.6055543954896638,0.597723950720401,North Central,IL,5958,14837,21123,Republican,No
18001,Adams County,Indiana,36227,34120,115,136,94.18389598917935,0.3174427912882657,0.37541060534960113,North Central,IN,3179,10528,13966,Republican,No
18003,Allen County,Indiana,392378,279390,41585,20833,71.20429789641621,10.598198675766735,5.309421017488238,North Central,IN,69960,90283,163163,Republican,No
18005,Bartholomew County,Indiana,83536,66196,1545,6174,79.24248228308754,1.8495020111089828,7.390825512353954,North Central,IN,12525,22220,35488,Republican,No
18007,Benton County,Indiana,8735,7919,62,4,90.65827132226674,0.7097882083571838,0.04579278763594734,North Central,IN,1010,2873,3954,Republican,No
18009,Blackford County,Indiana,11950,11330,77,13,94.81171548117155,0.6443514644351465,0.10878661087866108,North Central,IN,1227,3811,5136,Republican,No
18011,Boone County,Indiana,74718,65197,2284,2678,87.25742123718516,3.0568270028641025,3.5841430445140396,North Central,IN,16426,22840,40109,Republican,No
18013,Brown County,Indiana,15606,14706,46,86,94.23298731257209,0.2947584262463155,0.5510701012431116,North Central,IN,2832,5647,8627,Republican,No
18015,Carroll County,Indiana,20535,19302,53,34,93.99561723886049,0.25809593377160944,0.1655709763817872,North Central,IN,2120,6902,9184,Republican,No
18017,Cass County,Indiana,37680,28815,442,542,76.47292993630573,1.173036093418259,1.4384288747346072,North Central,IN,3722,10285,14213,Republican,No
18019,Clark County,Indiana,124354,101612,9069,1514,81.71188703218232,7.292889653730479,1.217491998649018,North Central,IN,22810,34734,58612,Republican,No
18021,Clay County,Indiana,26409,24987,139,114,94.61547199818244,0.5263357188837139,0.43167102124275814,North Central,IN,2495,9354,12055,Republican,No
18023,Clinton County,Indiana,32944,27156,207,155,82.43079164643031,0.6283389995143274,0.470495386109762,North Central,IN,3135,9108,12450,Republican,No
18025,Crawford County,Indiana,10499,10037,46,2,95.59958091246786,0.4381369654252786,0.01904943327935994,North Central,IN,1235,3668,5011,Republican,No
18027,Daviess County,Indiana,33658,30161,555,88,89.61019668429496,1.6489393309168696,0.2614534434606929,North Central,IN,1963,9322,11449,Republican,No
18029,Dearborn County,Indiana,51094,48314,139,276,94.55904802912279,0.27204759854386035,0.5401808431518378,North Central,IN,5335,20844,26600,Republican,No
18031,Decatur County,Indiana,26422,24649,178,22,93.28968284005754,0.6736810233895996,0.08326394671107411,North Central,IN,2406,9491,12111,Republican,No
18033,DeKalb County,Indiana,43807,41507,46,241,94.74969753692332,0.10500604926153355,0.5501403885223822,North Central,IN,5064,14377,19792,Republican,No
18035,Delaware County,Indiana,112280,95719,5975,1956,85.25026718916993,5.3215176344852155,1.7420733879586747,North Central,IN,18848,26067,45784,Republican,No
18037,Dubois County,Indiana,43614,38371,346,211,87.97863071490806,0.7933232448296419,0.48378960884119776,North Central,IN,5944,14983,21424,Republican,No
18039,Elkhart County,Indiana,207132,152453,10034,2043,73.60185775254428,4.8442539057219545,0.9863275592375877,North Central,IN,23082,45652,69765,Republican,No
18041,Fayette County,Indiana,23334,21919,316,17,93.9358875460701,1.354247021513671,0.07285506128396331,North Central,IN,2084,7625,9838,Republican,No
18043,Floyd County,Indiana,80918,69488,3867,1002,85.87458909019007,4.778911984972441,1.2382906151906867,North Central,IN,17025,23408,41181,Republican,No
18045,Fountain County,Indiana,16617,15522,112,36,93.41036288138653,0.6740085454654872,0.21664560389962087,North Central,IN,1526,6311,7982,Republican,No
18047,Franklin County,Indiana,23020,22081,18,207,95.92093831450912,0.07819287576020852,0.8992180712423979,North Central,IN,2061,9810,12034,Republican,No
18049,Fulton County,Indiana,20312,18322,100,22,90.20283576211106,0.49231981094919264,0.10831035840882237,North Central,IN,2097,6633,8854,Republican,No
18051,Gibson County,Indiana,33000,29840,606,189,90.42424242424244,1.8363636363636364,0.5727272727272728,North Central,IN,3722,11896,15901,Republican,No
18053,Grant County,Indiana,66295,56104,3222,593,84.62779998491591,4.860095029791085,0.8944867637076702,North Central,IN,7083,17580,25156,Republican,No
18055,Greene County,Indiana,31021,29734,147,75,95.85119757583573,0.47387253795815737,0.24177170303987622,North Central,IN,3270,11132,14633,Republican,No
18057,Hamilton County,Indiana,365056,292742,16360,25107,80.19098439691444,4.481504207573632,6.877574947405329,North Central,IN,90394,102318,196727,Republican,No
18059,Hancock County,Indiana,84037,74567,2960,945,88.73115413448838,3.522258053000464,1.1245046824612968,North Central,IN,14312,29288,44450,Republican,No
18061,Harrison County,Indiana,39859,37664,338,269,94.49308813567826,0.8479891617953286,0.6748789482927319,North Central,IN,5233,14830,20448,Republican,No
18063,Hendricks County,Indiana,183344,143308,18514,6078,78.16345230822934,10.097957936992758,3.315079849899642,North Central,IN,31917,49783,83189,Republican,No
18065,Henry County,Indiana,48970,45439,1101,245,92.78946293649173,2.2483152950786196,0.5003063099857055,North Central,IN,5208,15033,20604,Republican,No
18067,Howard County,Indiana,83752,70905,6176,1198,84.6606648199446,7.37415225905053,1.4304136020632343,North Central,IN,12197,25871,38784,Republican,No
18069,Huntington County,Indiana,36798,34724,257,232,94.36382412087613,0.6984075221479428,0.6304690472308278,North Central,IN,4416,12990,17735,Republican,No
18071,Jackson County,Indiana,46660,37337,276,1043,80.0192884697814,0.5915130732961852,2.2353193313330477,North Central,IN,4015,14323,18654,Republican,No
18073,Jasper County,Indiana,33234,29174,238,58,87.78359511343804,0.7161340795570801,0.17452006980802792,North Central,IN,3489,12082,15826,Republican,No
18075,Jay County,Indiana,20229,18919,67,11,93.52414849967869,0.33120767215383856,0.0543773790103317,North Central,IN,1747,6217,8103,Republican,No
18077,Jefferson County,Indiana,32998,30457,343,270,92.29953330504878,1.0394569367840474,0.8182314079641191,North Central,IN,4442,9614,14327,Republican,No
18079,Jennings County,Indiana,27562,25744,96,125,93.40396197663449,0.3483056381975183,0.4535229664030187,North Central,IN,2328,9273,11809,Republican,No
18081,Johnson County,Indiana,166315,140778,5461,8542,84.64540179779334,3.2835282445960976,5.136037038150498,North Central,IN,24880,51588,77832,Republican,No
18083,Knox County,Indiana,36007,32307,604,310,89.72422029049906,1.6774516066320437,0.8609437053906185,North Central,IN,3625,11236,15110,Republican,No
18085,Kosciusko County,Indiana,80442,69905,472,1119,86.90112130479103,0.5867581611595932,1.39106436935929,North Central,IN,7995,26213,34896,Republican,No
18087,LaGrange County,Indiana,40805,38423,145,28,94.16248008822448,0.35534860923906386,0.06861904178409509,North Central,IN,2162,8073,10411,Republican,No
18089,Lake County,Indiana,500379,274459,115462,8064,54.85022353056384,23.074909218812138,1.6115784235549453,North Central,IN,109086,97270,209551,Democratic,No
18091,LaPorte County,Indiana,111917,87406,11828,715,78.09894832777861,10.568546333443534,0.6388663027064699,North Central,IN,20007,26726,47553,Republican,No
18093,Lawrence County,Indiana,45102,42296,109,250,93.77854640592435,0.24167442685468493,0.5542991441621214,North Central,IN,5010,15830,21220,Republican,No
18095,Madison County,Indiana,131900,110320,8068,865,83.63912054586808,6.116755117513267,0.6557998483699773,North Central,IN,19824,34837,55730,Republican,No
18097,Marion County,Indiana,975809,506230,267690,39759,51.87798021948967,27.432622572655102,4.074465392305257,North Central,IN,221719,124327,352540,Democratic,No
18099,Marshall County,Indiana,46284,40685,261,306,87.90294702272924,0.5639097744360901,0.6611355976147265,North Central,IN,5356,13837,19559,Republican,No
18101,Martin County,Indiana,9830,9393,35,12,95.55442522889115,0.3560528992878942,0.12207527975584943,North Central,IN,933,3961,4992,Republican,No
18103,Miami County,Indiana,35712,31507,1338,228,88.22524641577061,3.7466397849462365,0.6384408602150538,North Central,IN,3046,10670,13977,Republican,No
18105,Monroe County,Indiana,140965,115589,4988,9644,81.9983683893165,3.538466995353456,6.841414535523002,North Central,IN,37213,21004,59256,Democratic,No
18107,Montgomery County,Indiana,38312,34624,372,209,90.37377323031949,0.9709751513885988,0.5455209855919816,North Central,IN,4134,12122,16581,Republican,No
18109,Morgan County,Indiana,72659,68339,576,363,94.05441858544708,0.7927441886070549,0.4995939938617377,North Central,IN,7765,26965,35352,Republican,No
18111,Newton County,Indiana,13922,12108,147,72,86.97026289326246,1.0558827754632956,0.517167073696308,North Central,IN,1370,5131,6601,Republican,No
18113,Noble County,Indiana,47495,41054,156,268,86.43857248131383,0.3284556269080956,0.5642699231498053,North Central,IN,4462,14209,18964,Republican,No
18115,Ohio County,Indiana,5999,5687,5,64,94.79913318886481,0.0833472245374229,1.066844474079013,North Central,IN,666,2381,3091,Republican,No
18117,Orange County,Indiana,19767,18493,234,89,93.5549147569181,1.1837911670966763,0.45024535842565894,North Central,IN,1988,6467,8595,Republican,No
18119,Owen County,Indiana,21604,20583,180,123,95.27402332901315,0.8331790409183484,0.5693390112942047,North Central,IN,2354,7360,9876,Republican,No
18121,Parke County,Indiana,16406,15503,261,0,94.49591612824577,1.5908813848591978,0,North Central,IN,1371,5158,6654,Republican,No
18123,Perry County,Indiana,19270,17862,429,112,92.69330565646082,2.2262584327970942,0.5812143227815256,North Central,IN,2970,5549,8666,Republican,No
18125,Pike County,Indiana,12154,11620,52,6,95.60638472930722,0.42784268553562615,0.04936646371564917,North Central,IN,1314,4610,6009,Republican,No
18127,Porter County,Indiana,174818,146281,7813,2597,83.67616606985551,4.469219416764864,1.4855449667654361,North Central,IN,37213,46109,84969,Republican,No
18129,Posey County,Indiana,25116,23472,165,85,93.45437171524128,0.6569517439082656,0.3384296862557732,North Central,IN,3572,9206,12978,Republican,No
18131,Pulaski County,Indiana,12441,11399,31,46,91.62446748653646,0.24917611124507677,0.3697451973314042,North Central,IN,1280,4372,5763,Republican,No
18133,Putnam County,Indiana,37280,34056,1244,552,91.3519313304721,3.336909871244635,1.48068669527897,North Central,IN,3871,12566,16734,Republican,No
18135,Randolph County,Indiana,24387,22324,173,114,91.54057489646122,0.7093943494484767,0.46746217246893834,North Central,IN,2349,8008,10553,Republican,No
18137,Ripley County,Indiana,29095,27539,218,152,94.65200206221,0.7492696339577246,0.52242653376868875,North Central,IN,2682,11526,14405,Republican,No
18139,Rush County,Indiana,16739,16027,106,0,95.7464603620288,0.6332516876754883,0,North Central,IN,1675,5812,7656,Republican,No
18141,St. Joseph County,Indiana,273040,193905,34025,7435,71.01706709639613,12.461544096103134,2.7230442426018167,North Central,IN,55215,53585,110823,Democratic,No
18143,Scott County,Indiana,24526,23142,118,0,94.35700888852647,0.4811220745331485,0,North Central,IN,2389,7633,10187,Republican,No
18145,Shelby County,Indiana,45265,41272,626,455,91.17861482381531,1.3829669722743843,1.0051916491770685,North Central,IN,4955,14438,19754,Republican,No
18147,Spencer County,Indiana,19955,18688,113,49,93.65071410674017,0.5662741167627161,0.2455524931094964,North Central,IN,2853,7364,10442,Republican,No
18149,Starke County,Indiana,23365,21565,126,77,92.29616948427135,0.5392681361010058,0.3295527498395035,North Central,IN,2436,7889,10478,Republican,No
18151,Steuben County,Indiana,34726,32205,230,250,92.74030985428784,0.6623279387202672,0.7199216725220295,North Central,IN,4598,11487,16364,Republican,No
18153,Sullivan County,Indiana,20780,18839,625,80,90.65928777670837,3.0076997112608277,0.384985563041386,North Central,IN,2006,6639,8795,Republican,No
18155,Switzerland County,Indiana,9909,9410,27,30,94.96417398324756,0.2724795640326975,0.3027550711474417,North Central,IN,873,3319,4258,Republican,No
18157,Tippecanoe County,Indiana,189071,140140,11832,15233,74.12030401277828,6.25796658398168,8.056761745587636,North Central,IN,32683,32783,66906,Republican,Yes
18159,Tipton County,Indiana,15346,14375,168,46,93.67261827186238,1.094747817020722,0.2997523784699596,North Central,IN,1893,5946,7976,Republican,No
18161,Union County,Indiana,6985,6644,40,30,95.11811023622047,0.5726556907659269,0.4294917680744453,North Central,IN,746,2698,3494,Republican,No
18163,Vanderburgh County,Indiana,180117,146667,15303,2480,81.42873798697514,8.496144172954248,1.3768828039552068,North Central,IN,31727,41056,73832,Republican,No
18165,Vermillion County,Indiana,15421,14774,104,21,95.80442254069126,0.6744050320990856,0.13617793917385385,North Central,IN,1928,5174,7256,Republican,No
18167,Vigo County,Indiana,106109,89923,6106,2202,84.74587452525233,5.754460036377687,2.0752245332629657,North Central,IN,16338,23738,40914,Republican,No
18169,Wabash County,Indiana,30844,28833,284,130,93.48009337310336,0.9207625470107639,0.42147581377253274,North Central,IN,3335,10425,13961,Republican,No
18171,Warren County,Indiana,8464,8021,12,40,94.76606805293005,0.14177693761814747,0.4725897920604915,North Central,IN,898,3402,4370,Republican,No
18173,Warrick County,Indiana,65261,58989,1297,1139,90.38935964818191,1.9874044222429936,1.745299642972066,North Central,IN,11292,21280,33102,Republican,No
18175,Washington County,Indiana,28212,26962,97,37,95.56926130724514,0.3438253225577768,0.13114986530554373,North Central,IN,2764,9739,12723,Republican,No
18177,Wayne County,Indiana,66397,57465,2566,602,86.54758498124914,3.86463243821257,0.9066674699158095,North Central,IN,8828,17526,26827,Republican,No
18179,Wells County,Indiana,28420,26309,283,64,92.57213230119635,0.995777621393385,0.22519352568613651,North Central,IN,2850,11006,14110,Republican,No
18181,White County,Indiana,24717,21486,113,77,86.92802524578227,0.4571752235303637,0.3115264797507788,North Central,IN,2945,7969,11163,Republican,No
18183,Whitley County,Indiana,34618,32025,56,119,92.50967704662314,0.16176555549136287,0.34375180541914613,North Central,IN,4275,13122,17740,Republican,No
19001,Adair County,Iowa,7460,7041,115,23,94.3833780160858,1.5415549597855227,0.3083109919571046,North Central,IA,2172,5832,4104,Republican,No
19003,Adams County,Iowa,3622,3434,11,0,94.80949751518499,0.3036996134732192,0,North Central,IA,1152,3034,2153,Republican,No
19005,Allamakee County,Iowa,14092,12416,257,57,88.10672722111836,1.823729775759296,0.40448481407891,North Central,IA,4700,9714,7410,Republican,No
19007,Appanoose County,Iowa,12184,11604,100,111,95.23965856861457,0.8207485226526593,0.9110308601444517,North Central,IA,3372,9408,6535,Republican,No
19009,Audubon County,Iowa,5599,5293,28,3,94.53473834613324,0.500089301661011,0.05358099660653688,North Central,IA,1940,4428,3286,Republican,No
19011,Benton County,Iowa,25724,24375,107,60,94.7558700046649,0.4159539729435547,0.2332452184730213,North Central,IA,9478,19098,14593,Republican,No
19013,Black Hawk County,Iowa,131049,104148,12135,3565,79.47256369754825,9.259895153721127,2.7203565078711014,North Central,IA,62598,61144,63279,Democratic,No
19015,Boone County,Iowa,26668,25099,307,53,94.11654417279136,1.1511924403779812,0.19874006299685018,North Central,IA,11790,18398,15520,Republican,No
19017,Bremer County,Iowa,25204,23332,289,226,92.57260752261546,1.146643389938105,0.8966830661799714,North Central,IA,11142,17598,14673,Republican,No
19019,Buchanan County,Iowa,20694,19862,124,40,95.9795109693631,0.599207499758384,0.19329274185754325,North Central,IA,7532,13580,10856,Republican,No
19021,Buena Vista County,Iowa,20753,12457,679,1982,60.025056618320235,3.2718161229701734,9.550426444369489,North Central,IA,4924,9924,7593,Republican,No
19023,Butler County,Iowa,14268,13549,24,179,94.96075133165125,0.16820857863751051,1.254555649004766,North Central,IA,4288,11568,8102,Republican,No
19025,Calhoun County,Iowa,9803,9026,158,22,92.07385494236459,1.6117515046414363,0.2244210955829848,North Central,IA,2656,7416,5121,Republican,No
19027,Carroll County,Iowa,20594,19134,139,39,92.91055647275905,0.6749538700592406,0.18937554627561426,North Central,IA,6306,15628,11209,Republican,No
19029,Cass County,Iowa,13096,12384,118,68,94.56322541233965,0.9010384850335981,0.5192425167990227,North Central,IA,4154,10014,7292,Republican,No
19031,Cedar County,Iowa,18349,17238,79,96,93.94517412393046,0.43054117390593494,0.5231892746198703,North Central,IA,8150,12780,10709,Republican,No
19033,Cerro Gordo County,Iowa,42632,38231,987,499,89.6767686245074,2.3151623193844997,1.1704822668418091,North Central,IA,19910,25254,23152,Republican,No
19035,Cherokee County,Iowa,11600,10394,202,43,89.60344827586208,1.7413793103448274,0.3706896551724138,North Central,IA,3222,8796,6143,Republican,No
19037,Chickasaw County,Iowa,11807,11154,64,2,94.46938256966206,0.5420513254848819,0.01693910392140256,North Central,IA,3838,8468,6277,Republican,No
19039,Clarke County,Iowa,9662,7781,5,54,80.53198095632375,0.05174912026495549,0.5588904988615193,North Central,IA,2530,6280,4552,Republican,No
19041,Clay County,Iowa,16461,15285,45,124,92.8558410789138,0.2733734281027884,0.7532956685499058,North Central,IA,4734,12094,8609,Republican,No
19043,Clayton County,Iowa,17013,16159,112,56,94.98030917533652,0.6583201081525892,0.3291600540762946,North Central,IA,6034,12510,9461,Republican,No
19045,Clinton County,Iowa,46268,41393,1434,310,89.4635601279502,3.099334313132186,0.6700095098123973,North Central,IA,23679,27928,24026,Republican,No
19047,Crawford County,Iowa,16277,10805,152,357,66.38201142716717,0.9338330159120232,2.1932788597407384,North Central,IA,3624,9302,6605,Republican,No
19049,Dallas County,Iowa,107968,90607,3189,5263,83.92023562537048,2.9536529342027267,4.874592471843509,North Central,IA,58804,64748,63330,Republican,No
19051,Davis County,Iowa,9157,8642,0,1,94.37588729933384,0,0.010920607185759528,North Central,IA,1756,6054,3970,Republican,No
19053,Decatur County,Iowa,7759,7121,102,56,91.77729088800103,1.3146023972161363,0.7217424925892512,North Central,IA,1914,5422,3754,Republican,No
19055,Delaware County,Iowa,17558,16536,13,0,94.17929149105821,0.0740403234992596,0,North Central,IA,5956,13968,10211,Republican,No
19057,Des Moines County,Iowa,38487,32890,1830,464,85.45742718320471,4.754852287785486,1.2056018915477953,North Central,IA,15870,21588,19171,Republican,No
19059,Dickinson County,Iowa,17990,16965,6,83,94.3023902167871,0.033351862145636464,0.4613674263479711,North Central,IA,6594,15550,11319,Republican,No
19061,Dubuque County,Iowa,99030,88050,2932,1354,88.91245077249317,2.9607189740482682,1.367262445723518,North Central,IA,37961,56448,53057,Republican,No
19063,Emmet County,Iowa,9262,8070,152,21,87.13020945800042,1.6411142301878643,0.22673288706542863,North Central,IA,2630,6844,4831,Republican,No
19065,Fayette County,Iowa,19288,17784,153,177,92.20240564081294,0.7932393197843218,0.917669017005392,North Central,IA,6668,12650,9928,Republican,No
19067,Floyd County,Iowa,15328,13794,211,247,89.99217118997912,1.3765657620041754,1.61143006263048,North Central,IA,5564,9488,7704,Republican,No
19069,Franklin County,Iowa,9956,8336,67,36,83.72840498192045,0.6729610285255123,0.3615910004017678,North Central,IA,2786,6862,4947,Republican,No
19071,Fremont County,Iowa,6514,5990,39,10,91.95578753454099,0.5987104697574455,0.15351550506601166,North Central,IA,2046,5422,3814,Republican,No
19073,Greene County,Iowa,8688,8136,10,55,93.646408839779,0.11510128913443832,0.6330570902394107,North Central,IA,3206,6422,4968,Republican,No
19075,Grundy County,Iowa,12384,11777,71,59,95.09851421188631,0.5733204134366925,0.476421188630491,North Central,IA,4038,9996,7202,Republican,No
19077,Guthrie County,Iowa,10688,9931,60,50,92.91729041916167,0.561377245508982,0.467814371257485,North Central,IA,4182,8892,6606,Republican,No
19079,Hamilton County,Iowa,14886,12870,144,338,86.45707376058041,0.9673518742442563,2.270589815934435,North Central,IA,4964,10008,7643,Republican,No
19081,Hancock County,Iowa,10671,9970,48,133,93.4307937400431,0.44981726173741915,1.2463686627307657,North Central,IA,3046,8672,5979,Republican,No
19083,Hardin County,Iowa,16639,15160,180,149,91.11124466614581,1.081795780996454,0.8954865076026204,North Central,IA,5106,11580,8538,Republican,No
19085,Harrison County,Iowa,14632,13882,18,43,94.87424822307273,0.12301804264625478,0.29387643521049756,North Central,IA,4490,11132,8015,Republican,No
19087,Henry County,Iowa,20004,17637,510,205,88.16736652669465,2.549490101979604,1.0247950409918016,North Central,IA,5990,12878,9673,Republican,No
19089,Howard County,Iowa,9445,8800,79,31,93.17098994176814,0.8364213869772366,0.328215987294865,North Central,IA,3238,6314,4884,Republican,No
19091,Humboldt County,Iowa,9591,8738,32,98,91.10624543843187,0.33364612657699927,1.0217912626420602,North Central,IA,2472,7540,5135,Republican,No
19093,Ida County,Iowa,6911,6395,23,46,92.53364201996817,0.33280277817971354,0.6656055563594271,North Central,IA,1652,5542,3671,Republican,No
19095,Iowa County,Iowa,16507,15533,54,40,94.09947295086933,0.3271339431756225,0.24232143938934997,North Central,IA,6800,12136,9704,Republican,No
19097,Jackson County,Iowa,19390,18420,189,22,94.99742135121197,0.9747292418772563,0.11346054667354306,North Central,IA,7134,14148,10849,Republican,No
19099,Jasper County,Iowa,37954,34806,583,281,91.70574906465721,1.5360699794488064,0.7403699214839016,North Central,IA,14282,25402,20306,Republican,No
19101,Jefferson County,Iowa,15705,13253,399,1285,84.38713785418656,2.5405921680993315,8.182107609041706,North Central,IA,7576,8706,8454,Republican,No
19103,Johnson County,Iowa,156639,119654,12059,8849,76.38838348048698,7.698593581419698,5.649295513888623,North Central,IA,117692,52174,87107,Democratic,No
19105,Jones County,Iowa,20896,19201,514,128,91.88839969372128,2.459800918836141,0.6125574272588056,North Central,IA,7884,13640,11054,Republican,No
19107,Keokuk County,Iowa,9924,9453,26,20,95.25392986698911,0.2619911326078194,0.2015316404675534,North Central,IA,3119,7738,5182,Republican,No
19109,Kossuth County,Iowa,14516,13429,104,60,92.5117112152108,0.7164508128961147,0.4133370074400662,North Central,IA,4568,11966,8450,Republican,No
19111,Lee County,Iowa,32893,29953,815,185,91.0619280698021,2.477730824187517,0.562429696287964,North Central,IA,11318,20304,16311,Republican,No
19113,Linn County,Iowa,230004,192362,13735,5504,83.63419766612753,5.971635275908245,2.393001860837203,North Central,IA,132716,108474,123750,Democratic,No
19115,Louisa County,Iowa,10678,8429,110,231,78.93800337141786,1.030155459823937,2.1633264656302678,North Central,IA,2960,7168,5178,Republican,No
19117,Lucas County,Iowa,8716,8215,25,73,94.25195043597981,0.28682882055988984,0.8375401560348784,North Central,IA,2338,6800,4676,Republican,No
19119,Lyon County,Iowa,12162,11396,43,59,93.70169380036178,0.3535602696924848,0.4851175793455024,North Central,IA,2046,11798,7046,Republican,No
19121,Madison County,Iowa,16926,16101,149,76,95.12584190003544,0.880302493205719,0.44901335223915867,North Central,IA,6016,13728,10117,Republican,No
19123,Mahaska County,Iowa,22021,20310,293,229,92.23014395349894,1.3305481131647063,1.0399164433949413,North Central,IA,8232,16414,11017,Republican,No
19125,Marion County,Iowa,33642,31760,141,473,94.40580227097081,0.4191189584448011,1.4059806194637656,North Central,IA,11856,26578,19661,Republican,No
19127,Marshall County,Iowa,40114,28330,824,1652,70.62372239118511,2.054145684798325,4.118262950590816,North Central,IA,14268,19630,17406,Republican,No
19129,Mills County,Iowa,14568,13605,59,82,93.38962108731467,0.4049972542559033,0.5628775398132894,North Central,IA,4912,11342,8329,Republican,No
19131,Mitchell County,Iowa,10575,10138,37,64,95.8676122931442,0.34988179669030733,0.6052009456264775,North Central,IA,3886,7472,5796,Republican,No
19133,Monona County,Iowa,8557,7994,21,0,93.4205913287367,0.24541311207198785,0,North Central,IA,2472,6662,4669,Republican,No
19135,Monroe County,Iowa,7513,7146,90,35,95.11513376813522,1.1979235990949022,0.4658591774257953,North Central,IA,2004,6208,4185,Republican,No
19137,Montgomery County,Iowa,10214,9411,184,109,92.13824162913647,1.8014489915801841,1.0671627178382612,North Central,IA,3016,6972,5105,Republican,No
19139,Muscatine County,Iowa,42559,34297,958,272,80.5869498813412,2.2509927394910596,0.6391127611081088,North Central,IA,16424,22304,19873,Republican,No
19141,O'Brien County,Iowa,14126,12358,240,92,87.48407192411157,1.6989947614328191,0.6512813252159139,North Central,IA,2856,11996,7569,Republican,No
19143,Osceola County,Iowa,6100,5226,29,35,85.67213114754098,0.4754098360655738,0.5737704918032787,North Central,IA,1110,5246,3245,Republican,No
19145,Page County,Iowa,15131,13840,259,99,91.46784746546824,1.7117176657193838,0.6542859031128148,North Central,IA,4120,10306,7419,Republican,No
19147,Palo Alto County,Iowa,8863,8117,145,57,91.58298544510887,1.6360148933769605,0.6431230960171499,North Central,IA,2676,7152,5013,Republican,No
19149,Plymouth County,Iowa,25747,23022,615,135,89.41624266904881,2.3886278012972384,0.5243329319920768,North Central,IA,6208,21322,14084,Republican,No
19151,Pocahontas County,Iowa,7046,6327,91,12,89.79562872551803,1.2915129151291513,0.17030939540164633,North Central,IA,1592,5454,3600,Republican,No
19153,Polk County,Iowa,503175,381269,37401,25053,75.77264371242609,7.43300044716053,4.978983455060367,North Central,IA,280150,224480,258067,Democratic,No
19155,Pottawattamie County,Iowa,93424,81761,1810,829,87.51605583147798,1.937403665011132,0.8873522863504025,North Central,IA,34936,52670,44766,Republican,No
19157,Poweshiek County,Iowa,18545,16754,193,380,90.34241035319494,1.0407117821515233,2.0490698301428956,North Central,IA,8134,11516,10069,Republican,No
19159,Ringgold County,Iowa,4645,4473,18,0,96.29709364908504,0.38751345532831,0,North Central,IA,1276,4030,2711,Republican,No
19161,Sac County,Iowa,9689,8982,49,63,92.70306533181959,0.5057281453194344,0.6502219011249871,North Central,IA,2578,8200,5498,Republican,No
19163,Scott County,Iowa,174608,138119,12617,4993,79.1023320810043,7.225900302391643,2.859548245212132,North Central,IA,84958,91952,90612,Republican,Yes
19165,Shelby County,Iowa,11778,10854,37,56,92.15486500254713,0.3141450161317711,0.47546272711835624,North Central,IA,3622,9200,6543,Republican,No
19167,Sioux County,Iowa,36212,30791,214,197,85.02982436761295,0.5909643212194853,0.5440185573842925,North Central,IA,5252,32106,19120,Republican,No
19169,Story County,Iowa,100466,82831,2796,6641,82.44679792168495,2.7830310751896166,6.610196484382776,North Central,IA,53530,43330,49818,Democratic,No
19171,Tama County,Iowa,16868,13459,207,116,79.79013516718047,1.227175717334598,0.6876926725160066,North Central,IA,6140,10758,8685,Republican,No
19173,Taylor County,Iowa,5868,5293,10,9,90.20109066121336,0.17041581458759372,0.15337423312883436,North Central,IA,1332,4762,3102,Republican,No
19175,Union County,Iowa,11993,11131,196,106,92.8124739431335,1.6342866672225465,0.8838489118652547,North Central,IA,3748,8088,6041,Republican,No
19177,Van Buren County,Iowa,7241,6914,31,3,95.48404916448004,0.4281176633061732,0.041430741610274824,North Central,IA,1556,5570,3655,Republican,No
19179,Wapello County,Iowa,35362,27965,1068,634,79.08206549403315,3.020191165658051,1.7928850178157343,North Central,IA,9792,18958,14697,Republican,No
19181,Warren County,Iowa,54409,50576,405,407,92.95520961605617,0.7443621459684978,0.748038008417725,North Central,IA,25424,38972,33123,Republican,No
19183,Washington County,Iowa,22561,20337,236,87,90.14228092726387,1.046052923186029,0.3856212047338327,North Central,IA,8594,14238,11673,Republican,No
19185,Wayne County,Iowa,6532,6145,12,6,94.07532149418249,0.1837109614206981,0.09185548071034905,North Central,IA,1286,4852,3162,Republican,No
19187,Webster County,Iowa,36886,31785,1201,455,86.17090495038768,3.2559778777856097,1.233530336713116,North Central,IA,11282,21700,16825,Republican,No
19189,Winnebago County,Iowa,10583,9463,237,140,89.41698951148066,2.2394406123027495,1.3228763110649153,North Central,IA,3818,7272,5668,Republican,No
19191,Winneshiek County,Iowa,19873,18578,81,107,93.4836209933075,0.40758818497458865,0.5384189603985307,North Central,IA,10642,12854,12079,Republican,No
19193,Woodbury County,Iowa,106247,75553,5255,2513,71.11071371426958,4.946022005327209,2.36524325392717,North Central,IA,32290,51938,43247,Republican,No
19195,Worth County,Iowa,7350,6956,59,41,94.63945578231292,0.8027210884353742,0.5578231292517006,North Central,IA,3016,5430,4313,Republican,No
19197,Wright County,Iowa,12791,9848,56,60,76.99163474317879,0.4378078336330232,0.4690798217496677,North Central,IA,3540,7706,5772,Republican,No
20001,Allen County,Kansas,12483,11273,352,46,90.30681727148922,2.8198349755667707,0.36850116157974844,North Central,KS,1445,4029,5600,Republican,No
20003,Anderson County,Kansas,7834,7199,83,0,91.89430686750065,1.059484299208578,0,North Central,KS,732,2998,3791,Republican,No
20005,Atchison County,Kansas,16208,14207,588,55,87.65424481737413,3.627838104639684,0.3393385982230997,North Central,KS,2201,4911,7255,Republican,No
20007,Barber County,Kansas,4069,3671,3,0,90.21872695994102,0.07372818874416319,0,North Central,KS,288,1854,2170,Republican,No
20009,Barton County,Kansas,25097,20421,159,50,81.36829103080049,0.633541857592541,0.1992269992429374,North Central,KS,2207,8205,10570,Republican,No
20011,Bourbon County,Kansas,14394,13033,245,116,90.5446713908573,1.7020980964290677,0.8058913436153953,North Central,KS,1444,5003,6572,Republican,No
20013,Brown County,Kansas,9343,7772,148,29,83.18527239644654,1.5840736380177671,0.3103928074494274,North Central,KS,1065,3106,4258,Republican,No
20015,Butler County,Kansas,68287,59618,1329,1159,87.30505074172244,1.9461976657343272,1.6972483781686118,North Central,KS,9150,22426,32236,Republican,No
20017,Chase County,Kansas,2561,2276,27,14,88.87153455681374,1.0542756735650136,0.5466614603670441,North Central,KS,348,1090,1462,Republican,No
20019,Chautauqua County,Kansas,3370,2737,28,3,81.2166172106825,0.830860534124629,0.08902077151335311,North Central,KS,211,1299,1527,Republican,No
20021,Cherokee County,Kansas,19151,16629,156,100,86.83097488381807,0.8145788731658922,0.5221659443371104,North Central,KS,1970,6584,8717,Republican,No
20023,Cheyenne County,Kansas,2628,2321,3,0,88.31811263318113,0.1141552511415525,0,North Central,KS,206,1185,1422,Republican,No
20025,Clark County,Kansas,1974,1732,0,7,87.74062816616008,0,0.3546099290780142,North Central,KS,129,867,1014,Republican,No
20027,Clay County,Kansas,8048,7410,193,45,92.07256461232605,2.3981113320079523,0.5591451292246521,North Central,KS,867,3150,4113,Republican,No
20029,Cloud County,Kansas,8898,8122,73,8,91.27893908743538,0.8204090806922905,0.08990784445942908,North Central,KS,767,3218,4047,Republican,No
20031,Coffey County,Kansas,8308,7645,52,77,92.01974000962927,0.6259027443428021,0.9268175252768416,North Central,KS,934,3371,4377,Republican,No
20033,Comanche County,Kansas,1729,1644,7,0,95.08386350491614,0.4048582995951417,0,North Central,KS,130,727,874,Republican,No
20035,Cowley County,Kansas,34411,27599,861,532,80.20400453343409,2.5021068844264915,1.5460172619220598,North Central,KS,3919,9360,13505,Republican,No
20037,Crawford County,Kansas,39008,33844,681,655,86.7616899097621,1.7457957342083674,1.6791427399507792,North Central,KS,5956,10084,16334,Republican,No
20039,Decatur County,Kansas,2726,2527,31,0,92.69992663242846,1.137197358767425,0,North Central,KS,215,1217,1452,Republican,No
20041,Dickinson County,Kansas,18445,16722,18,44,90.65871509894279,0.09758742206560043,0.23854703171591216,North Central,KS,1989,7014,9144,Republican,No
20043,Doniphan County,Kansas,7503,6752,246,8,89.99067039850726,3.278688524590164,0.10662401705984273,North Central,KS,626,2899,3577,Republican,No
20045,Douglas County,Kansas,120302,93924,5260,5207,78.07351498728201,4.372329637080016,4.328273844158867,North Central,KS,39582,17523,58041,Democratic,No
20047,Edwards County,Kansas,2779,2152,4,2,77.43792731198272,0.1439366678661389,0.07196833393306945,North Central,KS,213,1042,1269,Republican,No
20049,Elk County,Kansas,2453,2167,2,6,88.34080717488789,0.08153281695882593,0.24459845087647777,North Central,KS,191,1123,1338,Republican,No
20051,Ellis County,Kansas,28920,25650,533,452,88.69294605809128,1.843015214384509,1.5629322268326418,North Central,KS,3511,9743,13511,Republican,No
20053,Ellsworth County,Kansas,6360,5435,219,29,85.45597484276729,3.443396226415094,0.4559748427672956,North Central,KS,636,2078,2758,Republican,No
20055,Finney County,Kansas,38084,19095,1752,1471,50.13916605398593,4.6003571053460774,3.8625144417603194,North Central,KS,3425,7166,10782,Republican,No
20057,Ford County,Kansas,34074,15956,1184,424,46.82749310324588,3.4747901625873103,1.244350531196807,North Central,KS,2461,5616,8224,Republican,No
20059,Franklin County,Kansas,26106,23647,279,160,90.58070941546005,1.0687198345207998,0.6128859266069103,North Central,KS,3676,8773,12708,Republican,No
20061,Geary County,Kansas,35815,21186,5237,1110,59.15398576015636,14.622364930894877,3.0992600865559123,North Central,KS,3674,5288,9163,Republican,No
20063,Gove County,Kansas,2799,2637,14,23,94.21221864951768,0.5001786352268668,0.8217220435869954,North Central,KS,150,1227,1396,Republican,No
20065,Graham County,Kansas,2389,2167,109,16,90.7074089577229,4.562578484721641,0.6697362913352868,North Central,KS,210,1055,1287,Republican,No
20067,Grant County,Kansas,7229,4417,13,9,61.10112048692765,0.1798312353022548,0.12449854751694564,North Central,KS,395,1793,2220,Republican,No
20069,Gray County,Kansas,5701,5108,0,36,89.59831608489739,0,0.6314681634800913,North Central,KS,324,1837,2193,Republican,No
20071,Greeley County,Kansas,1304,1172,2,0,89.87730061349694,0.15337423312883436,0,North Central,KS,75,510,593,Republican,No
20073,Greenwood County,Kansas,5919,5466,44,0,92.34668018246326,0.7433688122993749,0,North Central,KS,541,2299,2884,Republican,No
20075,Hamilton County,Kansas,2471,1548,1,0,62.64670174018616,0.04046944556859571,0,North Central,KS,131,671,815,Republican,No
20077,Harper County,Kansas,5400,4825,45,15,89.35185185185185,0.8333333333333334,0.2777777777777778,North Central,KS,437,2072,2555,Republican,No
20079,Harvey County,Kansas,33756,28206,478,389,83.55847849271241,1.4160445550420666,1.1523877236639413,North Central,KS,6202,9591,16086,Republican,No
20081,Haskell County,Kansas,3641,2566,17,0,70.47514419115628,0.46690469651194727,0,North Central,KS,221,1045,1278,Republican,No
20083,Hodgeman County,Kansas,1652,1565,6,0,94.73365617433413,0.36319612590799033,0,North Central,KS,136,817,966,Republican,No
20085,Jackson County,Kansas,13341,11018,98,64,82.58751218049622,0.7345776178697249,0.4797241586087999,North Central,KS,1799,4557,6474,Republican,No
20087,Jefferson County,Kansas,18349,16980,111,45,92.53910294838957,0.604937598779225,0.2452449724780642,North Central,KS,3030,6694,9927,Republican,No
20089,Jewell County,Kansas,2916,2701,21,13,92.62688614540467,0.720164609053498,0.4458161865569273,North Central,KS,176,1370,1574,Republican,No
20091,Johnson County,Kansas,620631,487296,30711,32405,78.51621978276947,4.948350952498345,5.22129896830806,North Central,KS,183451,154247,343780,Democratic,No
20093,Kearny County,Kansas,3864,2540,0,140,65.73498964803312,0,3.6231884057971016,North Central,KS,192,1082,1301,Republican,No
20095,Kingman County,Kansas,7186,6675,18,3,92.88895073754523,0.2504870581686613,0.041747843028110215,North Central,KS,753,3119,3947,Republican,No
20097,Kiowa County,Kansas,2422,2144,23,66,88.52188274153592,0.9496284062758051,2.725020644095789,North Central,KS,151,941,1107,Republican,No
20099,Labette County,Kansas,19869,16747,658,2,84.28708037646585,3.3116915798480044,0.010065931853641352,North Central,KS,2385,5410,7921,Republican,No
20101,Lane County,Kansas,1461,1337,17,0,91.51266255989049,1.163586584531143,0,North Central,KS,111,709,843,Republican,No
20103,Leavenworth County,Kansas,83123,66146,5844,1177,79.576049950074,7.030545095821854,1.4159739181694597,North Central,KS,13732,22055,36547,Republican,No
20105,Lincoln County,Kansas,2923,2706,2,17,92.57612042422168,0.06842285323297981,0.5815942524803285,North Central,KS,250,1233,1507,Republican,No
20107,Linn County,Kansas,9767,9136,142,24,93.5394696426743,1.4538752943585542,0.2457254018634176,North Central,KS,854,4093,5016,Republican,No
20109,Logan County,Kansas,2707,2405,0,17,88.84373845585519,0,0.6280014776505356,North Central,KS,183,1186,1400,Republican,No
20111,Lyon County,Kansas,32186,23027,452,665,71.54352824209283,1.4043372895047537,2.066115702479339,North Central,KS,5515,7462,13256,Republican,No
20113,McPherson County,Kansas,30205,27879,558,117,92.29928819731833,1.8473762622082435,0.3873530872372124,North Central,KS,4021,9816,14104,Republican,No
20115,Marion County,Kansas,11754,10893,113,54,92.67483409903011,0.9613748511145142,0.45941807044410415,North Central,KS,1429,4312,5870,Republican,No
20117,Marshall County,Kansas,9993,9456,71,33,94.6262383668568,0.7104973481437006,0.3302311618132693,North Central,KS,1205,3644,4968,Republican,No
20119,Meade County,Kansas,3903,2908,15,85,74.50678964898796,0.3843197540353574,2.1778119395336923,North Central,KS,247,1427,1695,Republican,No
20121,Miami County,Kansas,34938,31547,442,51,90.29423550289084,1.2650981739080656,0.14597286622016142,North Central,KS,5472,12854,18685,Republican,No
20123,Mitchell County,Kansas,5779,5408,6,39,93.58020418757572,0.1038241910365115,0.6748572417373249,North Central,KS,528,2608,3172,Republican,No
20125,Montgomery County,Kansas,30940,24221,1180,52,78.28377504848093,3.8138332255979317,0.16806722689075632,North Central,KS,2934,9287,12441,Republican,No
20127,Morris County,Kansas,5340,4872,2,37,91.23595505617978,0.03745318352059925,0.6928838951310862,North Central,KS,721,2021,2792,Republican,No
20129,Morton County,Kansas,2611,1971,31,44,75.48831865185753,1.1872845653006512,1.685178092684795,North Central,KS,131,909,1060,Republican,No
20131,Nemaha County,Kansas,10160,9551,122,56,94.00590551181102,1.2007874015748032,0.5511811023622047,North Central,KS,888,4655,5620,Republican,No
20133,Neosho County,Kansas,15656,14450,245,84,92.29688298415942,1.5648952478283087,0.5365355135411344,North Central,KS,1696,4961,6784,Republican,No
20135,Ness County,Kansas,2653,2144,0,5,80.8141726347531,0,0.18846588767433095,North Central,KS,129,1205,1363,Republican,No
20137,Norton County,Kansas,5359,4778,167,7,89.15842507930584,3.1162530322821422,0.13062138458667663,North Central,KS,346,1882,2270,Republican,No
20139,Osage County,Kansas,15744,14600,44,23,92.73373983739837,0.27947154471544716,0.14608739837398374,North Central,KS,1946,5736,7892,Republican,No
20141,Osborne County,Kansas,3452,3186,12,17,92.29432213209734,0.34762456546929316,0.49246813441483195,North Central,KS,261,1477,1774,Republican,No
20143,Ottawa County,Kansas,5819,5442,23,3,93.52122357793435,0.3952569169960474,0.05155525004296271,North Central,KS,476,2475,3003,Republican,No
20145,Pawnee County,Kansas,6144,5218,454,0,84.92838541666666,7.389322916666667,0,North Central,KS,625,2003,2675,Republican,No
20147,Phillips County,Kansas,4813,4453,36,22,92.52025763557033,0.747974236442967,0.4570953667151465,North Central,KS,331,2356,2747,Republican,No
20149,Pottawatomie County,Kansas,26204,23362,434,112,89.15432758357503,1.6562356892077543,0.4274156617310334,North Central,KS,3394,9811,13472,Republican,No
20151,Pratt County,Kansas,9127,7801,59,22,85.47167744056098,0.6464336583762463,0.24104305905554946,North Central,KS,954,3054,4082,Republican,No
20153,Rawlins County,Kansas,2516,2320,0,20,92.20985691573927,0,0.7949125596184419,North Central,KS,176,1194,1403,Republican,No
20155,Reno County,Kansas,61553,52333,1667,342,85.02103877958832,2.7082351794388577,0.5556187350738387,North Central,KS,8554,17847,26940,Republican,No
20157,Republic County,Kansas,4646,4342,22,0,93.45673697804563,0.4735256134309083,0,North Central,KS,396,2001,2443,Republican,No
20159,Rice County,Kansas,9350,7379,169,3,78.91978609625669,1.8074866310160427,0.0320855614973262,North Central,KS,825,3073,3966,Republican,No
20161,Riley County,Kansas,71946,55289,4714,2995,76.84791371306258,6.552136324465571,4.162844355488839,North Central,KS,12063,11630,24313,Democratic,No
20163,Rooks County,Kansas,4813,4438,92,33,92.2086017037191,1.911489715354249,0.6856430500727196,North Central,KS,349,2153,2534,Republican,No
20165,Rush County,Kansas,2947,2603,11,0,88.32711231761114,0.3732609433322022,0,North Central,KS,264,1315,1606,Republican,No
20167,Russell County,Kansas,6679,6036,24,24,90.37281030094326,0.3593352298248241,0.3593352298248241,North Central,KS,608,2632,3301,Republican,No
20169,Saline County,Kansas,53668,44054,1960,927,82.08615935007826,3.652083178057688,1.727286278601774,North Central,KS,7734,15069,23226,Republican,No
20171,Scott County,Kansas,5027,4029,0,0,80.1472050925005,0,0,North Central,KS,248,1843,2135,Republican,No
20173,Sedgwick County,Kansas,528226,365216,41253,22610,69.14010291049665,7.809725382696044,4.280364843835782,North Central,KS,90506,120118,214152,Republican,No
20175,Seward County,Kansas,21486,7269,716,513,33.831332030159174,3.332402494647677,2.387601228707065,North Central,KS,1354,3133,4565,Republican,No
20177,Shawnee County,Kansas,178025,132921,12180,2576,74.66423255160792,6.841735711276506,1.4469877826148014,North Central,KS,40308,39901,81819,Democratic,No
20179,Sheridan County,Kansas,2426,2246,1,1,92.58037922506183,0.041220115416323165,0.041220115416323165,North Central,KS,126,1229,1373,Republican,No
20181,Sherman County,Kansas,5858,5134,104,7,87.64083304882212,1.7753499487879822,0.1194947080914988,North Central,KS,379,2161,2593,Republican,No
20183,Smith County,Kansas,3552,3347,8,8,94.2286036036036,0.22522522522522523,0.22522522522522523,North Central,KS,300,1675,2006,Republican,No
20185,Stafford County,Kansas,3978,3370,8,0,84.71593765711413,0.20110608345902461,0,North Central,KS,326,1548,1909,Republican,No
20187,Stanton County,Kansas,2038,1032,2,8,50.63788027477919,0.09813542688910697,0.39254170755642787,North Central,KS,115,537,664,Republican,No
20189,Stevens County,Kansas,5162,3483,6,12,67.47384734598992,0.1162340178225494,0.2324680356450988,North Central,KS,210,1595,1835,Republican,No
20191,Sumner County,Kansas,22353,20007,246,85,89.50476446114615,1.1005234196752114,0.38026215720484946,North Central,KS,2527,7810,10549,Republican,No
20193,Thomas County,Kansas,7885,7069,82,11,89.65123652504757,1.0399492707672797,0.13950538998097653,North Central,KS,597,3007,3664,Republican,No
20195,Trego County,Kansas,2777,2646,0,45,95.28267915016204,0,1.620453727043572,North Central,KS,216,1343,1587,Republican,No
20197,Wabaunsee County,Kansas,7009,6399,17,28,91.29690398059638,0.24254529890141246,0.39948637466114995,North Central,KS,944,2816,3836,Republican,No
20199,Wallace County,Kansas,1417,1268,12,8,89.484827099506,0.8468595624558928,0.5645730416372619,North Central,KS,52,686,748,Republican,No
20201,Washington County,Kansas,5533,5064,8,22,91.5235857581782,0.1445870233146575,0.3976143141153081,North Central,KS,396,2263,2700,Republican,No
20203,Wichita County,Kansas,2091,1527,4,0,73.02725968436154,0.19129603060736491,0,North Central,KS,107,740,860,Republican,No
20205,Wilson County,Kansas,8505,7912,15,2,93.02763080540858,0.1763668430335097,0.023515579071134628,North Central,KS,647,2894,3603,Republican,No
20207,Woodson County,Kansas,3109,2891,6,0,92.98809906722418,0.1929880990672242,0,North Central,KS,282,1205,1506,Republican,No
20209,Wyandotte County,Kansas,167654,69718,30971,8846,41.5844536963031,18.473164970713494,5.27634294439739,North Central,KS,30938,18867,50602,Democratic,No
21001,Adair County,Kentucky,19089,17337,395,45,90.82193933679082,2.069254544502069,0.23573785950023576,South,KY,1257,7643,8974,Republican,No
21003,Allen County,Kentucky,21293,20030,100,3,94.06847320715728,0.46963790917202836,0.01408913727516085,South,KY,1505,7824,9418,Republican,No
21005,Anderson County,Kentucky,24353,22529,523,82,92.5101630189299,2.1475793536730587,0.3367141625261775,South,KY,3226,9650,13095,Republican,No
21007,Ballard County,Kentucky,7654,7023,275,22,91.75594460412856,3.5928926051737657,0.28743140841390125,South,KY,697,3331,4088,Republican,No
21009,Barren County,Kentucky,44938,39527,1713,416,87.95896568605635,3.8119186434643284,0.9257198807245539,South,KY,4565,15019,19802,Republican,No
21011,Bath County,Kentucky,12851,12231,90,5,95.17547272585792,0.7003346043109485,0.03890747801727492,South,KY,1278,4041,5389,Republican,No
21013,Bell County,Kentucky,23509,21769,705,61,92.59857926751457,2.998851503679442,0.2594750946446042,South,KY,1419,7831,9340,Republican,No
21015,Boone County,Kentucky,139841,116684,6112,3371,83.44047882952782,4.370678127301721,2.4105948899106844,South,KY,20601,45650,67421,Republican,No
21017,Bourbon County,Kentucky,20240,17230,1001,26,85.12845849802372,4.945652173913043,0.12845849802371542,South,KY,3088,6284,9537,Republican,No
21019,Boyd County,Kentucky,47911,44517,1124,172,92.91603180897916,2.3460165723946482,0.35899897727035546,South,KY,6291,14363,20951,Republican,No
21021,Boyle County,Kentucky,30941,26082,2222,282,84.29591803755535,7.181409779903687,0.9114120422740053,South,KY,4990,9159,14373,Republican,No
21023,Bracken County,Kentucky,8444,8080,54,7,95.68924680246329,0.63950734249171,0.08289909995262909,South,KY,702,3399,4153,Republican,No
21025,Breathitt County,Kentucky,13276,12769,77,40,96.18107863814403,0.5799939740885809,0.30129557095510695,South,KY,1002,4036,5113,Republican,No
21027,Breckinridge County,Kentucky,20881,19588,395,0,93.80776782721134,1.8916718547962261,0,South,KY,2038,7882,10048,Republican,No
21029,Bullitt County,Kentucky,84027,76760,1092,604,91.35158937008343,1.2995822771252097,0.7188165708641271,South,KY,10280,32299,43209,Republican,No
21031,Butler County,Kentucky,12393,11481,2,31,92.64100702009199,0.016138142499798273,0.25014120874687323,South,KY,965,4905,5943,Republican,No
21033,Caldwell County,Kentucky,12618,11326,755,0,89.76065937549532,5.9835156126168965,0,South,KY,1256,4860,6188,Republican,No
21035,Calloway County,Kentucky,38224,33751,1559,705,88.29792800334869,4.078589367936375,1.844390958560067,South,KY,5111,11539,16945,Republican,No
21037,Campbell County,Kentucky,93426,84891,2631,891,90.86442746130628,2.8161325541069937,0.9536959732836683,South,KY,18952,28450,48334,Republican,No
21039,Carlisle County,Kentucky,4762,4332,71,13,90.97018059638808,1.490970180596388,0.2729945401091978,South,KY,408,2182,2610,Republican,No
21041,Carroll County,Kentucky,10954,9487,242,0,86.60763191528208,2.209238634288844,0,South,KY,963,3014,4025,Republican,No
21043,Carter County,Kentucky,26341,25142,104,70,95.44816066208573,0.3948217607531984,0.26574541589157585,South,KY,2305,8981,11422,Republican,No
21045,Casey County,Kentucky,15914,15040,60,11,94.5079803946211,0.37702651753173305,0.06912152821415106,South,KY,804,6216,7080,Republican,No
21047,Christian County,Kentucky,72069,48400,13549,896,67.15786260389349,18.80003885165605,1.2432529936588548,South,KY,7055,14332,21671,Republican,No
21049,Clark County,Kentucky,37192,32968,1064,367,88.64271886427188,2.860830286083029,0.9867713486771349,South,KY,5639,11950,17885,Republican,No
21051,Clay County,Kentucky,19921,18364,790,38,92.18412730284624,3.9656643742784,0.19075347623111288,South,KY,692,6729,7517,Republican,No
21053,Clinton County,Kentucky,9202,8666,15,173,94.1751793088459,0.16300804173005867,1.880026081286677,South,KY,549,4276,4880,Republican,No
21055,Crittenden County,Kentucky,8979,8533,33,27,95.03285443813341,0.3675242231874373,0.3007016371533578,South,KY,608,3349,4010,Republican,No
21057,Cumberland County,Kentucky,5948,5536,90,16,93.07330195023538,1.5131136516476125,0.26899798251513113,South,KY,483,2922,3442,Republican,No
21059,Daviess County,Kentucky,103648,88857,4285,2173,85.72958474837912,4.134184933621488,2.0965189873417724,South,KY,15673,30705,47097,Republican,No
21061,Edmonson County,Kentucky,12355,11383,82,77,92.13273978146499,0.6636989073249696,0.623229461756374,South,KY,1118,5048,6247,Republican,No
21063,Elliott County,Kentucky,7307,6761,321,0,92.52771315177228,4.393047762419598,0,South,KY,532,2335,2911,Republican,No
21065,Estill County,Kentucky,14035,13488,10,140,96.10260064125401,0.07125044531528321,0.997506234413965,South,KY,1114,5091,6290,Republican,No
21067,Fayette County,Kentucky,323725,221483,46839,14103,68.41702061935284,14.468762066568846,4.356475403506063,South,KY,83387,57347,143935,Democratic,No
21069,Fleming County,Kentucky,15323,14554,143,120,94.9814005090387,0.9332376166547021,0.7831364615284213,South,KY,1334,5578,7000,Republican,No
21071,Floyd County,Kentucky,35224,33726,195,134,95.74721780604133,0.5535998183057006,0.38042243924596864,South,KY,3061,12326,15652,Republican,No
21073,Franklin County,Kentucky,51842,42112,4782,922,81.23143397245477,9.224181165850084,1.7784807684888702,South,KY,11996,13246,25763,Republican,No
21075,Fulton County,Kentucky,6409,4417,1528,0,68.9187080667811,23.841472928694024,0,South,KY,636,1491,2145,Republican,No
21077,Gallatin County,Kentucky,8769,7880,237,41,89.86201391264682,2.7027027027027026,0.46755616375869535,South,KY,761,3109,3917,Republican,No
21079,Garrard County,Kentucky,17568,16144,415,9,91.89435336976321,2.362249544626594,0.05122950819672131,South,KY,1719,7086,8917,Republican,No
21081,Grant County,Kentucky,25418,23544,218,146,92.62727201196003,0.857659926036667,0.5743960972539146,South,KY,1944,9372,11469,Republican,No
21083,Graves County,Kentucky,36630,31507,1527,171,86.014196014196,4.1687141687141684,0.46683046683046686,South,KY,3105,13378,16678,Republican,No
21085,Grayson County,Kentucky,26707,25475,218,105,95.38697719698955,0.8162653985846406,0.3931553525292994,South,KY,2235,9710,12095,Republican,No
21087,Green County,Kentucky,11369,10838,146,0,95.32940452106605,1.284193860497845,0,South,KY,782,5033,5857,Republican,No
21089,Greenup County,Kentucky,35501,33780,255,211,95.15224923241598,0.7182896256443481,0.5943494549449311,South,KY,4181,12961,17374,Republican,No
21091,Hancock County,Kentucky,9034,8513,114,7,94.23289794111136,1.261899490812486,0.07748505645339827,South,KY,1173,3375,4633,Republican,No
21093,Hardin County,Kentucky,111942,84992,12535,2471,75.92503260617104,11.197763127333799,2.2073931142913295,South,KY,16572,30672,48082,Republican,No
21095,Harlan County,Kentucky,25772,24269,328,58,94.16808939934813,1.27269905323607,0.22505044234052463,South,KY,1199,9109,10388,Republican,No
21097,Harrison County,Kentucky,19140,17927,334,16,93.662486938349,1.7450365726227797,0.08359456635318704,South,KY,2265,6639,9018,Republican,No
21099,Hart County,Kentucky,19603,17892,577,105,91.27174412079783,2.9434270264755393,0.535632301178391,South,KY,1642,6691,8409,Republican,No
21101,Henderson County,Kentucky,44280,37856,3585,202,85.49232158988256,8.09620596205962,0.4561878952122855,South,KY,6837,12592,19688,Republican,No
21103,Henry County,Kentucky,15856,14304,421,78,90.21190716448032,2.655146316851665,0.4919273461150353,South,KY,1857,6093,8074,Republican,No
21105,Hickman County,Kentucky,4439,3838,362,12,86.46091462041,8.154989862581663,0.27033115566569044,South,KY,394,1656,2069,Republican,No
21107,Hopkins County,Kentucky,45119,39402,2628,264,87.32906314412998,5.8245971763558595,0.585119351049447,South,KY,4916,15361,20537,Republican,No
21109,Jackson County,Kentucky,13086,12668,30,6,96.80574659941922,0.22925263640531865,0.04585052728106373,South,KY,506,5358,5934,Republican,No
21111,Jefferson County,Kentucky,783022,494460,162586,24685,63.14765102385373,20.76391212507439,3.1525295585564646,South,KY,203070,144553,354094,Democratic,No
21113,Jessamine County,Kentucky,54588,47486,2221,979,86.98981461126988,4.068659778705943,1.7934344544588552,South,KY,8303,17854,26685,Republican,No
21115,Johnson County,Kentucky,22334,20983,123,312,93.95092683800483,0.5507298289603295,1.3969732246798603,South,KY,1350,8150,9622,Republican,No
21117,Kenton County,Kentucky,171288,147467,6717,2001,86.09301293727523,3.921465601793471,1.1682079305030124,South,KY,30859,48444,80948,Republican,No
21119,Knott County,Kentucky,13830,13404,161,25,96.91973969631236,1.1641359363702097,0.18076644974692696,South,KY,1181,4732,6003,Republican,No
21121,Knox County,Kentucky,29865,28593,312,57,95.74083375188349,1.044701155198393,0.19085886489201406,South,KY,1821,11178,13156,Republican,No
21123,Larue County,Kentucky,15107,13764,318,3,91.11008141920965,2.1049844442973455,0.019858343814125903,South,KY,1389,5773,7259,Republican,No
21125,Laurel County,Kentucky,62983,60016,352,195,95.2892050235778,0.5588809678802217,0.3096073543654637,South,KY,4037,23516,27887,Republican,No
21127,Lawrence County,Kentucky,16077,15593,13,214,96.98948808857374,0.08086085712508552,1.3310941095975617,South,KY,1044,5464,6574,Republican,No
21129,Lee County,Kentucky,7339,6889,223,0,93.86837443793432,3.038561111868102,0,South,KY,406,2227,2690,Republican,No
21131,Leslie County,Kentucky,10079,9727,20,10,96.50759003869432,0.19843238416509573,0.09921619208254787,South,KY,382,3908,4357,Republican,No
21133,Letcher County,Kentucky,20808,20166,128,40,96.91464821222607,0.6151480199923107,0.1922337562475971,South,KY,1457,6848,8431,Republican,No
21135,Lewis County,Kentucky,12965,12559,70,22,96.8684920940995,0.5399151561897416,0.16968762051677594,South,KY,666,4997,5721,Republican,No
21137,Lincoln County,Kentucky,24504,22651,495,23,92.43796931113287,2.0200783545543586,0.09386222657525302,South,KY,2080,8833,11034,Republican,No
21139,Livingston County,Kentucky,8903,8404,75,11,94.39514770302145,0.842412669886555,0.12355385825002808,South,KY,886,4021,4972,Republican,No
21141,Logan County,Kentucky,27986,24901,1253,92,88.97663117272923,4.477238619309655,0.3287357964696634,South,KY,2734,9620,12511,Republican,No
21143,Lyon County,Kentucky,8900,7860,602,48,88.31460674157303,6.764044943820224,0.5393258426966292,South,KY,950,3187,4187,Republican,No
21145,McCracken County,Kentucky,67564,55375,6586,583,81.95932745248949,9.747794683559292,0.8628855603575869,South,KY,10191,21349,31947,Republican,No
21147,McCreary County,Kentucky,16867,15183,1069,9,90.01600758878283,6.337819410683583,0.053358629276101265,South,KY,641,5531,6212,Republican,No
21149,McLean County,Kentucky,9114,8730,48,28,95.78670177748518,0.5266622778143515,0.30721966205837176,South,KY,989,3578,4634,Republican,No
21151,Madison County,Kentucky,95769,85369,3796,913,89.14053608161305,3.9637043302112374,0.9533356305276238,South,KY,15180,29130,45188,Republican,No
21153,Magoffin County,Kentucky,11348,11038,12,27,97.26824109975325,0.10574550581600281,0.23792738808600636,South,KY,909,4288,5274,Republican,No
21155,Marion County,Kentucky,19749,17389,1493,125,88.05002784951137,7.559876449440478,0.632943440174186,South,KY,2513,6473,9102,Republican,No
21157,Marshall County,Kentucky,31743,30462,213,128,95.9644646063699,0.6710140818448161,0.403238509277636,South,KY,3700,13677,17602,Republican,No
21159,Martin County,Kentucky,11027,9489,874,0,86.05241679513921,7.925999818627007,0,South,KY,287,3343,3655,Republican,No
21161,Mason County,Kentucky,16956,14739,997,158,86.92498230714791,5.879924510497759,0.9318235432885115,South,KY,2170,5621,7901,Republican,No
21163,Meade County,Kentucky,30158,26810,1015,204,88.89846806817428,3.365607798925658,0.6764374295377678,South,KY,3279,10630,14123,Republican,No
21165,Menifee County,Kentucky,6230,6029,9,0,96.77367576243981,0.14446227929373998,0,South,KY,664,2563,3294,Republican,No
21167,Mercer County,Kentucky,23028,20783,743,43,90.25099878408894,3.2265068612124375,0.18672919923571304,South,KY,2838,8826,11851,Republican,No
21169,Metcalfe County,Kentucky,10425,9796,261,0,93.96642685851319,2.5035971223021583,0,South,KY,884,4197,5127,Republican,No
21171,Monroe County,Kentucky,11269,10323,243,0,91.60528884550537,2.156358150678854,0,South,KY,576,4679,5308,Republican,No
21173,Montgomery County,Kentucky,28395,26051,382,151,91.7450255326642,1.345307272407114,0.5317837647473147,South,KY,3329,9302,12821,Republican,No
21175,Morgan County,Kentucky,14053,12662,698,73,90.1017576318224,4.966910979861951,0.5194620365758201,South,KY,939,4353,5373,Republican,No
21177,Muhlenberg County,Kentucky,30591,28163,620,318,92.06302507273381,2.0267398908175607,1.0395214278709426,South,KY,3048,10491,13692,Republican,No
21179,Nelson County,Kentucky,47606,42741,2535,236,89.78069991177583,5.324959038776625,0.4957358316178633,South,KY,6515,16052,22852,Republican,No
21181,Nicholas County,Kentucky,7708,7413,91,0,96.17280747275558,1.180591593149974,0,South,KY,824,2451,3319,Republican,No
21183,Ohio County,Kentucky,23735,21861,139,39,92.10448704444913,0.5856330313882452,0.1643143037708026,South,KY,2094,8679,10937,Republican,No
21185,Oldham County,Kentucky,69257,59951,2042,1162,86.56309109548494,2.948438424996751,1.6778087413546645,South,KY,14402,23025,38210,Republican,No
21187,Owen County,Kentucky,11330,10632,33,5,93.83936451897617,0.2912621359223301,0.0441306266548985,South,KY,988,4434,5500,Republican,No
21189,Owsley County,Kentucky,3971,3794,0,7,95.54268446235206,0,0.17627801561319567,South,KY,203,1625,1839,Republican,No
21191,Pendleton County,Kentucky,14723,13685,76,35,92.94980642532093,0.5161991441961558,0.23772329009033483,South,KY,1210,5593,6900,Republican,No
21193,Perry County,Kentucky,27499,25765,470,165,93.69431615695116,1.7091530601112768,0.6000218189752354,South,KY,1966,7913,9992,Republican,No
21195,Pike County,Kentucky,56727,53385,358,324,94.10862552223809,0.6310927776896363,0.5711565920990005,South,KY,4025,19684,23950,Republican,No
21197,Powell County,Kentucky,13038,12345,264,0,94.68476760239301,2.024850437183617,0,South,KY,1174,4092,5360,Republican,No
21199,Pulaski County,Kentucky,65897,61777,551,535,93.74781856533681,0.8361533908979164,0.8118730746467974,South,KY,5351,26051,31735,Republican,No
21201,Robertson County,Kentucky,2283,2108,82,0,92.33464739378012,3.591765221200175,0,South,KY,215,915,1144,Republican,No
21203,Rockcastle County,Kentucky,16163,15473,97,13,95.73099053393554,0.6001361133452948,0.08043061312875086,South,KY,986,6635,7724,Republican,No
21205,Rowan County,Kentucky,24578,23010,429,233,93.62031084709903,1.7454634225730328,0.9480022784604117,South,KY,3484,6224,9873,Republican,No
21207,Russell County,Kentucky,18221,16853,224,50,92.49217935349321,1.2293507491356128,0.27440864936062787,South,KY,1200,7622,8893,Republican,No
21209,Scott County,Kentucky,59536,51024,2887,568,85.70276807309864,4.8491668906208005,0.9540446116635314,South,KY,10501,18747,29769,Republican,No
21211,Shelby County,Kentucky,49096,39480,1919,477,80.41388300472543,3.9086687306501546,0.9715659116832328,South,KY,7822,16356,24620,Republican,No
21213,Simpson County,Kentucky,19972,16804,1381,31,84.13779291007411,6.914680552773883,0.15521730422591629,South,KY,2403,6253,8776,Republican,No
21215,Spencer County,Kentucky,20193,18837,168,108,93.28480166394296,0.8319714752637052,0.5348388055266676,South,KY,2415,8927,11480,Republican,No
21217,Taylor County,Kentucky,26397,23332,1226,258,88.38883206424973,4.64446717430011,0.9773837936129105,South,KY,2576,9523,12261,Republican,No
21219,Todd County,Kentucky,12469,10554,835,23,84.6419119416152,6.696607586815302,0.18445745448712808,South,KY,1051,4009,5112,Republican,No
21221,Trigg County,Kentucky,14315,12479,604,23,87.17429269996508,4.219350331819769,0.16067062521830247,South,KY,1667,5436,7196,Republican,No
21223,Trimble County,Kentucky,8550,7879,97,24,92.15204678362574,1.1345029239766082,0.2807017543859649,South,KY,923,3283,4249,Republican,No
21225,Union County,Kentucky,13260,11762,915,18,88.70286576168928,6.900452488687783,0.13574660633484162,South,KY,1225,4758,6058,Republican,No
21227,Warren County,Kentucky,140918,106634,12936,7201,75.67095757816602,9.179806696092763,5.110064008856214,South,KY,21065,34862,56891,Republican,No
21229,Washington County,Kentucky,12140,10614,563,71,87.42998352553542,4.637561779242175,0.5848434925864909,South,KY,1533,4720,6341,Republican,No
21231,Wayne County,Kentucky,19602,18055,239,6,92.10794816855423,1.2192633404754616,0.030609121518212427,South,KY,1444,7203,8733,Republican,No
21233,Webster County,Kentucky,12842,11337,522,4,88.28064164460365,4.064787416290297,0.03114779629341224,South,KY,1153,4339,5556,Republican,No
21235,Whitley County,Kentucky,36920,35210,404,96,95.36836403033587,1.094257854821235,0.26002166847237274,South,KY,2237,12687,15075,Republican,No
21237,Wolfe County,Kentucky,6443,6126,10,0,95.07993170883128,0.15520720161415488,0,South,KY,689,2163,2915,Republican,No
21239,Woodford County,Kentucky,27279,23437,1045,121,85.91590600828476,3.8307855859818907,0.4435646467979031,South,KY,6282,8419,14993,Republican,No
22001,Acadia Parish,Louisiana,56955,43868,9110,103,77.02221051707488,15.995083838117813,0.18084452638047582,South,LA,6262,29853,26720,Republican,No
22003,Allen Parish,Louisiana,22477,15437,4756,163,68.67909418516706,21.15940739422521,0.7251857454286604,South,LA,2282,9437,8751,Republican,No
22005,Ascension Parish,Louisiana,130314,83657,30108,1453,64.19647927314026,23.104194484092268,1.1149991558850163,South,LA,31189,64821,62473,Republican,No
22007,Assumption Parish,Louisiana,20484,13317,5664,186,65.0117164616286,27.650849443468072,0.9080257762155829,South,LA,4597,9328,10367,Republican,No
22009,Avoyelles Parish,Louisiana,38905,24680,10646,354,63.43657627554299,27.364092019020692,0.9099087520884205,South,LA,5946,14970,16037,Republican,No
22011,Beauregard Parish,Louisiana,36676,29325,4064,270,79.95692005671283,11.080815792343767,0.7361762460464609,South,LA,3450,19178,15874,Republican,No
22013,Bienville Parish,Louisiana,12638,6932,5098,28,54.85045102073113,40.33866118056654,0.22155404336129136,South,LA,3498,4764,6256,Republican,No
22015,Bossier Parish,Louisiana,129789,82341,30836,2105,63.442202343804176,23.75856197366495,1.6218631779272512,South,LA,21400,57285,52232,Republican,No
22017,Caddo Parish,Louisiana,230004,98597,112324,2889,42.86751534755917,48.8356724230883,1.2560651119110973,South,LA,68944,64413,94699,Democratic,No
22019,Calcasieu Parish,Louisiana,207088,136057,48488,3091,65.70008885111643,23.4142007262613,1.4926021787838986,South,LA,34522,83495,81201,Republican,No
22021,Caldwell Parish,Louisiana,9500,7177,1836,0,75.54736842105262,19.326315789473682,0,South,LA,817,5546,4334,Republican,No
22023,Cameron Parish,Louisiana,5015,4304,166,0,85.82253240279162,3.310069790628116,0,South,LA,325,4548,3362,Republican,No
22025,Catahoula Parish,Louisiana,8583,5392,2941,12,62.821857159501334,34.26540836537341,0.13981125480601186,South,LA,1376,4678,4348,Republican,No
22027,Claiborne Parish,Louisiana,13833,6155,6957,15,44.49504807344755,50.292778139232276,0.10843634786380395,South,LA,3268,5504,5816,Republican,No
22029,Concordia Parish,Louisiana,18174,10091,7104,38,55.52437548145702,39.088808187520634,0.2090899086607241,South,LA,3595,7418,7755,Republican,No
22031,De Soto Parish,Louisiana,27026,16065,9388,94,59.44275882483534,34.73692000296011,0.3478132169022423,South,LA,6714,14670,13913,Republican,No
22033,East Baton Rouge Parish,Louisiana,452938,192201,198154,14944,42.434284604073845,43.748592522596915,3.2993478136080436,South,LA,153469,125698,190643,Democratic,No
22035,East Carroll Parish,Louisiana,7072,2017,4449,0,28.52092760180995,62.91006787330316,0,South,LA,1839,1434,2306,Democratic,No
22037,East Feliciana Parish,Louisiana,19271,10577,7639,39,54.88557936796222,39.63987338487883,0.2023766280940273,South,LA,5819,9108,9947,Republican,No
22039,Evangeline Parish,Louisiana,32060,20895,8168,125,65.17467248908298,25.477230193387403,0.38989394884591394,South,LA,4615,13976,14176,Republican,No
22041,Franklin Parish,Louisiana,19408,12858,5432,32,66.25103050288541,27.988458367683428,0.16488046166529266,South,LA,3021,10180,8798,Republican,No
22043,Grant Parish,Louisiana,22095,17155,3348,185,77.64200045259109,15.15274949083503,0.8372935053179452,South,LA,1407,10346,9018,Republican,No
22045,Iberia Parish,Louisiana,68599,38761,21426,1775,56.50373912156154,31.23369145322818,2.5875012755287976,South,LA,13698,29016,29331,Republican,No
22047,Iberville Parish,Louisiana,29815,13957,12902,6,46.81200737883616,43.2735200402482,0.02012409860808318,South,LA,9747,10648,15354,Republican,Yes
22049,Jackson Parish,Louisiana,14884,9868,3515,58,66.29938188658963,23.6159634506853,0.38968019349637195,South,LA,2594,7760,7226,Republican,No
22051,Jefferson Parish,Louisiana,430920,214484,109899,18338,49.773507843683284,25.50334168755221,4.255546273090133,South,LA,115560,147543,178205,Republican,No
22053,Jefferson Davis Parish,Louisiana,31924,24691,4629,61,77.34306477884977,14.500062648790879,0.19107881217892494,South,LA,4011,17160,14358,Republican,No
22055,Lafayette Parish,Louisiana,247997,155592,62988,4794,62.73946862260431,25.398694339044425,1.933087900256858,South,LA,54750,109002,111086,Republican,No
22057,Lafourche Parish,Louisiana,96252,72295,12330,568,75.11012758176453,12.810123426006733,0.5901176079458089,South,LA,11265,51282,42845,Republican,No
22059,LaSalle Parish,Louisiana,14789,11556,2174,142,78.13915748191224,14.700114950300899,0.9601731016295896,South,LA,790,8944,6620,Republican,No
22061,Lincoln Parish,Louisiana,48174,25631,17773,622,53.205048366338694,36.89334495786108,1.2911529040561298,South,LA,9831,16678,18157,Republican,No
22063,Livingston Parish,Louisiana,148115,120280,13284,1081,81.20717010431085,8.968706748134895,0.7298383013199203,South,LA,14841,82578,65906,Republican,No
22065,Madison Parish,Louisiana,9513,3147,5887,0,33.08104698833176,61.88373804267844,0,South,LA,2945,2646,3992,Democratic,No
22067,Morehouse Parish,Louisiana,24551,11641,11874,66,47.41558388660339,48.36462873202721,0.26882815363936297,South,LA,6224,9921,10097,Republican,No
22069,Natchitoches Parish,Louisiana,36693,18727,14552,241,51.03698253072794,39.65879050500095,0.6568010247186112,South,LA,8410,13126,15040,Republican,No
22071,Orleans Parish,Louisiana,371853,115882,203053,10406,31.16338983415489,54.60571785087118,2.798417654288119,South,LA,198085,34685,159130,Democratic,No
22073,Ouachita Parish,Louisiana,158480,89400,59054,1819,56.410903584048455,37.26274608783442,1.147778899545684,South,LA,34169,63705,64436,Republican,No
22075,Plaquemines Parish,Louisiana,22803,13692,4811,797,60.044730956453094,21.09810112704469,3.4951541463842473,South,LA,4545,11144,9945,Republican,No
22077,Pointe Coupee Parish,Louisiana,20217,12366,6584,29,61.16634515506752,32.56665182766979,0.143443636543503,South,LA,6016,10492,11570,Republican,No
22079,Rapides Parish,Louisiana,127527,77228,39248,1433,60.55815631199668,30.776227779215382,1.1236836120978302,South,LA,23953,51177,53395,Republican,No
22081,Red River Parish,Louisiana,7443,4242,2998,0,56.99314792422411,40.279457208115005,0,South,LA,1873,3282,3725,Republican,No
22083,Richland Parish,Louisiana,19822,12014,7095,12,60.60942387246494,35.79356270810211,0.06053879527797396,South,LA,3758,9422,9193,Republican,No
22085,Sabine Parish,Louisiana,21977,14754,3220,86,67.13382172271011,14.651681303180597,0.39131819629612774,South,LA,1959,12055,10170,Republican,No
22087,St. Bernard Parish,Louisiana,44419,25906,10591,864,58.32188928161373,23.843400346698484,1.945113577523132,South,LA,8756,16482,17292,Republican,No
22089,St. Charles Parish,Louisiana,51396,32857,11356,429,63.9290995408203,22.095104677406802,0.8346953070277843,South,LA,12966,25973,26685,Republican,No
22091,St. Helena Parish,Louisiana,10858,4852,5501,39,44.68594584638055,50.663105544299135,0.3591821698286978,South,LA,4050,4031,5745,Democratic,No
22093,St. James Parish,Louisiana,19528,9750,9263,8,49.928308070462926,47.43445309299467,0.04096681687832855,South,LA,8364,9170,11789,Republican,Yes
22095,St. John the Baptist Parish,Louisiana,40743,12614,23210,362,30.959919495373438,56.96684092973025,0.8884961833934663,South,LA,18502,10007,18827,Democratic,No
22097,St. Landry Parish,Louisiana,81670,42790,32754,473,52.39377984572058,40.10530182441533,0.5791600342843148,South,LA,21040,30405,37043,Republican,No
22099,St. Martin Parish,Louisiana,51353,32564,14690,390,63.412069401982365,28.605923704554748,0.759449301890834,South,LA,10442,26985,25006,Republican,No
22101,St. Mary Parish,Louisiana,47828,27202,13832,466,56.87463410554487,28.9202977335452,0.9743246633771013,South,LA,9840,20220,20897,Republican,No
22103,St. Tammany Parish,Louisiana,272421,201130,33305,3711,73.83057840621686,12.225562640178254,1.3622297840474853,South,LA,59972,155052,138384,Republican,No
22105,Tangipahoa Parish,Louisiana,136738,83696,40109,1083,61.20902748321608,29.332738521844696,0.7920256256490515,South,LA,23508,53309,55104,Republican,No
22107,Tensas Parish,Louisiana,3935,1637,2124,40,41.601016518424395,53.977128335451084,1.0165184243964422,South,LA,1477,1730,2128,Republican,Yes
22109,Terrebonne Parish,Louisiana,106186,68490,19664,1161,64.50002825231198,18.518448759723505,1.093364473659428,South,LA,13579,44791,41327,Republican,No
22111,Union Parish,Louisiana,20821,14377,5037,47,69.05047788290668,24.191921617597618,0.2257336343115124,South,LA,3099,11894,10475,Republican,No
22113,Vermilion Parish,Louisiana,57123,44444,7352,1128,77.80403690282374,12.870472489189993,1.9746862034557007,South,LA,6412,30442,26429,Republican,No
22115,Vernon Parish,Louisiana,47117,35086,5851,787,74.46569178852643,12.418023218795764,1.6703100791646326,South,LA,3857,19078,16149,Republican,No
22117,Washington Parish,Louisiana,45120,28473,12151,37,63.10505319148936,26.930407801418436,0.08200354609929078,South,LA,7896,19001,18455,Republican,No
22119,Webster Parish,Louisiana,35820,22192,12045,97,61.954215522054724,33.62646566164154,0.27079843662758235,South,LA,7410,16337,16205,Republican,No
22121,West Baton Rouge Parish,Louisiana,27974,14727,11465,148,52.64531350539787,40.98448559376564,0.529062701079574,South,LA,9086,12164,13836,Republican,No
22123,West Carroll Parish,Louisiana,9464,7568,1387,23,79.96618765849534,14.655536770921387,0.24302620456466612,South,LA,802,6272,4603,Republican,No
22125,West Feliciana Parish,Louisiana,15327,7811,6609,55,50.96235401578914,43.11998434135839,0.358843870294252,South,LA,3084,6211,6008,Republican,No
22127,Winn Parish,Louisiana,13467,8380,3583,244,62.22618252023465,26.605777084725624,1.8118363406846365,South,LA,1782,6672,5781,Republican,No
23001,Androscoggin County,Maine,113423,99336,6347,1359,87.58012043412712,5.595866799502747,1.1981696833975473,Northeast,ME,27019,30605,58847,Republican,No
23003,Aroostook County,Maine,67058,62391,508,239,93.04035312714367,0.7575531629335799,0.35640788571087717,Northeast,ME,12900,22246,35653,Republican,No
23005,Cumberland County,Maine,308827,266236,10699,6792,86.20878355843239,3.46439916199037,2.199289569888643,Northeast,ME,127971,59964,192656,Democratic,No
23007,Franklin County,Maine,30413,28401,261,208,93.38440798342815,0.8581856442968469,0.6839180613553415,Northeast,ME,7990,9459,17836,Republican,No
23009,Hancock County,Maine,56460,52554,537,542,93.08182784272051,0.9511158342189161,0.9599716613531704,Northeast,ME,19817,15551,36253,Democratic,No
23011,Kennebec County,Maine,126808,117182,1083,1129,92.40899627783736,0.8540470632767648,0.8903223771370891,Northeast,ME,34585,36589,72886,Republican,Yes
23013,Knox County,Maine,41003,38422,118,202,93.7053386337585,0.28778382069604663,0.4926468794966222,Northeast,ME,15076,10262,25893,Democratic,No
23015,Lincoln County,Maine,36099,33832,293,239,93.72004764674922,0.8116568325992409,0.662068201335217,Northeast,ME,13110,10409,24003,Democratic,No
23017,Oxford County,Maine,59255,55104,201,386,92.99468399291199,0.3392118808539364,0.6514218209433803,Northeast,ME,14765,19228,34590,Republican,No
23019,Penobscot County,Maine,154710,141988,1803,1696,91.77687285889729,1.1654062439402753,1.096244586645983,Northeast,ME,37945,47438,87073,Republican,No
23021,Piscataquis County,Maine,17263,16093,164,143,93.22249898627122,0.9500086891038638,0.8283612350112959,Northeast,ME,3510,6487,10205,Republican,No
23023,Sagadahoc County,Maine,37285,34730,187,249,93.14737830226633,0.5015421751374548,0.6678288856108354,Northeast,ME,13982,9917,24456,Democratic,No
23025,Somerset County,Maine,50959,48140,249,192,94.46810180733532,0.48862811279656193,0.37677348456602366,Northeast,ME,10134,17826,28441,Republican,No
23027,Waldo County,Maine,40192,37552,218,205,93.43152866242038,0.5423964968152866,0.5100517515923566,Northeast,ME,12661,11815,25130,Democratic,No
23029,Washington County,Maine,31331,27575,340,107,88.01187322460183,1.0851871947911014,0.3415147936548466,Northeast,ME,6763,11001,18046,Republican,No
23031,York County,Maine,216731,196352,2419,2318,90.59709963041743,1.1161301336680032,1.0695285861275037,Northeast,ME,72114,58194,132838,Democratic,No
24001,Allegany County,Maryland,67452,58427,4633,708,86.62011504477259,6.868588032971594,1.0496352962106386,South,MD,9231,22141,32137,Republican,No
24003,Anne Arundel County,Maryland,598166,379136,107044,25238,63.38307426366594,17.895366837968055,4.219230113379898,South,MD,171945,128892,311572,Democratic,No
24005,Baltimore County,Maryland,850796,447437,260785,52203,52.59039769815561,30.651883647783958,6.13578343104575,South,MD,249958,149560,412915,Democratic,No
24009,Calvert County,Maryland,94313,70778,11502,1837,75.04585794111098,12.195561587479988,1.9477696605982209,South,MD,23438,29361,54191,Republican,No
24011,Caroline County,Maryland,33669,24605,4340,251,73.07909352817131,12.89019572900888,0.7454928866316196,South,MD,4860,11053,16330,Republican,No
24013,Carroll County,Maryland,175321,150514,7135,4207,85.85052560731458,4.069677905099788,2.3995984508415993,South,MD,36867,62273,102651,Republican,No
24015,Cecil County,Maryland,104960,85715,7548,1294,81.66444359756098,7.191310975609756,1.2328506097560976,South,MD,17628,33871,52831,Republican,No
24017,Charles County,Maryland,170527,56930,83988,5699,33.3847425920822,49.252024606074116,3.341992763609282,South,MD,63454,26145,92097,Democratic,No
24019,Dorchester County,Maryland,32754,20185,8133,381,61.62606093912194,24.83055504671185,1.1632167063564756,South,MD,6954,9390,16772,Republican,No
24021,Frederick County,Maryland,287048,193768,30128,17011,67.50369276218612,10.495805579554638,5.926186561132632,South,MD,82409,68753,156114,Democratic,No
24023,Garrett County,Maryland,28615,27216,175,137,95.11095579241656,0.6115673597763411,0.4787698759391927,South,MD,3456,11983,15838,Republican,No
24025,Harford County,Maryland,263757,192506,37734,7949,72.98611979966408,14.306350163218418,3.013758876541665,South,MD,62453,83050,150090,Republican,No
24027,Howard County,Maryland,336328,157552,67150,64745,46.844746794795554,19.965628790942176,19.250553031564426,South,MD,124764,49425,182291,Democratic,No
24029,Kent County,Maryland,19346,14903,2707,242,77.03401219890416,13.992556600847719,1.2509045797580896,South,MD,5251,5561,11128,Republican,Yes
24031,Montgomery County,Maryland,1065949,448341,198264,164064,42.06026742367599,18.59976415381974,15.391355496369902,South,MD,386581,112637,519221,Democratic,No
24033,Prince George's County,Maryland,959754,118974,564636,37571,12.39630155227277,58.831325527166335,3.914648962129879,South,MD,347038,45008,404009,Democratic,No
24035,Queen Anne's County,Maryland,51825,43211,2948,525,83.3786782440907,5.6883743367100825,1.0130246020260492,South,MD,11273,20200,32347,Republican,No
24037,St. Mary's County,Maryland,115126,82070,16847,3062,71.28711151260359,14.633531956291367,2.6596945954866844,South,MD,23531,33582,58954,Republican,No
24039,Somerset County,Maryland,24822,12896,9623,185,51.95391185238901,38.76802836193699,0.7453065828700346,South,MD,4054,5805,10137,Republican,No
24041,Talbot County,Maryland,37917,28647,4628,528,75.5518632803228,12.205606983674869,1.392515230635335,South,MD,11119,11125,22830,Republican,Yes
24043,Washington County,Maryland,155709,116696,18030,2531,74.94492932328896,11.579292141109377,1.6254680204740894,South,MD,27260,44054,73332,Republican,No
24045,Wicomico County,Maryland,104914,62073,27997,2574,59.165602302838515,26.68566635530053,2.4534380540252014,South,MD,21513,24065,46912,Republican,No
24047,Worcester County,Maryland,53700,42164,6534,743,78.51769087523277,12.167597765363128,1.383612662942272,South,MD,12431,19632,32881,Republican,No
24510,Baltimore city,Maryland,573243,154160,339623,14895,26.89260924250274,59.24590444192079,2.59837451133289,South,MD,195109,27984,230754,Democratic,No
25001,Barnstable County,Massachusetts,231668,198817,6467,3422,85.81979384291314,2.7914947252102147,1.4771138007838804,Northeast,MA,88129,57451,148785,Democratic,No
25003,Berkshire County,Massachusetts,129430,111145,3426,2461,85.87267248705864,2.6469906513173145,1.9014138916788998,Northeast,MA,47094,19805,68674,Democratic,No
25005,Bristol County,Massachusetts,582270,447540,25982,14233,76.86124993559689,4.46219107973964,2.4443986466759404,Northeast,MA,137786,134196,278017,Democratic,No
25007,Dukes County,Massachusetts,20933,16860,574,309,80.54268380069746,2.742081880284718,1.4761381550661634,Northeast,MA,9137,2745,12209,Democratic,No
25009,Essex County,Massachusetts,813054,551107,32753,29493,67.78233672056223,4.028391718139263,3.6274343401545286,Northeast,MA,236624,155336,401851,Democratic,No
25011,Franklin County,Massachusetts,70944,63125,956,1439,88.97863103292738,1.3475417230491655,2.028360396932792,Northeast,MA,28305,12428,42248,Democratic,No
25013,Hampden County,Massachusetts,462815,295267,40334,12007,63.79806186057064,8.714929291401532,2.5943411514319976,Northeast,MA,110937,92474,208604,Democratic,No
25015,Hampshire County,Massachusetts,162028,132861,4236,8612,81.99879033253512,2.614362949613647,5.315130718147481,Northeast,MA,58617,23256,84720,Democratic,No
25017,Middlesex County,Massachusetts,1638365,1093628,80327,223582,66.75118181845926,4.902875732818999,13.646653828664554,Northeast,MA,554471,235118,814832,Democratic,No
25019,Nantucket County,Massachusetts,14483,10090,1372,251,69.66788648760615,9.473175447075882,1.7330663536560105,Northeast,MA,4784,2171,7118,Democratic,No
25021,Norfolk County,Massachusetts,730082,509654,54240,90735,69.80777501705288,7.429302461915237,12.428056026583317,Northeast,MA,242712,132497,386447,Democratic,No
25023,Plymouth County,Massachusetts,535075,411816,42910,8987,76.96416390225669,8.01943652758959,1.6795776293043032,Northeast,MA,159962,133544,300129,Democratic,No
25025,Suffolk County,Massachusetts,785121,362430,143125,72712,46.162311287050024,18.22967415213706,9.261247629346304,Northeast,MA,222280,66480,299193,Democratic,No
25027,Worcester County,Massachusetts,867788,630934,45228,46238,72.7060065361586,5.211872024042739,5.328259897578672,Northeast,MA,225680,183802,420841,Democratic,No
26001,Alcona County,Michigan,10397,9699,68,52,93.28652495912281,0.6540348177358853,0.5001442723862654,North Central,MI,2140,5257,7483,Republican,No
26003,Alger County,Michigan,8762,7178,670,23,81.92193563113445,7.646656014608537,0.2624971467701438,North Central,MI,2075,3116,5258,Republican,No
26005,Allegan County,Michigan,121456,105919,1483,838,87.20771308128047,1.2210183111579502,0.6899617968647082,North Central,MI,25637,45206,71913,Republican,No
26007,Alpena County,Michigan,28880,26743,291,53,92.60041551246537,1.007617728531856,0.1835180055401662,North Central,MI,6038,10967,17213,Republican,No
26009,Antrim County,Michigan,24127,22399,149,74,92.83789944875036,0.6175653831806689,0.3067103245326812,North Central,MI,6330,10341,16883,Republican,No
26011,Arenac County,Michigan,15077,14086,109,29,93.42707435166147,0.7229554951250249,0.1923459574185846,North Central,MI,2662,6379,9158,Republican,No
26013,Baraga County,Michigan,8191,5950,513,65,72.64070321084117,6.2629715541447935,0.7935539006226346,North Central,MI,1488,2779,4332,Republican,No
26015,Barry County,Michigan,63409,58772,214,379,92.68715797442003,0.33749152328533805,0.5977069501174912,North Central,MI,12391,25650,38625,Republican,No
26017,Bay County,Michigan,103008,93440,1234,525,90.71140105622865,1.1979652065858963,0.5096691519105312,North Central,MI,25767,34792,61338,Republican,No
26019,Benzie County,Michigan,18310,16806,124,161,91.78590933915893,0.6772255598033862,0.8793009284543966,North Central,MI,5780,6895,12846,Republican,No
26021,Berrien County,Michigan,153288,113353,20232,2761,73.94773237304942,13.198684828558008,1.8011846980846509,North Central,MI,38323,44975,84488,Republican,No
26023,Branch County,Michigan,45300,39772,764,228,87.79690949227373,1.6865342163355408,0.5033112582781457,North Central,MI,5911,14848,21089,Republican,No
26025,Calhoun County,Michigan,133778,102224,13067,3495,76.41316210438188,9.767674804526903,2.612537188476431,North Central,MI,28988,38606,68505,Republican,No
26027,Cass County,Michigan,51520,43705,2110,414,84.83113354037268,4.095496894409938,0.8035714285714285,North Central,MI,9050,18505,27871,Republican,No
26029,Charlevoix County,Michigan,26108,24313,136,176,93.12471273172974,0.5209131300750728,0.6741228742148,North Central,MI,7197,10183,17661,Republican,No
26031,Cheboygan County,Michigan,25865,23120,238,141,89.38720278368451,0.9201623815967523,0.5451382176686642,North Central,MI,5543,10653,16423,Republican,No
26033,Chippewa County,Michigan,36295,24576,2058,262,67.71180603388896,5.670202507232401,0.7218625154980025,North Central,MI,6796,11249,18365,Republican,No
26035,Clare County,Michigan,31218,29185,356,102,93.48773143699148,1.1403677365622398,0.32673457620603497,North Central,MI,5273,11772,17288,Republican,No
26037,Clinton County,Michigan,79626,70643,1541,1226,88.71850902971391,1.9352975158867705,1.539698088564037,North Central,MI,22450,26751,49986,Republican,No
26039,Crawford County,Michigan,13369,12326,53,111,92.19836936195676,0.39643952427257084,0.8302790036651957,North Central,MI,2752,5613,8476,Republican,No
26041,Delta County,Michigan,36813,33274,69,176,90.38654823024474,0.18743378697742646,0.4780919783772037,North Central,MI,7462,14109,21874,Republican,No
26043,Dickinson County,Michigan,25954,24127,91,75,92.96062264005548,0.3506203282730986,0.28897279802727904,North Central,MI,4763,10324,15312,Republican,No
26045,Eaton County,Michigan,109130,88615,7502,2416,81.20131952716943,6.874370017410428,2.213873362045267,North Central,MI,31056,33102,65208,Republican,No
26047,Emmet County,Michigan,34125,30564,210,176,89.56483516483516,0.6153846153846154,0.5157509157509158,North Central,MI,10005,12465,22851,Republican,No
26049,Genesee County,Michigan,403305,290657,77933,4378,72.06878169127583,19.32358884715042,1.0855308017505363,North Central,MI,114670,105303,223268,Democratic,No
26051,Gladwin County,Michigan,25693,24093,81,117,93.77262289339508,0.31526096602187365,0.45537695092048414,North Central,MI,4501,10809,15488,Republican,No
26053,Gogebic County,Michigan,14319,13031,68,86,91.0049584468189,0.4748934981493121,0.6006006006006006,North Central,MI,3385,4803,8295,Republican,No
26055,Grand Traverse County,Michigan,96166,88184,789,655,91.69976914917955,0.8204562943243975,0.6811139072021297,North Central,MI,30339,31423,62772,Republican,No
26057,Gratiot County,Michigan,41385,35595,2413,169,86.00942370424066,5.830614957110064,0.408360517095566,North Central,MI,6682,12894,19848,Republican,No
26059,Hillsdale County,Michigan,45654,42662,318,117,93.44635738379988,0.6965435668287554,0.2562754632671836,North Central,MI,5875,18631,24828,Republican,No
26061,Houghton County,Michigan,37693,34481,444,1084,91.4785238638474,1.1779375480858514,2.8758655453267186,North Central,MI,7881,11181,19374,Republican,No
26063,Huron County,Michigan,31113,29230,108,180,93.94786745090477,0.34712178189181375,0.5785363031530228,North Central,MI,5522,13224,18969,Republican,No
26065,Ingham County,Michigan,283913,194933,32386,17807,68.65941327096681,11.407015529405134,6.271991772127378,North Central,MI,94542,50564,148101,Democratic,No
26067,Ionia County,Michigan,66574,57874,2261,304,86.93183525099889,3.396220746838105,0.45663472226394686,North Central,MI,11338,22179,34021,Republican,No
26069,Iosco County,Michigan,25347,23326,237,198,92.02666982285872,0.9350218960823766,0.7811575334359095,North Central,MI,5344,10155,15731,Republican,No
26071,Iron County,Michigan,11667,10646,110,69,91.24882146224394,0.94283020485129,0.5914116739521729,North Central,MI,2441,4501,7027,Republican,No
26073,Isabella County,Michigan,64565,54561,1616,1091,84.50553705568032,2.5029040501819875,1.6897699992255866,North Central,MI,14011,16320,30835,Republican,No
26075,Jackson County,Michigan,160060,133048,11836,1239,83.12382856428839,7.394726977383481,0.7740847182306635,North Central,MI,32348,50199,83827,Republican,No
26077,Kalamazoo County,Michigan,262375,199261,28850,7470,75.94511672224868,10.995712243925679,2.8470700333492136,North Central,MI,84501,58671,145710,Democratic,No
26079,Kalkaska County,Michigan,18239,16970,148,91,93.04238170952355,0.8114479960524152,0.4989308624376337,North Central,MI,3206,8149,11529,Republican,No
26081,Kent County,Michigan,663150,480632,64774,21353,72.4771167910729,9.767624217748624,3.21993515795823,North Central,MI,192668,172720,371947,Democratic,No
26083,Keweenaw County,Michigan,2133,1981,0,0,92.87388654477262,0,0,North Central,MI,690,896,1611,Republican,No
26085,Lake County,Michigan,12563,10038,1005,38,79.90129746079758,7.99968160471225,0.30247552336225425,North Central,MI,2298,4523,6915,Republican,No
26087,Lapeer County,Michigan,88837,80733,920,259,90.87767484268942,1.0356045341468083,0.2915451895043732,North Central,MI,16338,38398,55439,Republican,No
26089,Leelanau County,Michigan,22734,20420,162,106,89.82141286179291,0.7125890736342043,0.4662619864520102,North Central,MI,9406,8035,17685,Democratic,No
26091,Lenawee County,Michigan,98415,85816,2335,355,87.1980897220952,2.372605801961083,0.3607173703195651,North Central,MI,20787,33463,55016,Republican,No
26093,Livingston County,Michigan,195833,183088,1157,1938,93.4919038160065,0.5908095162715171,0.9896187057339672,North Central,MI,49503,81217,132448,Republican,No
26095,Luce County,Michigan,6271,4821,516,8,76.87769095837984,8.228352734811036,0.12757136022962845,North Central,MI,769,2170,2985,Republican,No
26097,Mackinac County,Michigan,10957,7852,525,67,71.66195126403213,4.79145751574336,0.6114812448662955,North Central,MI,2675,4476,7238,Republican,No
26099,Macomb County,Michigan,879853,658451,112586,44501,74.83647836627256,12.796001150192135,5.057776696789123,North Central,MI,214977,284660,509152,Republican,No
26101,Manistee County,Michigan,25350,22442,859,104,88.52859960552269,3.388560157790927,0.41025641025641024,North Central,MI,6309,8748,15297,Republican,No
26103,Marquette County,Michigan,67112,61199,914,340,91.18935510787936,1.3619024913577302,0.5066158064131601,North Central,MI,20866,17459,39009,Democratic,No
26105,Mason County,Michigan,29207,26749,279,145,91.58420926490226,0.9552504536583696,0.4964563289622351,North Central,MI,6973,10830,18064,Republican,No
26107,Mecosta County,Michigan,41242,37208,905,299,90.21870908297367,2.1943649677513215,0.724989088792978,North Central,MI,7688,14445,22489,Republican,No
26109,Menominee County,Michigan,23247,21318,101,90,91.70215511678926,0.4344646621069385,0.38714672861014326,North Central,MI,4256,8647,13060,Republican,No
26111,Midland County,Michigan,83757,75567,1022,1804,90.22171281206347,1.2201965208878065,2.1538498274771065,North Central,MI,20926,28571,50301,Republican,No
26113,Missaukee County,Michigan,15207,13946,44,72,91.7077661603209,0.2893404353258368,0.47346616689682386,North Central,MI,1945,7066,9152,Republican,No
26115,Monroe County,Michigan,155505,139931,3386,623,89.98488794572522,2.1774219478473364,0.40063020481656536,North Central,MI,32622,57405,91356,Republican,No
26117,Montcalm County,Michigan,67816,59859,2190,149,88.2667807007196,3.229326412645983,0.21971216232157606,North Central,MI,10368,23946,34845,Republican,No
26119,Montmorency County,Michigan,9516,8861,66,61,93.11685582177385,0.6935687263556116,0.641025641025641,North Central,MI,1702,4599,6391,Republican,No
26121,Muskegon County,Michigan,175961,135479,21276,1147,76.99376566398236,12.091315689272054,0.6518489892646666,North Central,MI,46028,47733,95181,Republican,Yes
26123,Newaygo County,Michigan,50792,44881,407,214,88.3623405260671,0.8013072924870058,0.4213261931012758,North Central,MI,8131,20630,29201,Republican,No
26125,Oakland County,Michigan,1279825,885044,164389,109982,69.1535170824136,12.844646729044987,8.593518645127265,North Central,MI,419519,337791,772145,Democratic,No
26127,Oceana County,Michigan,26915,23001,273,38,85.45792309121308,1.0143042912873863,0.14118521270666914,North Central,MI,5085,9547,14870,Republican,No
26129,Ogemaw County,Michigan,20885,19455,117,162,93.15298060809192,0.5602106775197511,0.7756763227196553,North Central,MI,3578,8879,12622,Republican,No
26131,Ontonagon County,Michigan,5850,5415,31,24,92.56410256410257,0.5299145299145299,0.41025641025641024,North Central,MI,1313,2479,3841,Republican,No
26133,Osceola County,Michigan,23227,21448,265,97,92.34081026391699,1.1409135919404143,0.41761742799328366,North Central,MI,3326,9639,13184,Republican,No
26135,Oscoda County,Michigan,8425,7906,36,38,93.83976261127597,0.42729970326409494,0.45103857566765576,North Central,MI,1414,3716,5192,Republican,No
26137,Otsego County,Michigan,25584,23830,193,157,93.1441525953721,0.7543777360850532,0.6136647904940588,North Central,MI,5052,10693,15971,Republican,No
26139,Ottawa County,Michigan,301203,253027,4821,8146,84.00547139304722,1.6005816675132716,2.704488335109544,North Central,MI,69653,106133,178507,Republican,No
26141,Presque Isle County,Michigan,13209,12521,48,30,94.79143008554773,0.36338859868271634,0.22711787417669774,North Central,MI,3036,5568,8742,Republican,No
26143,Roscommon County,Michigan,23737,22108,160,28,93.13729620423811,0.6740531659434638,0.11795930404010617,North Central,MI,5290,10582,16068,Republican,No
26145,Saginaw County,Michigan,188665,133402,35003,2225,70.70839848408555,18.552990750801683,1.1793390400975272,North Central,MI,49515,52912,103846,Republican,Yes
26147,St. Clair County,Michigan,160221,146136,3491,865,91.20901754451664,2.1788654421080884,0.5398792917283003,North Central,MI,30844,64277,96524,Republican,No
26149,St. Joseph County,Michigan,60969,51897,1296,397,85.12030704128327,2.1256704226738177,0.651150584723384,North Central,MI,9452,19403,29307,Republican,No
26151,Sanilac County,Michigan,40462,37745,165,115,93.28505758489447,0.40779002520883795,0.2842172902970689,North Central,MI,5957,17080,23339,Republican,No
26153,Schoolcraft County,Michigan,8128,6643,48,19,81.72982283464567,0.5905511811023622,0.23375984251968507,North Central,MI,1631,3196,4898,Republican,No
26155,Shiawassee County,Michigan,67991,63964,294,304,94.07715727081526,0.4324101719345208,0.4471180009118854,North Central,MI,15335,24718,40685,Republican,No
26157,Tuscola County,Michigan,52980,49299,620,190,93.05209513023782,1.1702529256323142,0.3586258965647414,North Central,MI,8562,21764,30717,Republican,No
26159,Van Buren County,Michigan,75795,60819,2689,400,80.24144072828024,3.5477274226532094,0.5277392967873871,North Central,MI,17175,23407,41169,Republican,No
26161,Washtenaw County,Michigan,369822,253992,42421,34148,68.6795269075393,11.470653449497325,9.233631314524285,North Central,MI,157152,58844,221542,Democratic,No
26163,Wayne County,Michigan,1772259,871884,652168,65148,49.196195364221595,36.79868461663899,3.6759864105641444,North Central,MI,537032,288860,856690,Democratic,No
26165,Wexford County,Michigan,34077,31356,402,218,92.01514217800863,1.1796813099744696,0.6397276755582945,North Central,MI,6224,12968,19476,Republican,No
27001,Aitkin County,Minnesota,16056,14989,103,38,93.35450921773791,0.6415047334329845,0.23667164922770303,North Central,MN,3524,6741,10446,Republican,No
27003,Anoka County,Minnesota,370349,279414,32717,20758,75.44613324188806,8.83409972755428,5.6049834075426155,North Central,MN,97667,106974,210481,Republican,No
27005,Becker County,Minnesota,35343,30134,345,179,85.26157937922643,0.9761480349715643,0.5064652123475653,North Central,MN,6435,12961,19739,Republican,No
27007,Beltrami County,Minnesota,46512,32778,480,287,70.47213622291022,1.0319917440660475,0.6170450636394909,North Central,MN,11493,12898,24874,Republican,No
27009,Benton County,Minnesota,41593,36110,2296,445,86.81749332820426,5.520159642247494,1.0698915682927417,North Central,MN,7084,15260,22824,Republican,No
27011,Big Stone County,Minnesota,5127,4823,14,38,94.07060659254924,0.2730641700799688,0.7411741759313439,North Central,MN,964,1796,2824,Republican,No
27013,Blue Earth County,Minnesota,69871,59639,3360,1621,85.3558701034764,4.808862045770062,2.3199896952956163,North Central,MN,17558,18001,36442,Republican,Yes
27015,Brown County,Minnesota,25800,23916,249,132,92.69767441860465,0.9651162790697674,0.5116279069767441,North Central,MN,4576,9692,14598,Republican,No
27017,Carlton County,Minnesota,36518,31966,789,196,87.53491428884385,2.1605783449257903,0.5367216167369516,North Central,MN,9905,10435,20815,Republican,Yes
27019,Carver County,Minnesota,110041,95342,1830,3678,86.6422515244318,1.6630165120273352,3.342390563517234,North Central,MN,31869,35586,69160,Republican,No
27021,Cass County,Minnesota,30992,25081,114,150,80.92733608673205,0.3678368611254518,0.4839958699019101,North Central,MN,6300,12759,19363,Republican,No
27023,Chippewa County,Minnesota,12377,10309,66,182,83.29158923810294,0.5332471519754383,1.4704694190837844,North Central,MN,2026,4175,6318,Republican,No
27025,Chisago County,Minnesota,57991,52595,728,1157,90.69510786156472,1.2553672121536101,1.9951371764584158,North Central,MN,11894,23047,35601,Republican,No
27027,Clay County,Minnesota,66059,56092,3217,1059,84.91197263052726,4.869889038586718,1.6031123692456744,North Central,MN,16121,15965,32874,Democratic,No
27029,Clearwater County,Minnesota,8616,7229,14,69,83.90204271123491,0.16248839368616527,0.8008356545961003,North Central,MN,1169,3575,4814,Republican,No
27031,Cook County,Minnesota,5635,4742,76,32,84.15261756876664,1.3487133984028394,0.5678793256433008,North Central,MN,2416,1142,3660,Democratic,No
27033,Cottonwood County,Minnesota,11458,9280,190,455,80.99144702391342,1.6582300576016755,3.971024611625065,North Central,MN,1705,4157,5988,Republican,No
27035,Crow Wing County,Minnesota,67686,63439,320,272,93.72543805218213,0.4727713264190527,0.4018556274561948,North Central,MN,14173,27423,42366,Republican,No
27037,Dakota County,Minnesota,445771,331321,34647,23217,74.3253823151349,7.772376399541468,5.208279587501206,North Central,MN,143267,109995,259805,Democratic,No
27039,Dodge County,Minnesota,21045,19069,234,110,90.61059634117368,1.111903064861012,0.5226894749346638,North Central,MN,4108,8095,12484,Republican,No
27041,Douglas County,Minnesota,39575,37434,218,220,94.59001895135818,0.5508528111181301,0.5559065066329754,North Central,MN,7938,16726,25106,Republican,No
27043,Faribault County,Minnesota,13914,12369,90,90,88.89607589478223,0.646830530401035,0.646830530401035,North Central,MN,2352,5247,7761,Republican,No
27045,Fillmore County,Minnesota,21414,20344,112,153,95.00326888951153,0.5230223218455217,0.7144858503782573,North Central,MN,4491,7638,12385,Republican,No
27047,Freeborn County,Minnesota,30623,25699,479,1086,83.92058256865754,1.5641837834307546,3.5463540476112727,North Central,MN,6448,10003,16704,Republican,No
27049,Goodhue County,Minnesota,47943,42969,752,329,89.62517990113258,1.5685292952047223,0.686231566652066,North Central,MN,11731,16461,28817,Republican,No
27051,Grant County,Minnesota,6127,5759,40,4,93.99379794352865,0.6528480496164518,0.06528480496164518,North Central,MN,1187,2266,3543,Republican,No
27053,Hennepin County,Minnesota,1269496,841924,170160,89889,66.31954728490676,13.403744478123603,7.0806839879763315,North Central,MN,502710,197244,720173,Democratic,No
27055,Houston County,Minnesota,18653,17487,50,166,93.74899479976412,0.2680533962365303,0.8899372755052806,North Central,MN,4667,6547,11428,Republican,No
27057,Hubbard County,Minnesota,21831,19767,113,90,90.54555448673905,0.5176125692822134,0.4122577985433558,North Central,MN,4536,8809,13617,Republican,No
27059,Isanti County,Minnesota,42596,39012,372,822,91.58606441919429,0.8733214386327355,1.9297586627852379,North Central,MN,7384,18027,25918,Republican,No
27061,Itasca County,Minnesota,45275,40183,360,188,88.75317504141358,0.7951408061844285,0.4152401987852016,North Central,MN,10467,15863,26840,Republican,No
27063,Jackson County,Minnesota,9933,9026,59,131,90.86882110137924,0.5939796637471055,1.3188362025571327,North Central,MN,1581,3949,5644,Republican,No
27065,Kanabec County,Minnesota,16390,15337,143,88,93.57535082367298,0.87248322147651,0.5369127516778524,North Central,MN,2718,6818,9703,Republican,No
27067,Kandiyohi County,Minnesota,44079,34580,2287,594,78.45005558202318,5.188411715329295,1.3475804805009188,North Central,MN,7814,15014,23283,Republican,No
27069,Kittson County,Minnesota,4084,3807,9,15,93.21743388834476,0.22037218413320275,0.3672869735553379,North Central,MN,911,1535,2500,Republican,No
27071,Koochiching County,Minnesota,11833,10618,35,81,89.73210512972196,0.29578297980224794,0.6845263246852024,North Central,MN,2465,4204,6789,Republican,No
27073,Lac qui Parle County,Minnesota,6682,6237,23,42,93.34031727027836,0.34420832086201736,0.6285543250523795,North Central,MN,1314,2600,3996,Republican,No
27075,Lake County,Minnesota,10879,10314,26,54,94.80650795109845,0.23899255446272635,0.4963691515764317,North Central,MN,3534,3265,6954,Democratic,No
27077,Lake of the Woods County,Minnesota,3821,3350,11,7,87.67338393090814,0.287882753205967,0.18319811567652447,North Central,MN,604,1710,2347,Republican,No
27079,Le Sueur County,Minnesota,29113,26347,219,151,90.49908975371827,0.7522412667880328,0.5186686360045341,North Central,MN,5636,11503,17469,Republican,No
27081,Lincoln County,Minnesota,5603,5314,6,42,94.84204890237373,0.10708548991611637,0.7495984294128145,North Central,MN,972,2190,3235,Republican,No
27083,Lyon County,Minnesota,25503,20844,672,1148,81.73156099282437,2.634984119515351,4.501431204172058,North Central,MN,4284,8400,12990,Republican,No
27085,McLeod County,Minnesota,36798,32972,224,232,89.6026957986847,0.6087287352573509,0.6304690472308278,North Central,MN,6374,14394,21199,Republican,No
27087,Mahnomen County,Minnesota,5358,2404,14,25,44.86748786860769,0.2612915266890631,0.46659201194475547,North Central,MN,975,1165,2183,Republican,No
27089,Marshall County,Minnesota,8909,8176,33,30,91.7723650241329,0.37041194297901,0.3367381299809182,North Central,MN,1177,3774,5031,Republican,No
27091,Martin County,Minnesota,19780,18303,169,101,92.53286147623862,0.8543983822042467,0.5106167846309404,North Central,MN,3171,7442,10796,Republican,No
27093,Meeker County,Minnesota,23468,21849,72,69,93.10124424748594,0.30680074995738876,0.29401738537583094,North Central,MN,3802,9645,13694,Republican,No
27095,Mille Lacs County,Minnesota,27125,24099,123,257,88.844239631336407,0.45345622119815665,0.9474654377880185,North Central,MN,4374,10570,15190,Republican,No
27097,Morrison County,Minnesota,34249,32447,164,126,94.73853251189816,0.47884609769628317,0.36789395310811995,North Central,MN,4306,15666,20313,Republican,No
27099,Mower County,Minnesota,40343,30390,1376,2524,75.32905336737477,3.4107527947847207,6.256351783456858,North Central,MN,8312,10297,18969,Republican,No
27101,Murray County,Minnesota,8097,7292,58,82,90.0580461899469,0.7163146844510313,1.012720760775596,North Central,MN,1329,3346,4769,Republican,No
27103,Nicollet County,Minnesota,34411,29832,1586,566,86.693208567028,4.60899131091802,1.6448228764058004,North Central,MN,9441,9540,19417,Republican,Yes
27105,Nobles County,Minnesota,22041,12383,1148,934,56.18166144911755,5.2084751145592305,4.237557279615262,North Central,MN,2599,5541,8275,Republican,No
27107,Norman County,Minnesota,6367,5637,34,28,88.53463169467567,0.5340034553164755,0.43976755143709756,North Central,MN,1233,1963,3294,Republican,No
27109,Olmsted County,Minnesota,164498,127008,12419,10487,77.20944935500735,7.5496358618341866,6.375153497306958,North Central,MN,49121,39467,90924,Democratic,No
27111,Otter Tail County,Minnesota,60475,55169,658,349,91.22612649855311,1.0880529144274493,0.5770979743695742,North Central,MN,11752,24276,36736,Republican,No
27113,Pennington County,Minnesota,13791,12218,106,211,88.59401058661446,0.768617214125154,1.5299833224566746,North Central,MN,2439,4756,7381,Republican,No
27115,Pine County,Minnesota,29640,26217,704,336,88.45141700404858,2.375168690958165,1.1336032388663968,North Central,MN,5339,11274,16911,Republican,No
27117,Pipestone County,Minnesota,9284,7985,118,102,86.00818612666954,1.2710038776389487,1.098664368806549,North Central,MN,1215,3537,4837,Republican,No
27119,Polk County,Minnesota,30705,26349,604,247,85.8133854421104,1.9671063344732127,0.8044292460511318,North Central,MN,4967,10162,15419,Republican,No
27121,Pope County,Minnesota,11418,10750,71,84,94.14958836924154,0.6218251882991768,0.7356805044666317,North Central,MN,2398,4677,7218,Republican,No
27123,Ramsey County,Minnesota,542945,321165,66371,81756,59.15240033520891,12.224258442383668,15.057878790669404,North Central,MN,195168,75284,278025,Democratic,No
27125,Red Lake County,Minnesota,3915,3602,19,14,92.0051085568327,0.48531289910600256,0.35759897828863346,North Central,MN,642,1425,2116,Republican,No
27127,Redwood County,Minnesota,15350,13284,98,407,86.54071661237785,0.6384364820846905,2.6514657980456025,North Central,MN,2300,5895,8326,Republican,No
27129,Renville County,Minnesota,14558,12659,124,97,86.95562577277099,0.8517653523835692,0.6663003159774694,North Central,MN,2280,5610,8058,Republican,No
27131,Rice County,Minnesota,67917,53994,4589,1545,79.49997791421882,6.756776653856914,2.274835460930253,North Central,MN,17353,18264,36412,Republican,No
27133,Rock County,Minnesota,9621,8953,14,43,93.05685479679867,0.1455150192287704,0.44693898763122336,North Central,MN,1585,3690,5373,Republican,No
27135,Roseau County,Minnesota,15302,13558,119,396,88.60279701999738,0.777676120768527,2.587897006927199,North Central,MN,2093,6279,8499,Republican,No
27137,St. Louis County,Minnesota,200123,180247,3301,2076,90.06810811351019,1.6494855663766783,1.037362022356251,North Central,MN,66335,50065,119009,Democratic,No
27139,Scott County,Minnesota,154557,119221,9507,9835,77.13723739461817,6.151128709796386,6.36334814987351,North Central,MN,40214,47837,90141,Republican,No
27141,Sherburne County,Minnesota,100560,87245,4085,1680,86.75914876690533,4.06225139220366,1.6706443914081146,North Central,MN,18329,38491,57960,Republican,No
27143,Sibley County,Minnesota,15005,13189,179,61,87.89736754415195,1.1929356881039652,0.4065311562812396,North Central,MN,2351,6014,8537,Republican,No
27145,Stearns County,Minnesota,160865,131456,14649,3136,81.71821092220185,9.106393559817239,1.9494607279395768,North Central,MN,30829,53932,86632,Republican,No
27147,Steele County,Minnesota,37439,32125,1253,275,85.80624482491518,3.3467774246107003,0.7345281658163947,North Central,MN,7650,12742,20872,Republican,No
27149,Stevens County,Minnesota,9739,7936,104,175,81.48680562686107,1.0678714447068487,1.796899065612486,North Central,MN,1827,3213,5139,Republican,No
27151,Swift County,Minnesota,9748,8621,69,0,88.4386540828888,0.7078375051292574,0,North Central,MN,1618,3340,5054,Republican,No
27153,Todd County,Minnesota,25575,21874,194,70,85.52883675464321,0.7585532746823069,0.27370478983382207,North Central,MN,3072,10392,13718,Republican,No
27155,Traverse County,Minnesota,3243,2813,20,4,86.74067221708295,0.6167129201356768,0.12334258402713535,North Central,MN,597,1165,1802,Republican,No
27157,Wabasha County,Minnesota,21565,20437,90,154,94.7693021099003,0.41734291676327384,0.7141201020171575,North Central,MN,4721,8523,13509,Republican,No
27159,Wadena County,Minnesota,14256,12328,243,44,86.47586980920315,1.7045454545454544,0.30864197530864196,North Central,MN,1898,6028,8047,Republican,No
27161,Waseca County,Minnesota,18885,17257,191,354,91.37940164151442,1.0113846968493514,1.8745035742652898,North Central,MN,3402,6770,10387,Republican,No
27163,Washington County,Minnesota,276238,215812,15355,21295,78.12538463209262,5.558612500814515,7.708932152708896,North Central,MN,90324,75271,169536,Democratic,No
27165,Watonwan County,Minnesota,11205,8278,4,36,73.87773315484158,0.035698348951361,0.321285140562249,North Central,MN,1723,3087,4933,Republican,No
27167,Wilkin County,Minnesota,6371,5869,28,2,92.1205462250824,0.43949144561293363,0.03139224611520954,North Central,MN,986,2290,3353,Republican,No
27169,Winona County,Minnesota,49779,44707,958,1089,89.81096446292614,1.9245063179252297,2.187669499186404,North Central,MN,12929,14288,27797,Republican,Yes
27171,Wright County,Minnesota,148269,131418,3463,2701,88.63484612427412,2.335619718214866,1.821688957233137,North Central,MN,30883,57211,90041,Republican,No
27173,Yellow Medicine County,Minnesota,9451,8251,79,12,87.30293090678235,0.8358903819701619,0.12697069093217647,North Central,MN,1548,3738,5410,Republican,No
28001,Adams County,Mississippi,28803,10835,16144,65,37.61760927681144,56.049717043363536,0.2256709370551679,South,MS,6743,5081,11928,Democratic,No
28003,Alcorn County,Mississippi,34289,27638,3486,162,80.60310886873341,10.166525707952987,0.4724547230890373,South,MS,2328,12657,15112,Republican,No
28005,Amite County,Mississippi,12565,7364,5033,3,58.607242339832865,40.05571030640668,0.0238758456028651,South,MS,2246,4484,6815,Republican,No
28007,Attala County,Mississippi,17526,9106,7741,44,51.95709231998175,44.16866369964624,0.2510555745749173,South,MS,2930,4723,7703,Republican,No
28009,Benton County,Mississippi,7589,4613,2616,25,60.78534721307155,34.470944788509684,0.32942416655685863,South,MS,1318,2535,3880,Republican,No
28011,Bolivar County,Mississippi,29534,9162,18674,282,31.021873095415454,63.22882101984154,0.9548317193742806,South,MS,6419,3943,10435,Democratic,No
28013,Calhoun County,Mississippi,12922,8230,3439,11,63.68983129546509,26.613527317752673,0.08512614146416964,South,MS,1547,4443,6034,Republican,No
28015,Carroll County,Mississippi,9686,6049,3335,75,62.45096014866818,34.4311377245509,0.7743134420813546,South,MS,1431,3730,5194,Republican,No
28017,Chickasaw County,Mississippi,16915,8366,8100,61,49.459060005911915,47.886491279929054,0.3606266627253917,South,MS,3090,4079,7234,Republican,No
28019,Choctaw County,Mississippi,8118,5455,2255,75,67.19635378171964,27.77777777777778,0.9238728750923874,South,MS,965,2881,3890,Republican,No
28021,Claiborne County,Mississippi,8582,953,7389,12,11.104637613609881,86.09881146585877,0.13982754602656725,South,MS,2950,558,3541,Democratic,No
28023,Clarke County,Mississippi,15314,9706,4777,26,63.37991380436202,31.193678986548257,0.1697792869269949,South,MS,2430,5093,7571,Republican,No
28025,Clay County,Mississippi,18383,6782,11058,20,36.892781374095634,60.15340260022847,0.10879617037480281,South,MS,4960,4017,9057,Democratic,No
28027,Coahoma County,Mississippi,20540,3894,15292,53,18.95813047711782,74.44985394352483,0.25803310613437197,South,MS,4711,2008,6790,Democratic,No
28029,Copiah County,Mississippi,27855,12008,14080,82,43.108957099264046,50.547478011129066,0.29438161909890503,South,MS,5426,6134,11665,Republican,Yes
28031,Covington County,Mississippi,18148,10880,6313,44,59.95150980824333,34.7862023363456,0.242450958783337,South,MS,2921,5869,8861,Republican,No
28033,DeSoto County,Mississippi,191301,109406,62459,2575,57.19050083376459,32.64959409516939,1.3460462830826814,South,MS,29023,48064,79082,Republican,No
28035,Forrest County,Mississippi,78272,44272,27807,760,56.561733442354864,35.5261140637776,0.9709730171708912,South,MS,11475,16579,28466,Republican,No
28037,Franklin County,Mississippi,7622,4758,2670,2,62.42456048281291,35.03017580687484,0.026239832065074783,South,MS,1213,2831,4066,Republican,No
28039,George County,Mississippi,25170,21696,1811,33,86.19785458879619,7.195073500198649,0.13110846245530394,South,MS,1138,9858,11069,Republican,No
28041,Greene County,Mississippi,13615,9673,3241,4,71.04663973558574,23.804627249357328,0.029379360998898277,South,MS,835,4776,5649,Republican,No
28043,Grenada County,Mississippi,21217,10678,9489,0,50.32756751661404,44.72357072159118,0,South,MS,4060,5651,9766,Republican,No
28045,Hancock County,Mississippi,46167,38845,3352,464,84.14018671345333,7.26059739640869,1.0050468949682674,South,MS,4262,16684,21175,Republican,No
28047,Harrison County,Mississippi,210891,131066,49653,5276,62.14869292667776,23.54439023002404,2.501766315300321,South,MS,26555,48497,75923,Republican,No
28049,Hinds County,Mississippi,218533,50452,157160,1842,23.086673408592752,71.9159120132886,0.8428932930038026,South,MS,62840,22816,86830,Democratic,No
28051,Holmes County,Mississippi,16191,2368,13116,46,14.625409177938362,81.00796738929034,0.284108455314681,South,MS,5420,1243,6730,Democratic,No
28053,Humphreys County,Mississippi,7395,1497,5780,14,20.24340770791075,78.16091954022988,0.18931710615280595,South,MS,2443,990,3468,Democratic,No
28055,Issaquena County,Mississippi,928,315,577,4,33.94396551724138,62.17672413793104,0.43103448275862066,South,MS,287,296,622,Republican,Yes
28057,Itawamba County,Mississippi,24036,21328,1240,111,88.73356631719088,5.158928274255284,0.46180728906640045,South,MS,1027,9523,10621,Republican,No
28059,Jackson County,Mississippi,145249,97625,27543,3175,67.21216669305812,18.962609036895262,2.1859014519893423,South,MS,15469,36376,52410,Republican,No
28061,Jasper County,Mississippi,16059,7247,8355,41,45.12734292297154,52.02690080328788,0.2553085497228968,South,MS,3722,4118,7890,Republican,Yes
28063,Jefferson County,Mississippi,7068,929,5857,35,13.14374646293152,82.86644029428409,0.4951895868704018,South,MS,2727,541,3299,Democratic,No
28065,Jefferson Davis County,Mississippi,11117,4251,6613,3,38.23873347126023,59.48547269946928,0.02698569758028245,South,MS,3041,2302,5378,Democratic,No
28067,Jones County,Mississippi,66472,42657,18974,256,64.17288482368517,28.544349500541582,0.38512456372608017,South,MS,7272,20265,27755,Republican,No
28069,Kemper County,Mississippi,8729,2918,5187,0,33.42880054989117,59.42261427425822,0,South,MS,2381,1691,4086,Democratic,No
28071,Lafayette County,Mississippi,58327,40594,13220,1317,69.59727056080375,22.66531794880587,2.2579594355958648,South,MS,8956,14050,23409,Republican,No
28073,Lamar County,Mississippi,65713,46820,14306,611,71.24922009343662,21.77042594311628,0.9298008004504437,South,MS,7038,20775,28171,Republican,No
28075,Lauderdale County,Mississippi,71504,36378,29202,521,50.87547549787425,40.83967330498993,0.728630566122175,South,MS,10677,16487,27407,Republican,No
28077,Lawrence County,Mississippi,11786,7519,3737,37,63.79602918717122,31.7071101306635,0.31393178347191586,South,MS,1899,4113,6053,Republican,No
28079,Leake County,Mississippi,21319,9853,8307,51,46.216989539847084,38.9652422721516,0.239223228106384,South,MS,3182,5143,8380,Republican,No
28081,Lee County,Mississippi,83034,52273,24874,823,62.95372979743238,29.956403401016452,0.991160247609413,South,MS,10616,24339,35338,Republican,No
28083,Leflore County,Mississippi,27141,5662,20177,62,20.861427360819423,74.3414023064736,0.22843668250985594,South,MS,6476,2854,9421,Democratic,No
28085,Lincoln County,Mississippi,34877,23583,10469,168,67.61762766292972,30.016916592596843,0.4816928061473177,South,MS,4262,11432,15802,Republican,No
28087,Lowndes County,Mississippi,57838,28509,25301,631,49.29112348283135,43.74459697776548,1.0909782495936926,South,MS,11096,13087,24426,Republican,No
28089,Madison County,Mississippi,111647,61103,41466,3347,54.72874327120299,37.14027246589698,2.997841410875348,South,MS,22700,32333,55710,Republican,No
28091,Marion County,Mississippi,24193,15416,7625,76,63.72091100731616,31.517381060637373,0.31414045385028727,South,MS,3215,7874,11188,Republican,No
28093,Marshall County,Mississippi,33979,16105,14570,51,47.39692162806439,42.87942552753171,0.1500927043173725,South,MS,6888,7977,14983,Republican,Yes
28095,Monroe County,Mississippi,33747,22638,10034,107,67.0815183571873,29.733013304886356,0.31706522061220255,South,MS,5090,10861,16069,Republican,No
28097,Montgomery County,Mississippi,9602,4989,4283,1,51.95792543220163,44.60529056446574,0.010414496979795875,South,MS,1737,2658,4424,Republican,No
28099,Neshoba County,Mississippi,28932,16601,6143,190,57.379372321305134,21.232545278584265,0.6567122908889811,South,MS,2622,8154,10861,Republican,No
28101,Newton County,Mississippi,21093,12661,6664,111,60.0246527283933,31.593419617882713,0.5262409330109515,South,MS,2603,6641,9323,Republican,No
28103,Noxubee County,Mississippi,10025,2552,7374,8,25.45635910224439,73.55610972568579,0.07980049875311722,South,MS,3269,1151,4449,Democratic,No
28105,Oktibbeha County,Mississippi,51771,28654,18365,1652,55.34758841822642,35.47352765061521,3.190975642734349,South,MS,8851,8901,18051,Republican,Yes
28107,Panola County,Mississippi,32808,15293,15844,164,46.61363082175079,48.293099244086804,0.49987807851743477,South,MS,6061,8202,14422,Republican,No
28109,Pearl River County,Mississippi,57458,45935,6888,199,79.94535138710013,11.987886804274426,0.3463399352570573,South,MS,3982,20438,24671,Republican,No
28111,Perry County,Mississippi,11449,8873,1758,239,77.50021835968207,15.35505284304306,2.087518560572976,South,MS,1078,4425,5539,Republican,No
28113,Pike County,Mississippi,39602,16496,21253,187,41.65446189586385,53.666481490833796,0.4721983738195041,South,MS,7402,7943,15485,Republican,Yes
28115,Pontotoc County,Mississippi,31550,23700,4639,1,75.1188589540412,14.70364500792393,0.003169572107765452,South,MS,2214,11740,14068,Republican,No
28117,Prentiss County,Mississippi,25184,20023,3228,134,79.50682973316391,12.81766200762389,0.5320838627700126,South,MS,1727,8581,10381,Republican,No
28119,Quitman County,Mississippi,5774,1409,4258,0,24.402493938344303,73.74437131970905,0,South,MS,1725,902,2677,Democratic,No
28121,Rankin County,Mississippi,158854,113415,33225,2194,71.39574703816083,20.915431780125147,1.3811424326740276,South,MS,18060,50896,69678,Republican,No
28123,Scott County,Mississippi,27718,13095,9375,39,47.24366837434159,33.82278663684248,0.14070279240926473,South,MS,3729,6098,9891,Republican,No
28125,Sharkey County,Mississippi,3872,904,2933,6,23.34710743801653,75.74896694214877,0.15495867768595042,South,MS,1201,551,1766,Democratic,No
28127,Simpson County,Mississippi,25691,15701,9134,49,61.11478727959208,35.55330660542603,0.19072827060059944,South,MS,3479,7552,11094,Republican,No
28129,Smith County,Mississippi,14132,10504,3257,43,74.32776677045004,23.04698556467591,0.30427398811208606,South,MS,1486,6146,7676,Republican,No
28131,Stone County,Mississippi,18894,14342,3271,91,75.90769556472955,17.31237429871917,0.4816343812850641,South,MS,1620,6214,7919,Republican,No
28133,Sunflower County,Mississippi,24333,5627,17693,48,23.12497431471664,72.7119549582871,0.19726297620515348,South,MS,5312,2515,7876,Democratic,No
28135,Tallahatchie County,Mississippi,11764,4314,7155,4,36.67120027201632,60.82114926895614,0.034002040122407345,South,MS,2630,2333,5012,Democratic,No
28137,Tate County,Mississippi,28321,18696,8266,19,66.01461812789097,29.18682249920554,0.06708802655273471,South,MS,3555,9185,12861,Republican,No
28139,Tippah County,Mississippi,21523,16420,3009,36,76.2904799516796,13.980393067880872,0.167262928030479,South,MS,1547,7984,9591,Republican,No
28141,Tishomingo County,Mississippi,18660,16988,222,107,91.03965702036442,1.1897106109324758,0.5734190782422294,South,MS,921,8064,9050,Republican,No
28143,Tunica County,Mississippi,9475,1724,7566,0,18.195250659630606,79.85224274406333,0,South,MS,1837,799,2668,Democratic,No
28145,Union County,Mississippi,28122,21547,3831,80,76.61972832657705,13.62278643055259,0.2844747884218761,South,MS,1807,10559,12478,Republican,No
28147,Walthall County,Mississippi,13839,7324,5792,26,52.92289905339981,41.85273502420695,0.18787484644844282,South,MS,2355,4114,6529,Republican,No
28149,Warren County,Mississippi,43020,20018,20966,261,46.53184565318457,48.73547187354718,0.606694560669456,South,MS,8683,9407,18298,Republican,Yes
28151,Washington County,Mississippi,42765,10216,30599,338,23.88869402548813,71.55150239681983,0.7903659534666199,South,MS,9735,4649,14540,Democratic,No
28153,Wayne County,Mississippi,19718,11143,7465,117,56.51181661426108,37.85880920985901,0.5933664671873415,South,MS,3028,6013,9119,Republican,No
28155,Webster County,Mississippi,9972,7816,1861,29,78.37946249498596,18.662254312073806,0.2908142799839551,South,MS,872,4195,5095,Republican,No
28157,Wilkinson County,Mississippi,8162,2322,5482,0,28.448909580985056,67.16491056113698,0,South,MS,1817,1075,2931,Democratic,No
28159,Winston County,Mississippi,17536,8702,8260,18,49.62363138686132,47.10310218978102,0.10264598540145986,South,MS,3392,4922,8384,Republican,No
28161,Yalobusha County,Mississippi,12419,7150,4598,19,57.57307351638619,37.023914968999115,0.15299138416941782,South,MS,2289,3518,5878,Republican,No
28163,Yazoo County,Mississippi,24835,9887,14288,14,39.81075095631166,57.53170928125629,0.056372055566740485,South,MS,4342,4558,8971,Republican,Yes
29001,Adair County,Missouri,25301,22360,1123,526,88.37595351962374,4.43855974072171,2.0789692107031343,North Central,MO,3334,6771,10239,Republican,No
29003,Andrew County,Missouri,18065,16854,242,146,93.2964295599225,1.3396069748131745,0.8081926376972045,North Central,MO,2312,7407,9847,Republican,No
29005,Atchison County,Missouri,5187,4853,13,22,93.5608251397725,0.2506265664160401,0.42413726624252934,North Central,MO,529,2152,2713,Republican,No
29007,Audrain County,Missouri,24548,21817,1116,139,88.87485742219326,4.546195209385694,0.566237575362555,North Central,MO,2688,7699,10523,Republican,No
29009,Barry County,Missouri,35033,28651,70,695,81.78289041760625,0.19981160619986868,1.983843804412982,North Central,MO,2873,13138,16165,Republican,No
29011,Barton County,Missouri,11690,10659,27,47,91.18049615055604,0.2309666381522669,0.40205303678357573,North Central,MO,820,5159,6015,Republican,No
29013,Bates County,Missouri,16186,15006,346,65,92.70974916594588,2.1376498208328187,0.40158161374026935,North Central,MO,1563,6702,8344,Republican,No
29015,Benton County,Missouri,20151,18542,193,32,92.01528460126049,0.9577688452185996,0.15880105205696987,North Central,MO,2166,8526,10769,Republican,No
29017,Bollinger County,Missouri,10559,10007,89,5,94.77223221896013,0.8428828487546169,0.04735296903115825,North Central,MO,756,5365,6161,Republican,No
29019,Boone County,Missouri,188043,144850,18277,9111,77.03025371856437,9.719585413974464,4.845168392335795,North Central,MO,48452,39673,90110,Democratic,No
29021,Buchanan County,Missouri,83568,67554,4855,930,80.83716255025847,5.809640053609037,1.1128661688684665,North Central,MO,12598,22606,35743,Republican,No
29023,Butler County,Missouri,42020,36461,1978,185,86.7705854355069,4.707282246549262,0.4402665397429796,North Central,MO,3160,14549,17860,Republican,No
29025,Caldwell County,Missouri,8927,8270,107,37,92.64030469362608,1.198610955528173,0.41447294723871403,North Central,MO,888,3771,4703,Republican,No
29027,Callaway County,Missouri,44741,39537,1684,64,88.36861044679377,3.763885474173577,0.14304552870968462,North Central,MO,5926,15206,21455,Republican,No
29029,Camden County,Missouri,43667,40534,386,274,92.82524560881214,0.8839627178418485,0.6274761261364418,North Central,MO,5724,19597,25548,Republican,No
29031,Cape Girardeau County,Missouri,82735,69959,6109,1361,84.55792590801958,7.383815797425515,1.64501118027437,North Central,MO,10561,29315,40353,Republican,No
29033,Carroll County,Missouri,8411,7895,145,13,93.86517655451195,1.7239329449530376,0.1545595054095827,North Central,MO,789,3708,4528,Republican,No
29035,Carter County,Missouri,5297,4905,22,2,92.59958467056825,0.4153294317538229,0.037757221068529356,North Central,MO,364,2488,2862,Republican,No
29037,Cass County,Missouri,110773,93583,5124,842,84.481778050608,4.625675931860652,0.7601130239318246,North Central,MO,19753,38792,59349,Republican,No
29039,Cedar County,Missouri,14615,13588,72,4,92.97297297297298,0.49264454327745466,0.027369141293191925,North Central,MO,1060,6064,7188,Republican,No
29041,Chariton County,Missouri,7390,6892,140,14,93.26116373477673,1.8944519621109608,0.18944519621109607,North Central,MO,875,3179,4089,Republican,No
29043,Christian County,Missouri,92915,84787,653,750,91.25221977075823,0.7027928752085238,0.8071893666254102,North Central,MO,11850,38379,50789,Republican,No
29045,Clark County,Missouri,6675,6334,127,6,94.89138576779025,1.902621722846442,0.0898876404494382,North Central,MO,628,2679,3333,Republican,No
29047,Clay County,Missouri,258122,204377,18039,6676,79.17845050015109,6.98855579919573,2.5863738852170677,North Central,MO,60345,67688,130160,Republican,No
29049,Clinton County,Missouri,21414,19862,178,35,92.75240496871206,0.8312319043616326,0.1634444755767255,North Central,MO,2855,8235,11230,Republican,No
29051,Cole County,Missouri,77032,61853,7563,1130,80.29520199397653,9.817997715235228,1.4669228372624363,North Central,MO,12874,26686,40152,Republican,No
29053,Cooper County,Missouri,16824,14831,945,21,88.15382786495482,5.616975748930099,0.12482168330955777,North Central,MO,2347,6393,8835,Republican,No
29055,Crawford County,Missouri,22797,21127,177,18,92.67447471158485,0.7764179497302277,0.07895775759968417,North Central,MO,2007,8742,10829,Republican,No
29057,Dade County,Missouri,7641,7077,32,10,92.61876717707106,0.4187933516555425,0.130872922392357,North Central,MO,671,3480,4186,Republican,No
29059,Dallas County,Missouri,17551,16425,33,3,93.58441114466413,0.18802347444590053,0.017093043131445503,North Central,MO,1458,6907,8441,Republican,No
29061,Daviess County,Missouri,8477,8101,82,18,95.56446856199126,0.9673233455231803,0.212339270968503,North Central,MO,701,3185,3925,Republican,No
29063,DeKalb County,Missouri,10876,9520,714,62,87.53218094887826,6.56491357116587,0.570062522986392,North Central,MO,870,3885,4814,Republican,No
29065,Dent County,Missouri,14539,13353,68,124,91.84263016713666,0.4677075452231928,0.8528784648187633,North Central,MO,1025,6013,7103,Republican,No
29067,Douglas County,Missouri,11965,11051,108,16,92.36105307145841,0.9026326786460509,0.13372335979941496,North Central,MO,996,6242,7289,Republican,No
29069,Dunklin County,Missouri,27493,21005,1955,96,76.40126577674316,7.110900956607136,0.34917979121958315,North Central,MO,1885,8096,10051,Republican,No
29071,Franklin County,Missouri,105950,94646,922,490,89.33081642284097,0.8702218027371401,0.4624823029731005,North Central,MO,14694,40126,55464,Republican,No
29073,Gasconade County,Missouri,14746,14051,127,16,95.28685745286857,0.8612505086125051,0.10850400108504,North Central,MO,1555,6370,7997,Republican,No
29075,Gentry County,Missouri,6245,5916,22,42,94.73178542834268,0.3522818254603683,0.6725380304243395,North Central,MO,616,2651,3292,Republican,No
29077,Greene County,Missouri,303375,260352,9184,5902,85.8185414091471,3.027276473011949,1.9454470539761022,North Central,MO,55971,85956,144037,Republican,No
29079,Grundy County,Missouri,9787,9059,50,73,92.56156125472566,0.5108817819556555,0.745887401655257,North Central,MO,784,3582,4404,Republican,No
29081,Harrison County,Missouri,8190,7710,64,99,94.13919413919413,0.7814407814407814,1.208791208791209,North Central,MO,534,3293,3845,Republican,No
29083,Henry County,Missouri,22328,20586,169,36,92.19813686850591,0.7568971694733071,0.16123253314224292,North Central,MO,2535,8286,10932,Republican,No
29085,Hickory County,Missouri,8585,8108,16,39,94.44379732090856,0.186371578334304,0.45428072218986604,North Central,MO,978,4108,5120,Republican,No
29087,Holt County,Missouri,4240,4000,18,16,94.33962264150944,0.42452830188679247,0.37735849056603776,North Central,MO,357,1982,2352,Republican,No
29089,Howard County,Missouri,10147,8779,561,21,86.518182714102693,5.528727702769292,0.20695772149403766,North Central,MO,1341,3534,4956,Republican,No
29091,Howell County,Missouri,40383,37171,216,183,92.04615803679766,0.5348785379986628,0.4531609835822004,North Central,MO,3073,15733,18968,Republican,No
29093,Iron County,Missouri,9446,8723,48,126,92.34596654668643,0.5081515985602372,1.3338979462206226,North Central,MO,824,3644,4518,Republican,No
29095,Jackson County,Missouri,719976,442912,159603,13214,61.51760614242697,22.167822260742025,1.8353389557429691,North Central,MO,91366,99385,193729,Republican,No
29097,Jasper County,Missouri,124357,103636,2211,1651,83.33748803846989,1.7779457529531912,1.3276293252490812,North Central,MO,13943,39084,53807,Republican,No
29099,Jefferson County,Missouri,229458,204876,2315,2358,89.28692832675262,1.0088992321034786,1.0276390450539967,North Central,MO,36965,80796,119314,Republican,No
29101,Johnson County,Missouri,54732,46706,2380,830,85.3358181685303,4.348461594679529,1.5164803040268948,North Central,MO,6960,16298,23602,Republican,No
29103,Knox County,Missouri,3756,3561,24,7,94.80830670926518,0.6389776357827476,0.1863684771033014,North Central,MO,311,1479,1810,Republican,No
29105,Laclede County,Missouri,36390,33231,209,275,91.31904369332234,0.5743336081341027,0.7557021159659247,North Central,MO,2756,14155,17076,Republican,No
29107,Lafayette County,Missouri,33115,30066,514,123,90.79269213347425,1.5521666918314962,0.37143288539936586,North Central,MO,4294,12720,17248,Republican,No
29109,Lawrence County,Missouri,38593,34058,107,187,88.24916435623041,0.2772523514627005,0.4845438291918224,North Central,MO,3248,15001,18427,Republican,No
29111,Lewis County,Missouri,9924,9100,383,50,91.69689641273679,3.859330914953648,0.5038291011688835,North Central,MO,872,3565,4486,Republican,No
29113,Lincoln County,Missouri,63057,58143,1223,203,92.20705076359485,1.9395150419461757,0.3219309513614666,North Central,MO,6908,24866,32133,Republican,No
29115,Linn County,Missouri,11852,11194,97,52,94.44819439757003,0.8184272696591293,0.4387445156935539,North Central,MO,1183,4437,5687,Republican,No
29117,Livingston County,Missouri,14364,13093,434,52,91.15148983570036,3.0214424951267054,0.3620161514898357,North Central,MO,1422,5395,6873,Republican,No
29119,McDonald County,Missouri,23701,16618,466,320,70.11518501329058,1.9661617653263574,1.3501540019408464,North Central,MO,1423,7843,9338,Republican,No
29121,Macon County,Missouri,15163,13958,323,93,92.05302380795356,2.130185319527798,0.6133350920002638,North Central,MO,1481,6300,7839,Republican,No
29123,Madison County,Missouri,12729,11739,35,36,92.22248409144473,0.2749626836357923,0.28281876031110065,North Central,MO,986,4721,5753,Republican,No
29125,Maries County,Missouri,8450,7830,18,0,92.66272189349112,0.21301775147928992,0,North Central,MO,755,3987,4786,Republican,No
29127,Marion County,Missouri,28457,25370,1192,228,89.15205397617459,4.188776048072531,0.8012088414098464,North Central,MO,3032,9991,13153,Republican,No
29129,Mercer County,Missouri,3482,3218,6,31,92.41815048822517,0.17231476163124643,0.8902929350947731,North Central,MO,235,1545,1792,Republican,No
29131,Miller County,Missouri,25269,23799,279,96,94.1825952748427,1.1041196723257747,0.3799121453163956,North Central,MO,2067,10826,13011,Republican,No
29133,Mississippi County,Missouri,11902,8467,2257,76,71.13930431860192,18.96319946227525,0.6385481431692153,North Central,MO,1015,3404,4449,Republican,No
29135,Moniteau County,Missouri,15262,13644,342,72,89.39850609356571,2.240859651421832,0.47175992661512256,North Central,MO,1313,5877,7275,Republican,No
29137,Monroe County,Missouri,8734,8101,309,34,92.75246164414929,3.537897870391573,0.38928326081978476,North Central,MO,857,3476,4378,Republican,No
29139,Montgomery County,Missouri,11426,10635,97,9,93.07719236828287,0.8489410117276388,0.07876772273761597,North Central,MO,1170,4776,5998,Republican,No
29141,Morgan County,Missouri,21717,20126,51,78,92.67394207303035,0.2348390661693604,0.35916563061196294,North Central,MO,1914,7725,9735,Republican,No
29143,New Madrid County,Missouri,15731,11834,2060,49,75.22725827982964,13.095162418155235,0.31148687305320705,North Central,MO,1561,5203,6811,Republican,No
29145,Newton County,Missouri,60118,48846,567,963,81.25020792441532,0.9431451478758441,1.601849695598656,North Central,MO,5867,22923,29097,Republican,No
29147,Nodaway County,Missouri,20774,19125,439,341,92.06219312602292,2.1132184461345913,1.6414749205737944,North Central,MO,2674,6909,9689,Republican,No
29149,Oregon County,Missouri,8673,8061,7,52,92.94361812521619,0.08071025020177562,0.5995618586417618,North Central,MO,696,3884,4613,Republican,No
29151,Osage County,Missouri,13402,13061,37,14,97.45560364124758,0.27607819728398747,0.1044620205939412,North Central,MO,1009,6657,7727,Republican,No
29153,Ozark County,Missouri,8873,8333,24,0,93.91412149216724,0.27048348923701115,0,North Central,MO,698,4044,4780,Republican,No
29155,Pemiscot County,Missouri,14958,9856,3649,26,65.89116192004279,24.39497258991844,0.1738200294156973,North Central,MO,1331,3917,5270,Republican,No
29157,Perry County,Missouri,18976,17862,131,156,94.12942664418212,0.690345699831366,0.8220910623946037,North Central,MO,1757,7986,9824,Republican,No
29159,Pettis County,Missouri,43397,36541,1073,299,84.2016729267,2.472521142014425,0.6889877180450261,North Central,MO,4703,13907,18882,Republican,No
29161,Phelps County,Missouri,45194,39059,1100,1744,86.425189184405,2.4339514094791346,3.8589193255741914,North Central,MO,5379,13658,19300,Republican,No
29163,Pike County,Missouri,17711,15843,878,60,89.45288238947546,4.957371125289368,0.33877251425667665,North Central,MO,1618,6151,7824,Republican,No
29165,Platte County,Missouri,110371,86796,8533,2807,78.64022252222051,7.731197506591406,2.543240525137944,North Central,MO,27566,29381,57817,Republican,No
29167,Polk County,Missouri,32444,29769,239,269,91.75502404142523,0.7366539267661201,0.8291209468622859,North Central,MO,2948,12691,15826,Republican,No
29169,Pulaski County,Missouri,53894,38565,5611,1205,71.55713066389579,10.411177496567337,2.235870412290793,North Central,MO,3765,11579,15549,Republican,No
29171,Putnam County,Missouri,4642,4458,9,0,96.0361912968548,0.1938819474364498,0,North Central,MO,347,2021,2380,Republican,No
29173,Ralls County,Missouri,10428,9688,187,17,92.90372075182202,1.7932489451476792,0.16302263137706177,North Central,MO,1154,4575,5777,Republican,No
29175,Randolph County,Missouri,24365,21611,1203,50,88.69690129283809,4.937410219577262,0.20521239482864767,North Central,MO,2571,8322,11028,Republican,No
29177,Ray County,Missouri,23145,21423,182,76,92.5599481529488,0.7863469431842731,0.3283646575934327,North Central,MO,2927,8602,11662,Republican,No
29179,Reynolds County,Missouri,6010,5503,89,14,91.5640599001664,1.480865224625624,0.23294509151414308,North Central,MO,472,2560,3059,Republican,No
29181,Ripley County,Missouri,10708,9921,34,30,92.65035487485991,0.31751961150541647,0.28016436309301457,North Central,MO,763,5002,5804,Republican,No
29183,St. Charles County,Missouri,414535,348354,21335,12632,84.0348824586585,5.146730674128843,3.0472698324628804,North Central,MO,92226,130588,226166,Republican,No
29185,St. Clair County,Missouri,9587,8960,77,24,93.45989360592469,0.8031709606759153,0.2503390007301554,North Central,MO,959,3982,4990,Republican,No
29186,Ste. Genevieve County,Missouri,18571,17445,227,9,93.93678315653439,1.2223359000592322,0.04846265683054224,North Central,MO,2629,7031,9776,Republican,No
29187,St. Francois County,Missouri,66999,60518,1873,253,90.32672129434768,2.7955641128972077,0.37761757638173704,North Central,MO,6811,21521,28615,Republican,No
29189,St. Louis County,Missouri,995569,618307,240070,48760,62.10589120392459,24.113848462537504,4.897701716304947,North Central,MO,305635,187982,502738,Democratic,No
29195,Saline County,Missouri,23231,18438,1138,144,79.36808574749257,4.898626834832767,0.6198613921053764,North Central,MO,2726,6498,9330,Republican,No
29197,Schuyler County,Missouri,4038,3833,8,22,94.92322932144626,0.1981178801386825,0.5448241703813769,North Central,MO,334,1588,1945,Republican,No
29199,Scotland County,Missouri,4686,4500,6,2,96.03072983354673,0.12804097311139565,0.04268032437046522,North Central,MO,358,1537,1918,Republican,No
29201,Scott County,Missouri,37933,31009,3501,33,81.74676403131838,9.229430838583818,0.0869954920517755,North Central,MO,3525,13786,17421,Republican,No
29203,Shannon County,Missouri,7177,6622,14,30,92.26696391249826,0.19506757698202593,0.41800195067576984,North Central,MO,625,3364,4018,Republican,No
29205,Shelby County,Missouri,5986,5625,98,21,93.96926161042433,1.6371533578349484,0.35081857667891747,North Central,MO,550,2691,3262,Republican,No
29207,Stoddard County,Missouri,28470,26612,316,42,93.47383210396909,1.1099402880224798,0.1475237091675448,North Central,MO,1736,11783,13599,Republican,No
29209,Stone County,Missouri,32048,29929,104,89,93.3880429355966,0.32451323015476785,0.27770843734398404,North Central,MO,3620,15357,19123,Republican,No
29211,Sullivan County,Missouri,5857,4691,157,60,80.09219737066758,2.6805531842240056,1.0244152296397473,North Central,MO,408,2035,2463,Republican,No
29213,Taney County,Missouri,56529,48837,1065,569,86.39282492172158,1.883988749137611,1.0065630030603763,North Central,MO,5329,21236,26824,Republican,No
29215,Texas County,Missouri,25161,22463,912,37,89.2770557608998,3.6246572075831645,0.14705297881642224,North Central,MO,1589,9855,11525,Republican,No
29217,Vernon County,Missouri,19687,18326,177,155,93.08680855386804,0.8990704525829227,0.7873215827703561,North Central,MO,1774,7112,8973,Republican,No
29219,Warren County,Missouri,37177,33419,407,159,89.89159964494176,1.0947628910347795,0.42768378298410303,North Central,MO,4970,14915,20095,Republican,No
29221,Washington County,Missouri,23470,21617,416,31,92.10481465700894,1.7724755006391135,0.13208351086493395,North Central,MO,1747,8424,10237,Republican,No
29223,Wayne County,Missouri,10862,10151,46,30,93.45424415393113,0.42349475234763395,0.2761922297919352,North Central,MO,783,5030,5847,Republican,No
29225,Webster County,Missouri,40500,37143,434,49,91.71111111111111,1.071604938271605,0.12098765432098765,North Central,MO,3653,15984,19814,Republican,No
29227,Worth County,Missouri,1934,1842,2,0,95.24301964839711,0.1034126163391934,0,North Central,MO,190,904,1105,Republican,No
29229,Wright County,Missouri,18965,17449,103,65,92.00632744529396,0.5431057210651199,0.3427366200896388,North Central,MO,1057,7850,8980,Republican,No
29510,St. Louis city,Missouri,288512,131235,121932,10200,45.48684283496007,42.26236690328305,3.5353815439219165,North Central,MO,94458,19342,116271,Democratic,No
30001,Beaverhead County,Montana,9713,8870,52,29,91.32091012045713,0.5353649747760733,0.2985689282405024,West,MT,1543,4058,5794,Republican,No
30003,Big Horn County,Montana,12891,3851,34,25,29.873555193545887,0.2637499030331239,0.19393375223023815,West,MT,2112,2188,4470,Republican,Yes
30005,Blaine County,Montana,6949,3069,29,7,44.16462800402935,0.4173262339905022,0.10073391854943158,West,MT,1348,1526,3019,Republican,Yes
30007,Broadwater County,Montana,7668,6837,17,15,89.16275430359939,0.2217005738132499,0.19561815336463223,West,MT,885,3770,4810,Republican,No
30009,Carbon County,Montana,11116,10137,31,3,91.19287513494062,0.2788772939906441,0.026988125224901044,West,MT,2353,4719,7297,Republican,No
30011,Carter County,Montana,1308,1167,2,0,89.22018348623854,0.1529051987767584,0,West,MT,75,760,854,Republican,No
30013,Cascade County,Montana,84606,70806,1108,924,83.68910006382526,1.3095997919769282,1.092121126161265,West,MT,14021,22419,37583,Republican,No
30015,Chouteau County,Montana,5906,4550,4,8,77.04029800203183,0.06772773450728073,0.13545546901456146,West,MT,940,1885,2934,Republican,No
30017,Custer County,Montana,11961,10817,4,54,90.43558230917147,0.033442019898001836,0.4514672686230248,West,MT,1385,4208,5797,Republican,No
30019,Daniels County,Montana,1494,1369,4,9,91.63319946452476,0.2677376171352075,0.6024096385542169,West,MT,154,778,951,Republican,No
30021,Dawson County,Montana,8827,8188,23,29,92.76084740002266,0.26056417808995125,0.3285374419395038,West,MT,894,3627,4638,Republican,No
30023,Deer Lodge County,Montana,9597,8619,34,23,89.80931541106597,0.3542773783474002,0.2396582265291237,West,MT,2376,2329,4870,Democratic,No
30025,Fallon County,Montana,2760,2545,0,0,92.21014492753623,0,0,West,MT,163,1303,1507,Republican,No
30027,Fergus County,Montana,11687,10868,66,76,92.99221357063404,0.5647300419269274,0.6502951997946437,West,MT,1522,4965,6712,Republican,No
30029,Flathead County,Montana,110695,100831,236,931,91.08902841140069,0.21319842811328427,0.8410497312435069,West,MT,20062,41390,63140,Republican,No
30031,Gallatin County,Montana,124074,110173,555,1560,88.79620226638941,0.44731369988877606,1.2573141834711543,West,MT,34938,32695,69897,Democratic,No
30033,Garfield County,Montana,1094,1058,0,0,96.70932358318099,0,0,West,MT,39,756,800,Republican,No
30035,Glacier County,Montana,13637,4115,34,81,30.175258487937228,0.24932169832074502,0.5939722812935396,West,MT,2933,1939,5078,Democratic,No
30037,Golden Valley County,Montana,899,813,7,0,90.43381535038932,0.778642936596218,0,West,MT,67,440,515,Republican,No
30039,Granite County,Montana,3462,3134,9,32,90.52570768341998,0.25996533795493937,0.924321201617562,West,MT,579,1537,2176,Republican,No
30041,Hill County,Montana,16155,10970,41,27,67.90467347570412,0.2537913958526772,0.1671309192200557,West,MT,2634,3871,6804,Republican,No
30043,Jefferson County,Montana,12774,11717,4,50,91.72537967746986,0.03131360576170346,0.39142007202129325,West,MT,2516,5544,8291,Republican,No
30045,Judith Basin County,Montana,2071,1868,0,0,90.19797199420569,0,0,West,MT,265,1051,1353,Republican,No
30047,Lake County,Montana,32561,21367,71,218,65.6214489726974,0.2180522711218943,0.6695126071066614,West,MT,6510,9880,16910,Republican,No
30049,Lewis and Clark County,Montana,73464,66597,417,359,90.65256452139823,0.567624959163672,0.4886747250353915,West,MT,19085,21479,42023,Republican,No
30051,Liberty County,Montana,1952,1823,0,14,93.39139344262296,0,0.7172131147540983,West,MT,214,752,988,Republican,No
30053,Lincoln County,Montana,21175,19142,12,61,90.39905548996458,0.05667060212514758,0.28807556080283353,West,MT,2615,8909,11789,Republican,No
30055,McCone County,Montana,1670,1538,0,17,92.09580838323353,0,1.0179640718562875,West,MT,129,931,1082,Republican,No
30057,Madison County,Montana,9223,8474,0,42,91.87899815678196,0,0.4553832809281145,West,MT,1689,4615,6461,Republican,No
30059,Meagher County,Montana,2007,1921,15,0,95.71499750871948,0.7473841554559043,0,West,MT,256,888,1172,Republican,No
30061,Mineral County,Montana,4959,4556,9,14,91.87336156483163,0.18148820326678766,0.28231498285944745,West,MT,689,2049,2833,Republican,No
30063,Missoula County,Montana,120672,104875,518,1920,86.90914213736409,0.42926279501458503,1.591089896579157,West,MT,42903,27306,72773,Democratic,No
30065,Musselshell County,Montana,5152,4495,0,0,87.24767080745342,0,0,West,MT,396,2550,3012,Republican,No
30067,Park County,Montana,17710,16159,36,35,91.24223602484473,0.20327498588368154,0.1976284584980237,West,MT,5224,6128,11717,Republican,No
30069,Petroleum County,Montana,447,442,0,3,98.88143176733782,0,0.6711409395973155,West,MT,37,284,324,Republican,No
30071,Phillips County,Montana,4221,3425,34,34,81.14190950011846,0.8054963278843875,0.8054963278843875,West,MT,385,1753,2189,Republican,No
30073,Pondera County,Montana,6035,4788,1,60,79.33719966859984,0.016570008285004142,0.9942004971002486,West,MT,782,1972,2852,Republican,No
30075,Powder River County,Montana,1815,1642,0,17,90.46831955922865,0,0.9366391184573003,West,MT,131,963,1106,Republican,No
30077,Powell County,Montana,7053,6148,28,107,87.16858074578194,0.3969941868708351,1.5170849283992627,West,MT,710,2466,3282,Republican,No
30079,Prairie County,Montana,1250,1108,0,34,88.64,0,2.7199999999999998,West,MT,122,546,688,Republican,No
30081,Ravalli County,Montana,46727,42013,181,319,89.9116142701222,0.3873563464378197,0.6826888094677596,West,MT,8485,20617,29904,Republican,No
30083,Richland County,Montana,11235,10086,30,48,89.77303070761015,0.26702269692923897,0.4272363150867824,West,MT,778,4387,5309,Republican,No
30085,Roosevelt County,Montana,10526,3434,7,100,32.62397871936158,0.0665019950598518,0.9500285008550257,West,MT,1680,2055,3914,Republican,No
30087,Rosebud County,Montana,8165,4365,5,186,53.45988977342315,0.0612369871402327,2.2780159216166567,West,MT,1095,2466,3693,Republican,No
30089,Sanders County,Montana,13285,11846,33,60,89.1682348513361,0.24840045163718477,0.45163718479488146,West,MT,1705,6150,8069,Republican,No
30091,Sheridan County,Montana,3669,3321,0,24,90.51512673753066,0,0.6541291905151267,West,MT,509,1321,1912,Republican,No
30093,Silver Bow County,Montana,35785,32554,19,141,90.97107726701131,0.05309487215313679,0.39401984071538354,West,MT,9386,8110,18226,Democratic,No
30095,Stillwater County,Montana,9182,8543,4,34,93.04073186669571,0.04356349379220214,0.37028969723371813,West,MT,1056,4699,5906,Republican,No
30097,Sweet Grass County,Montana,3720,3376,39,7,90.75268817204301,1.0483870967741937,0.1881720430107527,West,MT,525,1789,2381,Republican,No
30099,Teton County,Montana,6353,5819,17,0,91.59452227294192,0.26759011490634343,0,West,MT,927,2533,3568,Republican,No
30101,Toole County,Montana,5061,4221,85,67,83.40248962655602,1.679509978265165,1.3238490416913653,West,MT,415,1571,2046,Republican,No
30103,Treasure County,Montana,732,686,0,7,93.71584699453553,0,0.9562841530054645,West,MT,57,367,442,Republican,No
30105,Valley County,Montana,7519,6356,30,2,84.5325176220242,0.39898922729086317,0.026599281819390877,West,MT,935,3019,4079,Republican,No
30107,Wheatland County,Montana,2056,1967,20,7,95.67120622568093,0.9727626459143969,0.3404669260700389,West,MT,209,843,1086,Republican,No
30109,Wibaux County,Montana,1193,1100,7,1,92.20452640402347,0.586756077116513,0.08382229673093043,West,MT,71,463,546,Republican,No
30111,Yellowstone County,Montana,168957,144550,1146,1298,85.5543126357594,0.6782790887622294,0.768242807341513,West,MT,28392,50460,81391,Republican,No
31001,Adams County,Nebraska,31052,26118,480,300,84.11052428184979,1.5457941517454592,0.966121344840912,North Central,NE,4100,10077,14364,Republican,No
31003,Antelope County,Nebraska,6305,5880,52,19,93.25931800158604,0.8247422680412372,0.30134813639968283,North Central,NE,396,3032,3447,Republican,No
31005,Arthur County,Nebraska,484,450,0,0,92.97520661157024,0,0,North Central,NE,17,264,282,Republican,No
31007,Banner County,Nebraska,742,637,0,0,85.84905660377359,0,0,North Central,NE,34,348,386,Republican,No
31009,Blaine County,Nebraska,422,422,0,0,100,0,0,North Central,NE,37,250,291,Republican,No
31011,Boone County,Nebraska,5356,5039,1,10,94.08140403286033,0.018670649738610906,0.18670649738610903,North Central,NE,496,2499,3031,Republican,No
31013,Box Butte County,Nebraska,10714,8735,15,43,81.52884076908717,0.14000373343289155,0.40134403584095574,North Central,NE,1043,3827,4931,Republican,No
31015,Boyd County,Nebraska,1688,1539,3,3,91.17298578199052,0.17772511848341233,0.17772511848341233,North Central,NE,132,938,1075,Republican,No
31017,Brown County,Nebraska,2869,2540,2,1,88.53258975252702,0.06971070059254096,0.03485535029627048,North Central,NE,201,1428,1642,Republican,No
31019,Buffalo County,Nebraska,50579,43775,467,827,86.54777674528955,0.9233080922912671,1.6350659364558415,North Central,NE,6386,17064,23759,Republican,No
31021,Burt County,Nebraska,6740,6155,14,10,91.32047477744807,0.20771513353115725,0.1483679525222552,North Central,NE,983,2632,3656,Republican,No
31023,Butler County,Nebraska,8424,7637,21,0,90.65764482431149,0.24928774928774927,0,North Central,NE,906,3642,4587,Republican,No
31025,Cass County,Nebraska,27161,24765,82,77,91.17852803652295,0.3019034645263429,0.2834947166893708,North Central,NE,4824,10685,15755,Republican,No
31027,Cedar County,Nebraska,8315,7945,12,24,95.55021046301863,0.14431749849669273,0.28863499699338546,North Central,NE,702,4141,4912,Republican,No
31029,Chase County,Nebraska,3671,2888,13,61,78.67066194497411,0.3541269408880414,1.6616725687823481,North Central,NE,204,1648,1866,Republican,No
31031,Cherry County,Nebraska,5498,4613,55,95,83.90323754092397,1.000363768643143,1.7279010549290652,North Central,NE,349,2687,3069,Republican,No
31033,Cheyenne County,Nebraska,9533,8674,79,127,90.98919542641352,0.8287003042064409,1.332214413091367,North Central,NE,787,3692,4530,Republican,No
31035,Clay County,Nebraska,6095,5383,44,2,88.31829368334701,0.7219031993437244,0.03281378178835111,North Central,NE,577,2677,3310,Republican,No
31037,Colfax County,Nebraska,10641,5393,478,21,50.68132694295648,4.492059017009679,0.19734987313222443,North Central,NE,845,2636,3516,Republican,No
31039,Cuming County,Nebraska,8975,7746,34,27,86.30640668523677,0.3788300835654596,0.3008356545961003,North Central,NE,867,3536,4445,Republican,No
31041,Custer County,Nebraska,10518,9661,54,11,91.85206312987259,0.513405590416429,0.1045826202700133,North Central,NE,786,5042,5886,Republican,No
31043,Dakota County,Nebraska,21354,9548,1852,646,44.71293434485342,8.672848178327246,3.025194342980238,North Central,NE,2109,3934,6120,Republican,No
31045,Dawes County,Nebraska,8140,7103,38,89,87.26044226044226,0.46683046683046686,1.0933660933660934,North Central,NE,992,2812,3868,Republican,No
31047,Dawson County,Nebraska,24202,14319,1754,198,59.16453185687133,7.247334930997439,0.8181142054375671,North Central,NE,2101,6312,8491,Republican,No
31049,Deuel County,Nebraska,1847,1617,0,8,87.54737412019492,0,0.4331348132106118,North Central,NE,151,843,1012,Republican,No
31051,Dixon County,Nebraska,5545,4583,18,4,82.65103697024347,0.3246167718665464,0.0721370604147881,North Central,NE,573,2271,2895,Republican,No
31053,Dodge County,Nebraska,37351,30316,190,172,81.16516291397821,0.5086878530695296,0.4604963722524163,North Central,NE,5434,10795,16443,Republican,No
31055,Douglas County,Nebraska,590736,405474,62368,25957,68.63878280653287,10.557677202675984,4.394010183906178,North Central,NE,148733,120919,273403,Democratic,No
31057,Dundy County,Nebraska,1736,1606,10,0,92.51152073732719,0.5760368663594471,0,North Central,NE,96,829,929,Republican,No
31059,Fillmore County,Nebraska,5541,5197,34,7,93.79173434398123,0.6136076520483668,0.12633098718642843,North Central,NE,662,2315,3013,Republican,No
31061,Franklin County,Nebraska,2846,2667,5,0,93.71047083626142,0.17568517217146873,0,North Central,NE,236,1351,1600,Republican,No
31063,Frontier County,Nebraska,2569,2362,7,10,91.94239003503309,0.2724795640326975,0.3892565200467108,North Central,NE,185,1213,1410,Republican,No
31065,Furnas County,Nebraska,4568,4248,17,7,92.99474605954467,0.37215411558669004,0.1532399299474606,North Central,NE,358,2043,2413,Republican,No
31067,Gage County,Nebraska,21629,20242,140,144,93.58731332932638,0.6472791160016644,0.6657728050302834,North Central,NE,3242,7523,10916,Republican,No
31069,Garden County,Nebraska,1761,1650,1,8,93.69676320272572,0.05678591709256105,0.4542873367404884,North Central,NE,162,949,1117,Republican,No
31071,Garfield County,Nebraska,1718,1691,4,0,98.42840512223515,0.23282887077997672,0,North Central,NE,116,893,1015,Republican,No
31073,Gosper County,Nebraska,2040,1869,0,12,91.61764705882352,0,0.5882352941176471,North Central,NE,203,907,1118,Republican,No
31075,Grant County,Nebraska,626,601,1,5,96.00638977635782,0.1597444089456869,0.7987220447284344,North Central,NE,15,351,366,Republican,No
31077,Greeley County,Nebraska,2202,2037,13,0,92.50681198910081,0.5903723887375113,0,North Central,NE,192,1030,1235,Republican,No
31079,Hall County,Nebraska,62536,40392,2454,667,64.58999616221057,3.924139695535372,1.0665856466675194,North Central,NE,6956,15566,22804,Republican,No
31081,Hamilton County,Nebraska,9464,8724,20,43,92.18089602704987,0.2113271344040575,0.45435333896872365,North Central,NE,1067,4416,5547,Republican,No
31083,Harlan County,Nebraska,2847,2696,4,33,94.69617140850018,0.14049877063575694,1.1591148577449948,North Central,NE,280,1506,1802,Republican,No
31085,Hayes County,Nebraska,843,789,0,0,93.59430604982207,0,0,North Central,NE,19,472,494,Republican,No
31087,Hitchcock County,Nebraska,2569,2422,1,17,94.27792915531336,0.038925652004671074,0.6617360840794083,North Central,NE,152,1269,1433,Republican,No
31089,Holt County,Nebraska,10102,9279,42,17,91.85309839635715,0.4157592555929519,0.1682835082161948,North Central,NE,681,4708,5442,Republican,No
31091,Hooker County,Nebraska,647,575,10,0,88.87171561051005,1.545595054095827,0,North Central,NE,55,369,427,Republican,No
31093,Howard County,Nebraska,6534,6023,42,4,92.17936945209672,0.642791551882461,0.061218243036424855,North Central,NE,642,2868,3550,Republican,No
31095,Jefferson County,Nebraska,7161,6664,22,2,93.0596285434995,0.30721966205837176,0.027929060187124703,North Central,NE,968,2614,3631,Republican,No
31097,Johnson County,Nebraska,5261,4153,246,44,78.93936513970729,4.675917126021669,0.8363429005892415,North Central,NE,625,1496,2152,Republican,No
31099,Kearney County,Nebraska,6713,6185,1,36,92.13466408461196,0.014896469536719798,0.5362729033219127,North Central,NE,736,2828,3604,Republican,No
31101,Keith County,Nebraska,8219,7190,91,59,87.48022873828933,1.1071906557975422,0.717848886725879,North Central,NE,731,3416,4199,Republican,No
31103,Keya Paha County,Nebraska,822,765,1,0,93.06569343065694,0.12165450121654502,0,North Central,NE,44,500,544,Republican,No
31105,Kimball County,Nebraska,3248,2733,54,22,84.14408866995073,1.66256157635468,0.6773399014778325,North Central,NE,272,1424,1720,Republican,No
31107,Knox County,Nebraska,8363,7173,56,36,85.77065646299175,0.6696161664474471,0.4304675355733588,North Central,NE,786,3593,4436,Republican,No
31109,Lancaster County,Nebraska,326696,263393,12246,13336,80.6232705634596,3.7484389156892033,4.082082425251611,North Central,NE,81012,74215,157633,Democratic,No
31111,Lincoln County,Nebraska,33802,29842,281,249,88.28471688065795,0.8313117567007869,0.7366428022010532,North Central,NE,3586,12674,16464,Republican,No
31113,Logan County,Nebraska,773,693,13,0,89.65071151358343,1.6817593790426906,0,North Central,NE,25,409,440,Republican,No
31115,Loup County,Nebraska,578,506,0,0,87.5432525951557,0,0,North Central,NE,73,354,428,Republican,No
31117,McPherson County,Nebraska,475,439,0,0,92.42105263157895,0,0,North Central,NE,12,267,283,Republican,No
31119,Madison County,Nebraska,35532,28292,283,447,79.62400090059664,0.7964651581672859,1.2580209388720027,North Central,NE,3360,12145,15690,Republican,No
31121,Merrick County,Nebraska,7724,7114,0,57,92.10253754531331,0,0.7379596064215432,North Central,NE,730,3551,4342,Republican,No
31123,Morrill County,Nebraska,4534,3748,3,13,82.66431407146008,0.06616674018526687,0.2867225408028231,North Central,NE,366,2026,2426,Republican,No
31125,Nance County,Nebraska,3324,3138,5,5,94.40433212996389,0.15042117930204574,0.15042117930204574,North Central,NE,352,1462,1837,Republican,No
31127,Nemaha County,Nebraska,7046,6321,88,10,89.7104740278172,1.2489355662787396,0.1419244961680386,North Central,NE,915,2443,3418,Republican,No
31129,Nuckolls County,Nebraska,4087,3835,6,0,93.83410814778567,0.14680694886224616,0,North Central,NE,399,1836,2258,Republican,No
31131,Otoe County,Nebraska,16241,14064,169,34,86.59565297703344,1.040576319192168,0.20934671510374975,North Central,NE,2463,5651,8198,Republican,No
31133,Pawnee County,Nebraska,2530,2403,3,0,94.98023715415019,0.11857707509881424,0,North Central,NE,284,1085,1379,Republican,No
31135,Perkins County,Nebraska,2821,2553,0,16,90.49982275788727,0,0.5671747607231479,North Central,NE,187,1224,1426,Republican,No
31137,Phelps County,Nebraska,9009,8117,77,14,90.09879009879009,0.8547008547008548,0.1554001554001554,North Central,NE,758,4158,4965,Republican,No
31139,Pierce County,Nebraska,7325,6897,29,15,94.15699658703072,0.3959044368600682,0.20477815699658702,North Central,NE,446,3420,3897,Republican,No
31141,Platte County,Nebraska,34716,26213,252,72,75.50697084917617,0.7258900795022468,0.20739716557207052,North Central,NE,3191,12326,15658,Republican,No
31143,Polk County,Nebraska,5225,4757,10,11,91.04306220095694,0.19138755980861244,0.21052631578947367,North Central,NE,501,2296,2819,Republican,No
31145,Red Willow County,Nebraska,10557,9385,103,27,88.8983612768779,0.9756559628682391,0.2557544757033248,North Central,NE,815,4457,5323,Republican,No
31147,Richardson County,Nebraska,7751,7057,76,9,91.04631660430911,0.9805186427557735,0.11611404980002579,North Central,NE,934,2962,3942,Republican,No
31149,Rock County,Nebraska,1319,1300,1,0,98.55951478392721,0.0758150113722517,0,North Central,NE,85,745,834,Republican,No
31151,Saline County,Nebraska,14650,10335,61,346,70.54607508532423,0.416382252559727,2.361774744027304,North Central,NE,1855,3734,5655,Republican,No
31153,Sarpy County,Nebraska,197389,156792,8171,5476,79.4329977860975,4.139541717116962,2.7742174082648985,North Central,NE,43825,55567,100735,Republican,No
31155,Saunders County,Nebraska,23048,21415,55,189,92.914786532454,0.23863241929885456,0.8200277681360638,North Central,NE,3558,9854,13565,Republican,No
31157,Scotts Bluff County,Nebraska,35843,27159,202,239,75.7721172892894,0.5635688976927155,0.6667968641017772,North Central,NE,3856,11033,15040,Republican,No
31159,Seward County,Nebraska,17641,16660,144,94,94.43909075449237,0.8162802562213026,0.532849611700017,North Central,NE,2388,6667,9184,Republican,No
31161,Sheridan County,Nebraska,5014,4075,40,70,81.27243717590747,0.7977662544874352,1.3960909453530115,North Central,NE,362,2102,2484,Republican,No
31163,Sherman County,Nebraska,2967,2783,9,16,93.7984496124031,0.3033367037411527,0.5392652510953826,North Central,NE,328,1344,1687,Republican,No
31165,Sioux County,Nebraska,1171,1128,1,2,96.32792485055508,0.08539709649871904,0.1707941929974381,North Central,NE,77,597,678,Republican,No
31167,Stanton County,Nebraska,5796,5173,8,66,89.25120772946859,0.13802622498274672,1.1387163561076603,North Central,NE,492,2536,3064,Republican,No
31169,Thayer County,Nebraska,4901,4617,3,4,94.20526423178943,0.0612119975515201,0.08161599673536013,North Central,NE,544,2278,2852,Republican,No
31171,Thomas County,Nebraska,564,503,11,0,89.18439716312056,1.950354609929078,0,North Central,NE,44,348,393,Republican,No
31173,Thurston County,Nebraska,6627,2418,18,93,36.48709823449525,0.2716161158895428,1.403349932095971,North Central,NE,978,1125,2123,Republican,No
31175,Valley County,Nebraska,4066,3876,7,6,95.32710280373831,0.1721593703885883,0.14756517461878996,North Central,NE,403,1872,2299,Republican,No
31177,Washington County,Nebraska,21106,19814,56,45,93.87851795697905,0.2653273950535393,0.21320951388230833,North Central,NE,3538,8855,12545,Republican,No
31179,Wayne County,Nebraska,9844,8496,101,30,86.30637952052011,1.026005688744413,0.304754164973588,North Central,NE,1006,3011,4073,Republican,No
31181,Webster County,Nebraska,3360,3072,6,28,91.42857142857143,0.17857142857142858,0.8333333333333334,North Central,NE,296,1449,1763,Republican,No
31183,Wheeler County,Nebraska,847,809,0,0,95.51357733175915,0,0,North Central,NE,57,424,486,Republican,No
31185,York County,Nebraska,14286,12732,191,73,89.12221755564889,1.3369732605347895,0.5109897802043959,North Central,NE,1648,5234,6984,Republican,No
32001,Churchill County,Nevada,25805,19150,654,608,74.21042433636892,2.5343925595814767,2.3561325324549505,West,NV,3179,9962,13503,Republican,No
32003,Clark County,Nevada,2329548,1016671,280163,250287,43.64241475170291,12.026496127145696,10.744015577270783,West,NV,520187,493052,1031223,Democratic,No
32005,Douglas County,Nevada,49623,39502,134,1161,79.60421578703424,0.2700360719827499,2.339640892328154,West,NV,11553,23237,35556,Republican,No
32007,Elko County,Nevada,54047,35597,436,802,65.86304512738911,0.8067052750383925,1.4838936481210798,West,NV,4632,17352,22465,Republican,No
32009,Esmeralda County,Nevada,1028,730,3,12,71.01167315175097,0.2918287937743191,1.1673151750972763,West,NV,73,376,461,Republican,No
32011,Eureka County,Nevada,1585,1323,2,43,83.47003154574134,0.12618296529968456,2.7129337539432177,West,NV,104,910,1036,Republican,No
32013,Humboldt County,Nevada,17289,11831,143,265,68.43079414656718,0.8271155069697494,1.5327664989299554,West,NV,1711,6141,8030,Republican,No
32015,Lander County,Nevada,5770,4480,71,36,77.64298093587522,1.2305025996533796,0.6239168110918544,West,NV,482,2180,2725,Republican,No
32017,Lincoln County,Nevada,4405,3761,123,2,85.38024971623156,2.7922814982973896,0.04540295119182747,West,NV,314,2108,2472,Republican,No
32019,Lyon County,Nevada,61680,45797,836,804,74.2493514915694,1.3553826199740597,1.3035019455252919,West,NV,8954,23861,33541,Republican,No
32021,Mineral County,Nevada,4542,2639,144,4,58.10215763980625,3.1704095112285335,0.08806693086745927,West,NV,711,1528,2295,Republican,No
32023,Nye County,Nevada,54344,39769,1565,1037,73.18011187987634,2.879802738112763,1.9082143382894157,West,NV,7559,18946,26997,Republican,No
32027,Pershing County,Nevada,6487,4653,309,58,71.72807152767072,4.763372899645445,0.894095884075844,West,NV,496,1764,2308,Republican,No
32029,Storey County,Nevada,4140,3331,91,55,80.45893719806763,2.1980676328502415,1.328502415458937,West,NV,913,2108,3075,Republican,No
32031,Washoe County,Nevada,497200,311168,11837,28668,62.58407079646018,2.3807320997586485,5.765888978278358,West,NV,130071,127443,263734,Democratic,No
32033,White Pine County,Nevada,8735,6567,520,45,75.18030910131654,5.953062392673154,0.5151688609044075,West,NV,883,3364,4351,Republican,No
32510,Carson City,Nevada,58384,39667,1037,1468,67.94155933132366,1.7761715538503702,2.514387503425596,West,NV,13375,16873,31068,Republican,No
33001,Belknap County,New Hampshire,64659,60232,342,744,93.15331199059682,0.5289286874217046,1.1506518814086206,Northeast,NH,17469,22765,40676,Republican,No
33003,Carroll County,New Hampshire,51804,48863,310,427,94.32283221372867,0.5984093892363525,0.8242606748513629,Northeast,NH,16822,17426,34658,Republican,Yes
33005,Cheshire County,New Hampshire,77297,71103,591,672,91.98675239660012,0.7645833602856514,0.8693739731166797,Northeast,NH,24579,20083,45389,Democratic,No
33007,Coos County,New Hampshire,31271,29158,690,45,93.24294074382016,2.2065172204278722,0.14390329698442647,Northeast,NH,7367,9734,17322,Republican,No
33009,Grafton County,New Hampshire,92120,81303,1042,3242,88.25770733825445,1.131133304385584,3.519322622666088,Northeast,NH,32993,21909,55895,Democratic,No
33011,Hillsborough County,New Hampshire,426378,347760,10520,18375,81.56143140593558,2.467294278785491,4.3095563091904365,Northeast,NH,118776,112057,234440,Democratic,No
33013,Merrimack County,New Hampshire,155967,141669,2533,2362,90.83267614303026,1.6240615001891425,1.5144229227977712,Northeast,NH,48181,43364,92978,Democratic,No
33015,Rockingham County,New Hampshire,319082,288970,2437,6262,90.56292739797294,0.7637535179044885,1.9625049360352511,Northeast,NH,97611,102539,202922,Republican,Yes
33017,Strafford County,New Hampshire,132575,116964,1534,3618,88.2247784273053,1.1570808976051292,2.7290213086931923,Northeast,NH,42373,33162,76688,Democratic,No
33019,Sullivan County,New Hampshire,43715,40275,339,125,92.13084753517099,0.7754775248770445,0.2859430401464028,Northeast,NH,12317,12484,25221,Republican,Yes
34001,Atlantic County,New Jersey,276270,155037,37110,21681,56.11792811380172,13.432511673363015,7.847757628406993,Northeast,NJ,61879,65817,129759,Republican,Yes
34003,Bergen County,New Jersey,962316,530150,56128,162461,55.09105117237997,5.832595529950661,16.88229230315198,Northeast,NJ,232660,217096,459077,Democratic,No
34005,Burlington County,New Jersey,467805,301052,76226,27207,64.35416466262652,16.294396169344065,5.815884823804791,Northeast,NJ,132275,94116,229466,Democratic,No
34007,Camden County,New Jersey,527257,287612,101050,31500,54.54873050523749,19.165226824869087,5.974316130463891,Northeast,NJ,155522,87767,246954,Democratic,No
34009,Cape May County,New Jersey,94941,80838,3529,687,85.14551142288369,3.717045322884739,0.7236072929503586,Northeast,NJ,21648,32151,54568,Republican,No
34011,Cumberland County,New Jersey,153305,71835,26429,2290,46.85757150777861,17.23948990574345,1.4937542806823,Northeast,NJ,26577,28675,55885,Republican,Yes
34013,Essex County,New Jersey,863002,259184,312703,52093,30.032838857847377,36.23433085902466,6.036254840660856,Northeast,NJ,224596,83908,313283,Democratic,No
34015,Gloucester County,New Jersey,306954,232690,33266,9702,75.80614684936505,10.837454472005577,3.1607341816689143,Northeast,NJ,78708,83326,164635,Republican,Yes
34017,Hudson County,New Jersey,718323,231594,85703,122062,32.240927827732094,11.93098369396497,16.992634232789428,Northeast,NJ,144765,79913,231181,Democratic,No
34019,Hunterdon County,New Jersey,130160,105731,3336,6436,81.23156115550091,2.56299938537185,4.944683466502766,Northeast,NJ,36995,42391,80925,Republican,No
34021,Mercer County,New Jersey,385864,178342,71211,48018,46.21887504405697,18.45494785727614,12.44428088652997,Northeast,NJ,107558,52274,163270,Democratic,No
34023,Middlesex County,New Jersey,871290,356769,90902,222566,40.9472161966739,10.433036072949305,25.544422637698126,Northeast,NJ,191802,162459,365187,Democratic,No
34025,Monmouth County,New Jersey,645353,480349,38675,35205,74.43197753787462,5.992844226338144,5.455154000988606,Northeast,NJ,156382,197409,360143,Republican,No
34027,Morris County,New Jersey,514528,351230,16796,55451,68.26256297033397,3.264351016854282,10.777061695379066,Northeast,NJ,135672,143439,284666,Republican,Yes
34029,Ocean County,New Jersey,654362,545002,19905,12621,83.28753809053704,3.0418942420250565,1.9287489187941844,Northeast,NJ,105789,227232,337135,Republican,No
34031,Passaic County,New Jersey,521012,215130,53332,28629,41.2907956054755,10.236232562781664,5.4948830353235625,Northeast,NJ,95156,100954,202767,Republican,Yes
34033,Salem County,New Jersey,65275,47420,9595,632,72.64649559555725,14.699348908464192,0.9682114132516277,Northeast,NJ,12275,18229,31001,Republican,No
34035,Somerset County,New Jersey,349846,180538,33390,68731,51.60499191072644,9.544199447757013,19.646072843479704,Northeast,NJ,98790,74101,177412,Democratic,No
34037,Sussex County,New Jersey,145807,119960,2701,2917,82.27314189305041,1.8524487850377551,2.000589820790497,Northeast,NJ,31019,52123,84629,Republican,No
34039,Union County,New Jersey,579290,228008,115397,32637,39.35990609194013,19.920419824267636,5.633965716653144,Northeast,NJ,147327,89063,240632,Democratic,No
34041,Warren County,New Jersey,110849,85215,6677,3381,76.87484776587971,6.023509458813341,3.050095174516685,Northeast,NJ,23318,35772,60150,Republican,No
35001,Bernalillo County,New Mexico,673930,333021,20717,20480,49.41477601531316,3.0740581366017246,3.038891279509741,West,NM,368234,237524,310844,Democratic,No
35003,Catron County,New Mexico,3743,2914,66,12,77.8519903820465,1.7632914774245259,0.32059845044082286,West,NM,1142,3504,2354,Republican,No
35005,Chaves County,New Mexico,64217,34497,1054,1005,53.71942009125309,1.6413099335067036,1.5650061510192006,West,NM,11882,31788,22200,Republican,No
35006,Cibola County,New Mexico,26845,8141,522,211,30.32594524119948,1.9444961817843176,0.7859936673495995,West,NM,8900,8622,8977,Democratic,No
35007,Colfax County,New Mexico,12322,7741,84,28,62.82259373478332,0.6817075150137965,0.22723583833793218,West,NM,4872,6504,5813,Republican,No
35009,Curry County,New Mexico,47638,25586,2914,729,53.70922372895588,6.116965447751794,1.5302909442042067,West,NM,8460,21428,15223,Republican,No
35011,De Baca County,New Mexico,1576,672,1,0,42.63959390862944,0.06345177664974619,0,West,NM,412,1298,867,Republican,No
35013,Doña Ana County,New Mexico,224266,91627,3907,2728,40.8563937467115,1.7421276519846967,1.2164126528319048,West,NM,91874,75188,85407,Democratic,No
35015,Eddy County,New Mexico,61105,34593,877,359,56.61238851157842,1.4352344325341624,0.5875132967842238,West,NM,10064,36282,23472,Republican,No
35017,Grant County,New Mexico,27775,17283,221,250,62.225022502250226,0.7956795679567956,0.9000900090009001,West,NM,14602,13160,14224,Democratic,No
35019,Guadalupe County,New Mexico,4381,1769,83,72,40.37890892490299,1.8945446245149509,1.6434603971695958,West,NM,1918,1890,1928,Democratic,No
35021,Harding County,New Mexico,741,396,13,0,53.441295546558706,1.7543859649122806,0,West,NM,256,594,425,Republican,No
35023,Hidalgo County,New Mexico,4041,2252,0,39,55.72878000494927,0,0.9651076466221231,West,NM,1410,2280,1861,Republican,No
35025,Lea County,New Mexico,73733,31609,2525,788,42.86954280986804,3.4245181940243854,1.0687209255014716,West,NM,7860,33994,21209,Republican,No
35027,Lincoln County,New Mexico,20224,14070,205,106,69.57080696202532,1.0136471518987342,0.5241297468354431,West,NM,6066,13884,10165,Republican,No
35028,Los Alamos County,New Mexico,19435,14526,168,962,74.74144584512477,0.8644198610753795,4.949832775919733,West,NM,15452,8094,12187,Democratic,No
35029,Luna County,New Mexico,25611,10264,384,291,40.076529616180544,1.499355745578072,1.1362305259458825,West,NM,6352,9396,8056,Republican,No
35031,McKinley County,New Mexico,70431,6884,326,982,9.774105152560661,0.46286436370348283,1.3942724084565035,West,NM,31422,18728,25867,Democratic,No
35033,Mora County,New Mexico,4149,1849,26,0,44.564955410942396,0.6266570257893469,0,West,NM,2878,2020,2479,Democratic,No
35035,Otero County,New Mexico,68816,37156,2478,1035,53.99325738200419,3.600906765868403,1.5040106951871657,West,NM,17164,30234,24242,Republican,No
35037,Quay County,New Mexico,8564,5295,59,0,61.82858477347034,0.6889304063521718,0,West,NM,2110,5140,3700,Republican,No
35039,Rio Arriba County,New Mexico,40070,8691,272,252,21.689543299226354,0.6788120788619915,0.6288994260044921,West,NM,18746,12536,15989,Democratic,No
35041,Roosevelt County,New Mexico,18928,11756,120,121,62.109044801352496,0.6339814032121724,0.639264581572274,West,NM,3640,9374,6639,Republican,No
35043,Sandoval County,New Mexico,153604,78213,3501,2084,50.91859586989922,2.279237519856254,1.3567355016796436,West,NM,82410,73210,79540,Democratic,No
35045,San Juan County,New Mexico,120942,48274,759,962,39.91500057878984,0.6275735476509402,0.7954225992624565,West,NM,34928,68528,52926,Republican,No
35047,San Miguel County,New Mexico,26850,10927,463,97,40.696461824953445,1.7243947858472997,0.3612662942271881,West,NM,13970,7774,11108,Democratic,No
35049,Santa Fe County,New Mexico,156105,88445,1540,2271,56.65737804682745,0.9865154863713526,1.4547900451619102,West,NM,122810,40914,83719,Democratic,No
35051,Sierra County,New Mexico,11500,7971,25,18,69.31304347826087,0.21739130434782608,0.1565217391304348,West,NM,4664,6946,5953,Republican,No
35053,Socorro County,New Mexico,16200,6842,64,294,42.23456790123456,0.39506172839506176,1.8148148148148149,West,NM,6768,7302,7233,Republican,Yes
35055,Taos County,New Mexico,34543,19242,122,259,55.70448426598732,0.35318298931766207,0.7497901166661842,West,NM,24076,8278,16636,Democratic,No
35057,Torrance County,New Mexico,15490,9521,384,37,61.46546158812137,2.4790187217559714,0.23886378308586184,West,NM,4288,9760,7179,Republican,No
35059,Union County,New Mexico,4013,2559,43,0,63.76775479691005,1.071517567904311,0,West,NM,756,2494,1663,Republican,No
35061,Valencia County,New Mexico,78458,37987,850,656,48.416987432766575,1.0833821917459023,0.8361161385709551,West,NM,27218,38114,33277,Republican,No
36001,Albany County,New York,317018,219405,39144,24574,69.20900390514103,12.347563860727151,7.751610318656985,Northeast,NY,92589,54560,148577,Democratic,No
36003,Allegany County,New York,47159,44015,776,653,93.33319196759898,1.6454971479463092,1.3846773680527578,Northeast,NY,5483,13826,19376,Republican,No
36005,Bronx County,New York,1404779,185302,458723,58435,13.190829304823037,32.6544602389415,4.159729039229658,Northeast,NY,261670,98174,362890,Democratic,No
36007,Broome County,New York,197378,158412,11092,10089,80.25818480276425,5.619673925158832,5.111511921288087,Northeast,NY,45142,44763,90459,Democratic,No
36009,Cattaraugus County,New York,76145,67496,1138,665,88.64140784030468,1.4945170398581653,0.8733337710946221,Northeast,NY,11424,22586,34107,Republican,No
36011,Cayuga County,New York,75102,65756,2551,493,87.55559106282122,3.3967138025618495,0.6564405741524859,Northeast,NY,15772,20482,36343,Republican,No
36013,Chautauqua County,New York,125544,108193,3286,876,86.17934747976805,2.6174090358758684,0.6977633339705601,Northeast,NY,22085,34528,56751,Republican,No
36015,Chemung County,New York,82147,69816,5355,1271,84.98910489731823,6.518801660437995,1.5472263138033038,Northeast,NY,15572,21861,37560,Republican,No
36017,Chenango County,New York,46321,42977,341,233,92.78081215863216,0.7361671811921159,0.5030115930139678,Northeast,NY,8177,14294,22540,Republican,No
36019,Clinton County,New York,78493,69894,2559,1240,89.04488298319595,3.260163326666072,1.5797587045978623,Northeast,NY,17478,18247,35817,Republican,Yes
36021,Columbia County,New York,61100,50909,2208,1323,83.32078559738135,3.613747954173486,2.165302782324059,Northeast,NY,20396,15168,35897,Democratic,No
36023,Cortland County,New York,46246,41609,861,656,89.9731868702158,1.861782640660814,1.4185010595510963,Northeast,NY,10290,11706,22063,Republican,No
36025,Delaware County,New York,44487,39970,481,405,89.84647200305707,1.0812147368894285,0.910378312765527,Northeast,NY,9237,13789,23156,Republican,No
36027,Dutchess County,New York,298220,205306,29357,10300,68.84380658574207,9.844074844074845,3.4538260344711955,Northeast,NY,79994,71778,152659,Democratic,No
36029,Erie County,New York,950622,699174,118588,46784,73.54910784728315,12.474779670573582,4.921409350930233,Northeast,NY,248651,204774,456550,Democratic,No
36031,Essex County,New York,36973,34284,817,234,92.72712519946988,2.209720606929381,0.6328942742000919,Northeast,NY,9629,9533,19236,Democratic,No
36033,Franklin County,New York,46696,39221,1659,314,83.99220489977728,3.5527668322768546,0.672434469761864,Northeast,NY,8821,10569,19458,Republican,No
36035,Fulton County,New York,52487,46574,785,479,88.73435326842836,1.4956084363747215,0.9126069312401166,Northeast,NY,7666,16237,23953,Republican,No
36037,Genesee County,New York,57787,51363,1315,384,88.88331285583263,2.275598317960787,0.664509318704899,Northeast,NY,9367,18997,28444,Republican,No
36039,Greene County,New York,47409,40117,2251,575,84.6189542070071,4.748043620409627,1.2128498808243162,Northeast,NY,10436,14702,25310,Republican,No
36041,Hamilton County,New York,5089,4664,81,17,91.64865395952053,1.5916683041854982,0.3340538416191786,Northeast,NY,1211,2223,3439,Republican,No
36043,Herkimer County,New York,59757,54844,751,369,91.7783690613652,1.25675653061566,0.6175008785581606,Northeast,NY,9110,19557,28725,Republican,No
36045,Jefferson County,New York,115040,94857,5521,2189,82.45566759388039,4.7992002781641165,1.902816411682893,Northeast,NY,16326,26417,42843,Republican,No
36047,Kings County,New York,2631580,998522,731303,320114,37.94382082247167,27.789502884198846,12.164327134269147,Northeast,NY,601265,233964,847934,Democratic,No
36049,Lewis County,New York,26607,24983,282,89,93.89634306761378,1.0598714623971135,0.33449844026008196,Northeast,NY,3600,9353,12966,Republican,No
36051,Livingston County,New York,61498,54973,1223,732,89.38989885849946,1.9886825587823995,1.1902826108166118,Northeast,NY,12148,18780,31035,Republican,No
36053,Madison County,New York,67328,60830,1305,817,90.34874049429658,1.938272338403042,1.213462452471483,Northeast,NY,14629,19025,33814,Republican,No
36055,Monroe County,New York,753753,524918,107052,29319,69.6405851784338,14.202530537191894,3.8897357622457225,Northeast,NY,214757,145940,362715,Democratic,No
36057,Montgomery County,New York,49528,39937,1546,424,80.63519625262478,3.1214666451300275,0.8560814084962043,Northeast,NY,7356,13286,20712,Republican,No
36059,Nassau County,New York,1389591,789352,156203,169900,56.804628124390554,11.24093348330552,12.226619199462288,Northeast,NY,338424,368117,712299,Republican,Yes
36061,New York County,New York,1629477,786275,223476,202742,48.25321253383754,13.714584495516046,12.442151684252064,Northeast,NY,533782,113921,654372,Democratic,No
36063,Niagara County,New York,210721,174788,13944,2483,82.94759421225221,6.617280669700694,1.1783353343995142,Northeast,NY,43438,58678,102431,Republican,No
36065,Oneida County,New York,229124,183822,14093,9862,80.22817339082768,6.1508178977322325,4.304219549239713,Northeast,NY,39415,60687,100258,Republican,No
36067,Onondaga County,New York,471129,352626,50904,19457,74.84701642225377,10.804684067421025,4.129866766851541,Northeast,NY,133155,93916,228381,Democratic,No
36069,Ontario County,New York,112625,99659,2353,1578,88.48745837957824,2.089234184239734,1.4011098779134294,Northeast,NY,29520,30221,59987,Republican,No
36071,Orange County,New York,406616,251943,47046,11920,61.96091644204852,11.57013004898971,2.9315127786412734,Northeast,NY,80253,94936,175660,Republican,No
36073,Orleans County,New York,39608,34032,1944,303,85.92203595233286,4.908099373863866,0.7649969703090285,Northeast,NY,5366,12659,18071,Republican,No
36075,Oswego County,New York,117953,108555,1190,923,92.03241969258941,1.008876416877909,0.782515069561605,Northeast,NY,20483,33548,54163,Republican,No
36077,Otsego County,New York,60108,53637,1357,922,89.2343781193851,2.2576029813003258,1.533905636520929,Northeast,NY,13031,15256,28436,Republican,No
36079,Putnam County,New York,98107,73359,2960,2263,74.77448092388921,3.017113967402938,2.306665171700286,Northeast,NY,23956,31553,55765,Republican,No
36081,Queens County,New York,2323052,603199,398510,604964,25.965798441016386,17.15458801610984,26.041776077332752,Northeast,NY,437282,264628,712191,Democratic,No
36083,Rensselaer County,New York,160332,128235,11173,5164,79.98091460220044,6.968665020083327,3.220816805129357,Northeast,NY,39668,38601,78736,Democratic,No
36085,Richmond County,New York,494956,294959,48641,63222,59.59297392091418,9.82733818763688,12.773256612709009,Northeast,NY,69345,128151,199620,Republican,No
36087,Rockland County,New York,341883,213256,36482,20530,62.37689501964122,10.670902033736688,6.0049783112936295,Northeast,NY,65880,83543,150072,Republican,Yes
36089,St. Lawrence County,New York,107226,98372,2172,1185,91.74267435137,2.0256281125846343,1.1051424094902356,Northeast,NY,18010,25919,44026,Republican,No
36091,Saratoga County,New York,238284,209586,4078,7114,87.9563881754545,1.7114031995434018,2.985513085226033,Northeast,NY,66321,63940,130812,Democratic,No
36093,Schenectady County,New York,160369,110883,16461,7947,69.14241530470353,10.264452606177004,4.955446501505902,Northeast,NY,39733,31975,72165,Democratic,No
36095,Schoharie County,New York,30049,26923,418,268,89.59699158041865,1.39106126659789,0.8918766015508004,Northeast,NY,5547,10423,16042,Republican,No
36097,Schuyler County,New York,17562,16345,225,85,93.07026534563262,1.2811752647762216,0.48399954447101695,Northeast,NY,3736,5717,9486,Republican,No
36099,Seneca County,New York,32920,29103,1234,201,88.4052247873633,3.7484811664641557,0.6105710814094776,Northeast,NY,6610,8379,15034,Republican,No
36101,Steuben County,New York,92588,85025,1522,1546,91.83155484512032,1.6438415345401132,1.6697628202358836,Northeast,NY,15413,29777,45344,Republican,No
36103,Suffolk County,New York,1530146,1007146,114943,68632,65.8202550606282,7.511897557487979,4.485323622713127,Northeast,NY,341812,417549,762849,Republican,No
36105,Sullivan County,New York,79721,55728,7374,1696,69.90378946576185,9.249758532883432,2.1274193750705583,Northeast,NY,14549,20386,35062,Republican,No
36107,Tioga County,New York,47864,44735,624,454,93.46272772856426,1.3036937990974429,0.9485208089587164,Northeast,NY,9437,15038,24559,Republican,No
36109,Tompkins County,New York,104537,78663,4358,10646,75.24895491548446,4.168858872934942,10.183954006715327,Northeast,NY,34631,11354,46532,Democratic,No
36111,Ulster County,New York,182601,136255,11342,3913,74.61897799026292,6.2113570024260545,2.142923642258257,Northeast,NY,57974,39743,98534,Democratic,No
36113,Warren County,New York,65517,60511,849,621,92.35923500770792,1.2958468794358717,0.9478455973258849,Northeast,NY,17099,18606,35829,Republican,No
36115,Washington County,New York,60522,54760,1441,437,90.47949505964773,2.380952380952381,0.722051485410264,Northeast,NY,11224,17268,28586,Republican,No
36117,Wayne County,New York,90929,79642,2100,692,87.587018442961,2.3094942207656524,0.7610333336999198,Northeast,NY,17056,27286,44443,Republican,No
36119,Westchester County,New York,999677,520512,136191,62523,52.068017969804245,13.623500390626173,6.254320145406966,Northeast,NY,287434,167795,457838,Democratic,No
36121,Wyoming County,New York,39753,35674,1544,180,89.73913918446407,3.8839835987221094,0.4527960153950645,Northeast,NY,4929,14112,19041,Republican,No
36123,Yates County,New York,24526,23137,201,215,94.33662235994454,0.8195384489929056,0.876620729022262,Northeast,NY,4401,6098,10542,Republican,No
37001,Alamance County,North Carolina,176893,106569,34953,3241,60.244893805860045,19.75940257669891,1.8321810359935102,South,NC,40624,47937,89831,Republican,No
37003,Alexander County,North Carolina,36412,31805,1828,363,87.34757772163023,5.020322970449302,0.9969240909590245,South,NC,4060,16404,20677,Republican,No
37005,Alleghany County,North Carolina,11174,9932,193,52,88.88491140146769,1.7272239126543762,0.46536602827993556,South,NC,1533,4900,6496,Republican,No
37007,Anson County,North Carolina,22289,9911,10031,351,44.46588003050832,45.004262192112705,1.5747678226928081,South,NC,5253,5525,10875,Republican,Yes
37009,Ashe County,North Carolina,26950,25019,272,119,92.83487940630798,1.0092764378478665,0.4415584415584416,South,NC,4431,11629,16253,Republican,No
37011,Avery County,North Carolina,17680,15338,676,77,86.75339366515837,3.823529411764706,0.43552036199095023,South,NC,2220,7181,9489,Republican,No
37013,Beaufort County,North Carolina,44499,30368,10166,118,68.24423020742039,22.84545720128542,0.2651744983033327,South,NC,9049,17296,26572,Republican,No
37015,Bertie County,North Carolina,17170,5934,10238,130,34.5602795573675,59.62725684333139,0.7571345369831101,South,NC,5279,3840,9186,Democratic,No
37017,Bladen County,North Carolina,29566,16119,9569,47,54.518703916661025,32.36487857674356,0.15896638030169788,South,NC,6620,10035,16764,Republican,No
37019,Brunswick County,North Carolina,152568,124657,12809,1020,81.70586230402182,8.395600650201878,0.6685543495359446,South,NC,40557,67658,109378,Republican,No
37021,Buncombe County,North Carolina,274360,224885,13276,3089,81.96712348738883,4.838897798512902,1.1258929873159353,South,NC,98662,59016,160510,Democratic,No
37023,Burke County,North Carolina,87795,70844,5405,3108,80.69252235320918,6.156387037986217,3.5400649239706135,South,NC,13272,32130,45847,Republican,No
37025,Cabarrus County,North Carolina,236133,139597,45644,14549,59.11795471196317,19.329784485861783,6.16135821761465,South,NC,54494,63746,120202,Republican,No
37027,Caldwell County,North Carolina,80536,69339,3274,426,86.09690076487534,4.065262739644383,0.5289559948346081,South,NC,10146,33009,43540,Republican,No
37029,Camden County,North Carolina,10927,8536,1031,127,78.1184222567951,9.435343644184131,1.1622586254232634,South,NC,1522,4716,6304,Republican,No
37031,Carteret County,North Carolina,69148,59438,2913,692,85.95765604211257,4.212703187366229,1.000752010181061,South,NC,12813,32508,45817,Republican,No
37033,Caswell County,North Carolina,22404,13503,6874,93,60.27048741296197,30.682021067666486,0.4151044456347081,South,NC,4493,7445,12040,Republican,No
37035,Catawba County,North Carolina,163573,122021,12945,6962,74.5972746113356,7.913897770414432,4.256203652191988,South,NC,26569,59577,87109,Republican,No
37037,Chatham County,North Carolina,80151,56974,8152,1791,71.08333021422067,10.170802610073485,2.2345323202455365,South,NC,29014,22507,52301,Democratic,No
37039,Cherokee County,North Carolina,29562,26739,527,156,90.4505784453014,1.782693999052838,0.5277044854881267,South,NC,3686,13883,17824,Republican,No
37041,Chowan County,North Carolina,13836,8353,4522,9,60.37149465163342,32.68285631685458,0.06504770164787511,South,NC,2895,4587,7552,Republican,No
37043,Clay County,North Carolina,11610,10768,256,66,92.74763135228251,2.204995693367786,0.5684754521963824,South,NC,1899,5761,7728,Republican,No
37045,Cleveland County,North Carolina,100991,72350,18099,1098,71.64004713291283,17.9213989365389,1.0872255943598934,South,NC,16603,34654,51706,Republican,No
37047,Columbus County,North Carolina,50140,29839,14082,249,59.51136816912644,28.085360989230157,0.49660949341842836,South,NC,8648,17592,26402,Republican,No
37049,Craven County,North Carolina,102612,68018,20249,2944,66.28659416052703,19.73355942774724,2.869060148910459,South,NC,22011,33477,56173,Republican,No
37051,Cumberland County,North Carolina,338545,143594,127504,9026,42.415040836520994,37.662349170715856,2.6661152874802463,South,NC,78631,59840,140513,Democratic,No
37053,Currituck County,North Carolina,30601,25917,1541,280,84.6933106761217,5.035783144341687,0.9150027776870037,South,NC,4604,13235,18053,Republican,No
37055,Dare County,North Carolina,37875,32699,964,185,86.33399339933993,2.545214521452145,0.4884488448844884,South,NC,10074,14792,25196,Republican,No
37057,Davidson County,North Carolina,172954,133972,16096,2667,77.46105900991014,9.306520809001237,1.5420285162528766,South,NC,24150,67959,93452,Republican,No
37059,Davie County,North Carolina,44122,36441,1959,317,82.59145097683695,4.439961923756856,0.7184624450387562,South,NC,6988,19398,26850,Republican,No
37061,Duplin County,North Carolina,49335,26427,10934,288,53.56643356643357,22.162764771460424,0.5837640620249316,South,NC,8057,14677,22898,Republican,No
37063,Durham County,North Carolina,332353,144356,106591,17932,43.434540985036996,32.07162264219068,5.395468071598572,South,NC,144450,32853,180912,Democratic,No
37065,Edgecombe County,North Carolina,48736,18160,27114,128,37.26198292843073,55.634438608010505,0.2626395272488509,South,NC,14900,9355,24448,Democratic,No
37067,Forsyth County,North Carolina,389977,217688,98404,9311,55.820727889080636,25.233282988483936,2.387576703241473,South,NC,114145,87292,204726,Democratic,No
37069,Franklin County,North Carolina,74386,45832,17406,832,61.613744521818624,23.39956443416772,1.118490038448095,South,NC,18167,23938,42667,Republican,No
37071,Gaston County,North Carolina,234881,160677,41145,4032,68.40783205112376,17.51738114193996,1.7166139449338176,South,NC,44062,73828,119256,Republican,No
37073,Gates County,North Carolina,10376,6569,3220,0,63.30956052428681,31.033153430994602,0,South,NC,2268,3538,5868,Republican,No
37075,Graham County,North Carolina,8072,6853,30,54,84.89841427155599,0.3716551040634291,0.6689791873141724,South,NC,839,3883,4779,Republican,No
37077,Granville County,North Carolina,60877,34534,17711,225,56.72749971253511,29.093089344087257,0.3695977134221463,South,NC,14365,17383,32104,Republican,No
37079,Greene County,North Carolina,20486,9811,6514,10,47.89124279996095,31.79732500244069,0.048813824074978036,South,NC,3437,4965,8450,Republican,No
37081,Guilford County,North Carolina,547940,260614,185470,29591,47.562506843815015,33.848596561667335,5.400408803883637,South,NC,171118,109077,285053,Democratic,No
37083,Halifax County,North Carolina,47675,17676,24627,438,37.07603565810173,51.65600419507079,0.9187205034084951,South,NC,14014,9778,23965,Democratic,No
37085,Harnett County,North Carolina,139150,86245,28104,1331,61.9798778296802,20.19690980955803,0.9565217391304347,South,NC,23472,39440,63757,Republican,No
37087,Haywood County,North Carolina,62662,57171,567,229,91.23711340206185,0.9048546168331685,0.3654527464811209,South,NC,13913,23393,37851,Republican,No
37089,Henderson County,North Carolina,118484,96573,3434,1444,81.50720772424968,2.8982816245231424,1.2187299550994226,South,NC,29361,39497,69974,Republican,No
37091,Hertford County,North Carolina,19908,6773,11117,215,34.02149889491662,55.84187261402451,1.0799678521197509,South,NC,6191,3561,9843,Democratic,No
37093,Hoke County,North Carolina,53835,20773,17664,839,38.58642147301941,32.81136806910003,1.5584656821770224,South,NC,11896,10547,22767,Democratic,No
37095,Hyde County,North Carolina,4592,2649,1128,0,57.687282229965156,24.56445993031359,0,South,NC,931,1465,2421,Republican,No
37097,Iredell County,North Carolina,196544,145582,22101,4801,74.07094594594594,11.244810322370563,2.442710029306415,South,NC,36739,72801,110875,Republican,No
37099,Jackson County,North Carolina,43771,34741,982,446,79.36990244682552,2.243494551186859,1.018939480477942,South,NC,9746,11796,21942,Republican,No
37101,Johnston County,North Carolina,234263,150425,39604,1948,64.21201811639055,16.90578537797262,0.8315440338423054,South,NC,48116,74878,124678,Republican,No
37103,Jones County,North Carolina,9302,5905,2480,112,63.48097183401419,26.660933132659643,1.2040421414749516,South,NC,2007,3409,5463,Republican,No
37105,Lee County,North Carolina,65816,41846,11685,579,63.5802844293181,17.7540415704388,0.8797252947611522,South,NC,12245,17489,30081,Republican,No
37107,Lenoir County,North Carolina,54919,27167,21560,425,49.467397439865984,39.25781605637393,0.773866967716091,South,NC,12700,14564,27503,Republican,No
37109,Lincoln County,North Carolina,92716,77009,5472,733,83.05901893955736,5.901893955735795,0.7905863065706027,South,NC,14842,40183,55582,Republican,No
37111,McDowell County,North Carolina,44817,39241,1730,506,87.5582926121784,3.860142356695004,1.1290358569292902,South,NC,5911,17520,23655,Republican,No
37113,Macon County,North Carolina,37941,32821,523,295,86.5053635908384,1.3784560238264676,0.7775229962309903,South,NC,6675,14981,21934,Republican,No
37115,Madison County,North Carolina,21867,20036,239,107,91.62665203274341,1.092971143732565,0.48932180911876344,South,NC,5090,8275,13621,Republican,No
37117,Martin County,North Carolina,21644,11137,8723,120,51.45536869340233,40.30216226205877,0.5544261689151728,South,NC,5360,6601,12040,Republican,No
37119,Mecklenburg County,North Carolina,1154681,518746,346988,73448,44.92548158322515,30.050550758174772,6.360891016653085,South,NC,376454,187770,577505,Democratic,No
37121,Mitchell County,North Carolina,14992,13678,139,71,91.23532550693703,0.927161152614728,0.47358591248665954,South,NC,1915,6843,8842,Republican,No
37123,Montgomery County,North Carolina,26007,16765,4222,381,64.46341369631253,16.234090821701848,1.4649901949475141,South,NC,4055,9044,13206,Republican,No
37125,Moore County,North Carolina,104876,81108,9406,1322,77.3370456539151,8.968686830161333,1.2605362523360921,South,NC,21436,39617,61790,Republican,No
37127,Nash County,North Carolina,96216,46014,38655,1034,47.8236467947119,40.175230730855574,1.0746653363265986,South,NC,25508,26431,52471,Republican,Yes
37129,New Hanover County,North Carolina,235229,180170,25672,3250,76.5934472365227,10.91362034443032,1.3816323667575001,South,NC,68814,67949,138734,Democratic,No
37131,Northampton County,North Carolina,16931,6771,9293,5,39.99173114405528,54.8874844958951,0.029531628373988542,South,NC,5239,3905,9215,Democratic,No
37133,Onslow County,North Carolina,207906,139725,25041,3934,67.20585264494531,12.044385443421547,1.892201283272248,South,NC,25684,54960,81681,Republican,No
37135,Orange County,North Carolina,149678,102595,15708,11806,68.54380737316104,10.494528253985221,7.887598711901549,South,NC,65444,20806,87807,Democratic,No
37137,Pamlico County,North Carolina,12390,9116,2007,73,73.57546408393866,16.19854721549637,0.5891848264729621,South,NC,2676,5229,7976,Republican,No
37139,Pasquotank County,North Carolina,40834,22478,14163,572,55.04726453445659,34.684331684380666,1.4007934564333644,South,NC,9549,10537,20343,Republican,Yes
37141,Pender County,North Carolina,65550,49242,7951,537,75.1212814645309,12.129672006102211,0.8192219679633868,South,NC,12460,26042,38909,Republican,No
37143,Perquimans County,North Carolina,13244,9332,2820,55,70.4620960434914,21.292660827544548,0.41528239202657813,South,NC,2269,5278,7666,Republican,No
37145,Person County,North Carolina,39542,25705,10220,43,65.00682818269182,25.84593596682009,0.10874513175863638,South,NC,8295,13509,22036,Republican,No
37147,Pitt County,North Carolina,177193,93301,61982,3545,52.65501458861242,34.9799371306993,2.000643366272934,South,NC,45595,40403,87130,Democratic,No
37149,Polk County,North Carolina,19891,17300,876,154,86.97400834548287,4.4040018098637574,0.7742194962545874,South,NC,4827,8107,13068,Republican,No
37151,Randolph County,North Carolina,146348,114219,9125,1935,78.04616393801076,6.235138163828682,1.3221909421379179,South,NC,15951,59357,76008,Republican,No
37153,Richmond County,North Carolina,42344,23733,13279,418,56.048082372945395,31.359814849801626,0.9871528433780465,South,NC,7787,11931,19873,Republican,No
37155,Robeson County,North Carolina,116902,28260,27308,1013,24.174094540726422,23.359737215787582,0.8665377837847086,South,NC,16728,29647,46770,Republican,No
37157,Rockingham County,North Carolina,92131,66859,15915,302,72.56949343869056,17.274315919723,0.32779411924325147,South,NC,15676,33447,49595,Republican,No
37159,Rowan County,North Carolina,149875,104854,23658,1200,69.96096747289407,15.785154295246038,0.8006672226855712,South,NC,23788,50807,75394,Republican,No
37161,Rutherford County,North Carolina,64930,53155,4984,304,81.86508547666718,7.675958724780532,0.4681965193285076,South,NC,8914,25456,34670,Republican,No
37163,Sampson County,North Carolina,59470,30375,14323,255,51.07617286026568,24.084412308727092,0.4287876240121069,South,NC,9797,18178,28201,Republican,No
37165,Scotland County,North Carolina,33590,13623,12435,424,40.55671330753201,37.01994641262281,1.2622804406073236,South,NC,6754,7767,14626,Republican,No
37167,Stanly County,North Carolina,64651,51164,7259,1222,79.1387604213392,11.227977912174598,1.890148644259176,South,NC,8881,27518,36714,Republican,No
37169,Stokes County,North Carolina,45139,40678,1650,33,90.1171935576774,3.6553756175369414,0.07310751235073883,South,NC,5380,21548,27175,Republican,No
37171,Surry County,North Carolina,71425,59905,2692,476,83.87119355967798,3.768988449422471,0.6664333216660833,South,NC,8613,28565,37508,Republican,No
37173,Swain County,North Carolina,14013,8333,363,69,59.46620994790551,2.5904517233997004,0.4923999143652323,South,NC,2643,4311,7052,Republican,No
37175,Transylvania County,North Carolina,33691,29769,1207,229,88.35890890742336,3.582559140423258,0.6797067466088866,South,NC,8972,11492,20780,Republican,No
37177,Tyrrell County,North Carolina,3423,1962,1123,0,57.31814198071867,32.80747881974876,0,South,NC,680,1057,1757,Republican,No
37179,Union County,North Carolina,250958,173717,28009,11323,69.22154304704374,11.160831692952605,4.511910359502387,South,NC,51168,86271,139355,Republican,No
37181,Vance County,North Carolina,42322,16070,20032,288,37.97079533103351,47.33235669391806,0.6804971409668731,South,NC,11292,8614,20092,Democratic,No
37183,Wake County,North Carolina,1178653,682049,221415,100766,57.866819157122585,18.785427093470258,8.54925071246584,South,NC,402984,236735,653580,Democratic,No
37185,Warren County,North Carolina,18795,7220,8882,25,38.41447193402501,47.257249268422456,0.13301409949454643,South,NC,5872,3976,10013,Democratic,No
37187,Washington County,North Carolina,10812,4901,5182,5,45.32926378098409,47.92822789493156,0.04624491305956345,South,NC,3138,2768,5944,Democratic,No
37189,Watauga County,North Carolina,55123,49473,1112,487,89.75019501841336,2.0173067503582898,0.8834787656695027,South,NC,17225,15254,33095,Democratic,No
37191,Wayne County,North Carolina,118652,60942,35324,1430,51.36196608569599,29.77109530391397,1.2052051377136501,South,NC,22618,31580,54762,Republican,No
37193,Wilkes County,North Carolina,65935,57339,2403,396,86.96291802532798,3.6444983696064304,0.6005914916205354,South,NC,7194,28812,36320,Republican,No
37195,Wilson County,North Carolina,79290,36124,30773,910,45.55933913482154,38.81069491739185,1.1476857106823053,South,NC,19909,19750,40045,Democratic,No
37197,Yadkin County,North Carolina,37574,31232,647,23,83.12130728695375,1.7219353808484592,0.061212540586575825,South,NC,3739,16439,20397,Republican,No
37199,Yancey County,North Carolina,18797,17315,157,86,92.11576315369474,0.8352396659041337,0.45751981699207317,South,NC,3635,7509,11283,Republican,No
38001,Adams County,North Dakota,2145,1858,14,41,86.62004662004662,0.6526806526806527,1.9114219114219115,North Central,ND,215,962,1201,Republican,No
38003,Barnes County,North Dakota,10773,9688,25,216,89.92852501624431,0.2320616355704075,2.0050125313283207,North Central,ND,1661,3531,5339,Republican,No
38005,Benson County,North Dakota,5808,2503,35,48,43.09573002754821,0.6026170798898072,0.8264462809917356,North Central,ND,795,1163,2002,Republican,No
38007,Billings County,North Dakota,1024,971,0,0,94.82421875,0,0,North Central,ND,93,543,647,Republican,No
38009,Bottineau County,North Dakota,6378,5738,0,31,89.96550642834744,0,0.4860457823769207,North Central,ND,735,2628,3447,Republican,No
38011,Bowman County,North Dakota,2906,2685,0,0,92.39504473503098,0,0,North Central,ND,207,1384,1618,Republican,No
38013,Burke County,North Dakota,2156,1872,37,45,86.82745825602969,1.7161410018552876,2.0871985157699444,North Central,ND,130,909,1056,Republican,No
38015,Burleigh County,North Dakota,100600,86404,2029,991,85.88866799204771,2.0168986083499005,0.985089463220676,North Central,ND,14215,36595,52263,Republican,No
38017,Cass County,North Dakota,193400,159233,13496,6219,82.3335056876939,6.978283350568769,3.2156153050672183,North Central,ND,40304,47873,90851,Republican,No
38019,Cavalier County,North Dakota,3633,3342,0,26,91.99009083402146,0,0.7156619873382879,North Central,ND,491,1461,1987,Republican,No
38021,Dickey County,North Dakota,4935,4452,0,71,90.2127659574468,0,1.4387031408308004,North Central,ND,557,1829,2453,Republican,No
38023,Divide County,North Dakota,2167,1942,3,11,89.61698200276881,0.1384402399630826,0.5076142131979695,North Central,ND,253,914,1201,Republican,No
38025,Dunn County,North Dakota,4040,3244,9,38,80.2970297029703,0.22277227722772275,0.9405940594059405,North Central,ND,332,1877,2242,Republican,No
38027,Eddy County,North Dakota,2307,2085,0,0,90.37711313394018,0,0,North Central,ND,316,862,1205,Republican,No
38029,Emmons County,North Dakota,3254,3037,4,7,93.33128457283344,0.1229256299938537,0.21511985248924403,North Central,ND,205,1697,1930,Republican,No
38031,Foster County,North Dakota,3358,3165,10,61,94.25253126861227,0.29779630732578916,1.816557474687314,North Central,ND,335,1326,1703,Republican,No
38033,Golden Valley County,North Dakota,1653,1501,3,4,90.80459770114942,0.18148820326678766,0.24198427102238357,North Central,ND,122,847,991,Republican,No
38035,Grand Forks County,North Dakota,72923,60573,2820,2020,83.0643281269284,3.8670926868066315,2.770045116081346,North Central,ND,12469,18123,31411,Republican,No
38037,Grant County,North Dakota,2269,2097,3,35,92.41956809167033,0.13221683561040104,1.5425297487880123,North Central,ND,205,1076,1306,Republican,No
38039,Griggs County,North Dakota,2245,2116,18,5,94.25389755011136,0.8017817371937639,0.22271714922048996,North Central,ND,301,963,1289,Republican,No
38041,Hettinger County,North Dakota,2432,2290,4,7,94.16118421052632,0.1644736842105263,0.287828947368421,North Central,ND,192,1089,1306,Republican,No
38043,Kidder County,North Dakota,2377,2283,5,8,96.04543542280184,0.2103491796381994,0.33655868742111905,North Central,ND,238,1137,1398,Republican,No
38045,LaMoure County,North Dakota,4118,3952,6,5,95.968916949975707,0.1457017969888295,0.12141816415735794,North Central,ND,453,1614,2123,Republican,No
38047,Logan County,North Dakota,1819,1713,4,3,94.17262231995602,0.21990104452996154,0.16492578339747113,North Central,ND,117,898,1033,Republican,No
38049,McHenry County,North Dakota,5207,4908,40,12,94.2577299788746,0.7681966583445362,0.23045899750336085,North Central,ND,479,2223,2752,Republican,No
38051,McIntosh County,North Dakota,2497,2307,2,21,92.39086904285142,0.08009611533840609,0.841009211053264,North Central,ND,229,1132,1390,Republican,No
38053,McKenzie County,North Dakota,14321,11191,276,162,78.14398435863417,1.9272397178967948,1.1312059213742056,North Central,ND,809,4627,5521,Republican,No
38055,McLean County,North Dakota,9823,8698,10,100,88.54728697953782,0.10180189351521939,1.0180189351521938,North Central,ND,1093,4231,5421,Republican,No
38057,Mercer County,North Dakota,8337,7647,1,42,91.72364159769701,0.011994722322178242,0.5037783375314862,North Central,ND,672,3798,4555,Republican,No
38059,Morton County,North Dakota,33777,29426,548,46,87.11845338543979,1.6224057790804394,0.13618734641916097,North Central,ND,3748,12839,17036,Republican,No
38061,Mountrail County,North Dakota,9507,5485,175,54,57.69433049332071,1.84074892184706,0.5680025244556642,North Central,ND,1125,2877,4073,Republican,No
38063,Nelson County,North Dakota,3016,2795,14,22,92.67241379310344,0.4641909814323607,0.7294429708222812,North Central,ND,580,1141,1761,Republican,No
38065,Oliver County,North Dakota,1839,1820,0,0,98.9668297988037,0,0,North Central,ND,156,909,1087,Republican,No
38067,Pembina County,North Dakota,6727,6030,65,32,89.63876913928944,0.9662553887319757,0.475694960606511,North Central,ND,704,2350,3112,Republican,No
38069,Pierce County,North Dakota,3928,3571,11,17,90.91140529531569,0.280040733197556,0.4327902240325866,North Central,ND,439,1493,1970,Republican,No
38071,Ramsey County,North Dakota,11556,9415,114,99,81.47282796815507,0.9865005192107996,0.8566978193146416,North Central,ND,1513,3609,5239,Republican,No
38073,Ransom County,North Dakota,5643,5195,64,37,92.06096048201312,1.1341485025695552,0.6556796030480241,North Central,ND,920,1661,2649,Republican,No
38075,Renville County,North Dakota,2304,2175,5,13,94.40104166666666,0.2170138888888889,0.564236111111111,North Central,ND,179,993,1208,Republican,No
38077,Richland County,North Dakota,16584,14911,144,135,89.91196333815726,0.8683068017366137,0.8140376266280752,North Central,ND,2473,5576,8261,Republican,No
38079,Rolette County,North Dakota,11924,2192,17,62,18.38309292183831,0.14256960751425696,0.519959745051996,North Central,ND,2567,1427,4075,Democratic,No
38081,Sargent County,North Dakota,3804,3429,120,11,90.14195583596214,3.1545741324921135,0.2891692954784437,North Central,ND,663,1325,2043,Republican,No
38083,Sheridan County,North Dakota,1303,1260,0,7,96.69992325402916,0,0.5372217958557176,North Central,ND,101,644,757,Republican,No
38085,Sioux County,North Dakota,3740,465,14,25,12.433155080213904,0.37433155080213903,0.6684491978609626,North Central,ND,654,285,953,Democratic,No
38087,Slope County,North Dakota,766,708,0,0,92.42819843342036,0,0,North Central,ND,33,351,389,Republican,No
38089,Stark County,North Dakota,33302,28513,786,374,85.61948231337458,2.36021860548916,1.123055672331992,North Central,ND,2473,12323,15100,Republican,No
38091,Steele County,North Dakota,1804,1705,3,0,94.51219512195121,0.1662971175166297,0,North Central,ND,367,622,1015,Republican,No
38093,Stutsman County,North Dakota,21549,19542,558,122,90.68634275372406,2.589447306139496,0.5661515615573809,North Central,ND,2692,7185,10134,Republican,No
38095,Towner County,North Dakota,2079,1739,1,0,83.64598364598365,0.0481000481000481,0,North Central,ND,289,796,1114,Republican,No
38097,Traill County,North Dakota,7970,7208,77,45,90.43914680050187,0.9661229611041405,0.5646173149309912,North Central,ND,1359,2650,4115,Republican,No
38099,Walsh County,North Dakota,10396,8657,85,94,83.27241246633321,0.8176221623701423,0.9041939207387457,North Central,ND,1173,3186,4496,Republican,No
38101,Ward County,North Dakota,68973,56047,3271,1148,81.25933336233018,4.742435445754135,1.6644194104939614,North Central,ND,7215,20635,28552,Republican,No
38103,Wells County,North Dakota,3890,3698,0,9,95.0642673521851,0,0.23136246786632392,North Central,ND,405,1815,2253,Republican,No
38105,Williams County,North Dakota,39555,31591,1858,481,79.86600935406396,4.697256983946404,1.2160283150044242,North Central,ND,2276,12501,15122,Republican,No
39001,Adams County,Ohio,27540,26541,110,132,96.37254901960785,0.39941902687000724,0.4793028322440087,North Central,OH,2098,10269,12429,Republican,No
39003,Allen County,Ohio,101348,81056,9744,942,79.97789793582508,9.614397916091091,0.9294707344989541,North Central,OH,12754,33201,46369,Republican,No
39005,Ashland County,Ohio,52256,49498,512,243,94.7221371708512,0.9797917942437232,0.465018371096142,North Central,OH,6544,19863,26663,Republican,No
39007,Ashtabula County,Ohio,97167,86119,3707,421,88.6298846316136,3.815081251865345,0.4332746714419505,North Central,OH,15345,27656,43374,Republican,No
39009,Athens County,Ohio,61737,55392,1368,1299,89.72253267894456,2.2158511103552168,2.10408669031537,North Central,OH,14134,11369,25776,Democratic,No
39011,Auglaize County,Ohio,46125,43647,447,152,94.62764227642276,0.9691056910569106,0.32953929539295396,North Central,OH,4442,20988,25629,Republican,No
39013,Belmont County,Ohio,65473,59509,2035,379,90.89090159302307,3.108151451743467,0.5788645701281445,North Central,OH,8080,22758,31037,Republican,No
39015,Brown County,Ohio,43845,41754,298,131,95.2309271296613,0.6796670087809329,0.29877979245067854,North Central,OH,4069,17257,21444,Republican,No
39017,Butler County,Ohio,392876,297734,32857,17020,75.7831987700954,8.363198566468808,4.332155692890378,North Central,OH,66713,114831,183197,Republican,No
39019,Carroll County,Ohio,26659,25228,195,9,94.63220675944333,0.731460294834765,0.03375970591545069,North Central,OH,3071,10634,13819,Republican,No
39021,Champaign County,Ohio,38804,35685,637,187,91.96216884857232,1.641583341923513,0.4819090815379858,North Central,OH,4944,15334,20475,Republican,No
39023,Clark County,Ohio,135158,111360,10868,814,82.39245919590405,8.040959469657734,0.6022580979298303,North Central,OH,21847,40403,62855,Republican,No
39025,Clermont County,Ohio,211181,193358,3218,2566,91.56032029396583,1.5238113277236116,1.2150714316155335,North Central,OH,36130,76964,114143,Republican,No
39027,Clinton County,Ohio,42012,38700,784,108,92.1165381319623,1.8661334856707605,0.2570694087403599,North Central,OH,4633,15984,20779,Republican,No
39029,Columbiana County,Ohio,100704,93207,1978,264,92.555409914204,1.9641722275182714,0.2621544327931363,North Central,OH,12064,35607,48053,Republican,No
39031,Coshocton County,Ohio,36744,34812,202,177,94.74199869366427,0.5497496189854125,0.4817112998040497,North Central,OH,3835,12362,16337,Republican,No
39033,Crawford County,Ohio,41711,39665,314,352,95.09481911246434,0.7527990218407614,0.8439020881781785,North Central,OH,4683,15402,20245,Republican,No
39035,Cuyahoga County,Ohio,1245873,718848,359678,41340,57.69833682887421,28.86955572518226,3.3181552212785737,North Central,OH,376384,195164,576520,Democratic,No
39037,Darke County,Ohio,51594,49090,293,297,95.1467224871109,0.5678954917238439,0.5756483312013024,North Central,OH,4583,22234,27002,Republican,No
39039,Defiance County,Ohio,38343,33256,633,124,86.7329108311817,1.6508880369298176,0.323396708656078,North Central,OH,5667,13302,19156,Republican,No
39041,Delaware County,Ohio,226834,181317,9931,19485,79.93378417697524,4.378091467769382,8.589982101448635,North Central,OH,61657,70448,133392,Republican,No
39043,Erie County,Ohio,74581,60237,6235,646,80.76721953312506,8.360038079403601,0.8661723495260186,North Central,OH,16871,22493,39749,Republican,No
39045,Fairfield County,Ohio,163453,133228,15064,4961,81.50844585293632,9.216104935363683,3.0351232464378137,North Central,OH,31695,51999,84457,Republican,No
39047,Fayette County,Ohio,28876,26332,609,258,91.18991550076187,2.1090178695110127,0.8934755506302812,North Central,OH,2773,9706,12571,Republican,No
39049,Franklin County,Ohio,1333048,785967,311199,74387,58.960142470488684,23.344920813053992,5.580219166901717,North Central,OH,380518,210830,598225,Democratic,No
39051,Fulton County,Ohio,42240,37678,158,183,89.19981060606061,0.3740530303030303,0.43323863636363635,North Central,OH,6374,15893,22454,Republican,No
39053,Gallia County,Ohio,29068,27012,590,237,92.92692995734141,2.0297234071831567,0.8153295720379798,North Central,OH,2592,10314,13002,Republican,No
39055,Geauga County,Ohio,95481,88963,922,478,93.17351096029577,0.9656371424681349,0.5006231606288162,North Central,OH,20604,33844,54894,Republican,No
39057,Greene County,Ohio,169688,139223,10118,5095,82.0464617415492,5.962708028852954,3.0025694215265664,North Central,OH,35575,53399,90041,Republican,No
39059,Guernsey County,Ohio,38223,35860,754,132,93.81785835753342,1.972634277790859,0.345341809905031,North Central,OH,4154,13314,17601,Republican,No
39061,Hamilton County,Ohio,830774,525380,200129,22631,63.23982214176178,24.08946356048697,2.7240862135791444,North Central,OH,233360,172365,410085,Democratic,No
39063,Hancock County,Ohio,74866,66434,1434,1447,88.73721048272914,1.9154222210349157,1.9327865786872547,North Central,OH,11467,26052,37943,Republican,No
39065,Hardin County,Ohio,30475,28330,387,273,92.96144380639869,1.2698933552091878,0.8958162428219852,North Central,OH,2863,9911,12893,Republican,No
39067,Harrison County,Ohio,14306,13496,382,17,94.33803998322382,2.6702083042080247,0.11883125961135188,North Central,OH,1559,5484,7110,Republican,No
39069,Henry County,Ohio,27567,24924,138,42,90.41244966808141,0.5005985417346828,0.15235607791925126,North Central,OH,3905,10873,14912,Republican,No
39071,Highland County,Ohio,43517,41415,515,58,95.16970379391961,1.1834455500149368,0.1332812464094492,North Central,OH,3609,16269,19987,Republican,No
39073,Hocking County,Ohio,27799,26389,107,127,94.92787510342099,0.3849059318680528,0.45685096586208135,North Central,OH,3704,9679,13489,Republican,No
39075,Holmes County,Ohio,44418,43480,40,28,97.88824350488541,0.09005358188121933,0.06303750731685354,North Central,OH,1854,10384,12335,Republican,No
39077,Huron County,Ohio,58319,53468,477,239,91.68195613779386,0.8179152591779695,0.40981498311013564,North Central,OH,7496,19484,27216,Republican,No
39079,Jackson County,Ohio,32650,31250,250,171,95.71209800918837,0.7656967840735069,0.5237366003062788,North Central,OH,2953,11249,14287,Republican,No
39081,Jefferson County,Ohio,64518,57670,3288,375,89.38590780867355,5.096252208685948,0.5812331442388171,North Central,OH,8592,22317,31267,Republican,No
39083,Knox County,Ohio,63142,59106,606,506,93.60805802793703,0.9597415349529632,0.8013683443666656,North Central,OH,8698,23112,32104,Republican,No
39085,Lake County,Ohio,232216,198440,11492,3443,85.4549212801874,4.94884073448858,1.4826713060254246,North Central,OH,54484,72924,128579,Republican,No
39087,Lawrence County,Ohio,56819,53405,960,321,93.99144652317007,1.6895756701103504,0.5649518646931484,North Central,OH,6514,20013,26713,Republican,No
39089,Licking County,Ohio,181837,155770,7654,6787,85.66463371041098,4.209264341140692,3.7324636900080845,North Central,OH,32832,61359,95060,Republican,No
39091,Logan County,Ohio,46089,42343,789,267,91.87224717394606,1.7119052268437154,0.5793139360801927,North Central,OH,5027,18182,23406,Republican,No
39093,Lorain County,Ohio,317129,247434,24301,4481,78.0231388488596,7.662812294050686,1.4129896666656154,North Central,OH,74207,83297,159007,Republican,No
39095,Lucas County,Ohio,428018,291946,82681,7447,68.20881364802415,19.31717824951287,1.7398800985005303,North Central,OH,106320,82398,190609,Democratic,No
39097,Madison County,Ohio,44423,38508,1919,562,86.68482542826914,4.319834320059428,1.2651104157756117,North Central,OH,5713,14737,20669,Republican,No
39099,Mahoning County,Ohio,226491,169668,31660,1869,74.9115858908301,13.978480381118896,0.8251983522524073,North Central,OH,50636,61249,112705,Republican,No
39101,Marion County,Ohio,65020,56588,3195,395,87.03168255921256,4.913872654567825,0.6075053829590895,North Central,OH,7902,19219,27359,Republican,No
39103,Medina County,Ohio,183660,169009,2061,1787,92.02275944680387,1.1221822933681802,0.9729935750843952,North Central,OH,39771,66308,107045,Republican,No
39105,Meigs County,Ohio,21896,21074,199,56,96.24588966021192,0.9088417975886007,0.2557544757033248,North Central,OH,2202,8127,10400,Republican,No
39107,Mercer County,Ohio,42484,40313,513,201,94.88984088127295,1.2075134168157424,0.47311929196874114,North Central,OH,3865,19710,23753,Republican,No
39109,Miami County,Ohio,110296,99677,2167,2062,90.3722709799086,1.9647131355624865,1.8695147602814246,North Central,OH,15969,42677,59188,Republican,No
39111,Monroe County,Ohio,13227,12610,58,53,95.33529900960157,0.4384970136841309,0.4006955469872231,North Central,OH,1336,5396,6796,Republican,No
39113,Montgomery County,Ohio,536096,366623,109607,12151,68.38756491374679,20.445405300543186,2.2665716588073774,North Central,OH,126767,125566,254837,Democratic,No
39115,Morgan County,Ohio,13651,12349,399,18,90.46223719874001,2.92286279393451,0.13185847190682,North Central,OH,1560,5168,6782,Republican,No
39117,Morrow County,Ohio,35404,33268,144,152,93.96678341430346,0.4067337024065077,0.42933001920686925,North Central,OH,4100,14609,18857,Republican,No
39119,Muskingum County,Ohio,86411,78448,2714,398,90.78473805418291,3.1408038328453554,0.46058950828019585,North Central,OH,10874,28147,39331,Republican,No
39121,Noble County,Ohio,14282,13161,620,60,92.15095924940483,4.3411286934603,0.4201092283993838,North Central,OH,1069,5050,6161,Republican,No
39123,Ottawa County,Ohio,39994,36803,434,168,92.02130319547932,1.0851627744161623,0.4200630094514177,North Central,OH,8866,14872,23960,Republican,No
39125,Paulding County,Ohio,18791,17070,34,100,90.84136022563993,0.18093768293331913,0.5321696556862328,North Central,OH,1987,7203,9277,Republican,No
39127,Perry County,Ohio,35535,34057,73,47,95.84072041649078,0.20543126495004924,0.13226396510482621,North Central,OH,3800,13062,16992,Republican,No
39129,Pickaway County,Ohio,60131,54799,1899,49,91.13269361893201,3.1581048045101525,0.08148874956345313,North Central,OH,7397,21607,29280,Republican,No
39131,Pike County,Ohio,27044,25666,260,117,94.90459991125573,0.961396243159296,0.4326283094216832,North Central,OH,2793,9352,12218,Republican,No
39133,Portage County,Ohio,161956,140144,8127,3536,86.53214453308306,5.0180295882832375,2.183309046901628,North Central,OH,34759,47681,83226,Republican,No
39135,Preble County,Ohio,40765,38918,268,96,95.46915245921747,0.6574267140929719,0.23549613639151235,North Central,OH,4343,17146,21656,Republican,No
39137,Putnam County,Ohio,34314,31599,278,64,92.08777758349362,0.8101649472518506,0.18651279361193682,North Central,OH,2996,16576,19758,Republican,No
39139,Richland County,Ohio,125099,105826,8947,957,84.59380170904643,7.151935666951774,0.7649941246532745,North Central,OH,16591,41298,58362,Republican,No
39141,Ross County,Ohio,76492,67825,4202,417,88.6694033362966,5.493384929142917,0.545155048894002,North Central,OH,9846,22801,32932,Republican,No
39143,Sandusky County,Ohio,58778,49588,1861,305,84.3648984313859,3.166150600564837,0.5189016298615128,North Central,OH,10139,19311,29716,Republican,No
39145,Scioto County,Ohio,72627,67488,1705,361,92.92411912924945,2.3476117697275116,0.49706032191884564,North Central,OH,8021,22978,31180,Republican,No
39147,Seneca County,Ohio,54770,49062,1358,301,89.57823626072667,2.479459558152273,0.5495709329925141,North Central,OH,7765,17241,25263,Republican,No
39149,Shelby County,Ohio,47929,44104,1073,271,92.0194454296981,2.238728118675541,0.5654196832815206,North Central,OH,4350,20740,25288,Republican,No
39151,Stark County,Ohio,373713,315829,26619,3361,84.51110879204096,7.122845606120204,0.8993532470104063,North Central,OH,71090,111478,184193,Republican,No
39153,Summit County,Ohio,537864,398168,74916,23412,74.02763523864769,13.928428004105125,4.352773191736201,North Central,OH,145005,125910,273571,Democratic,No
39155,Trumbull County,Ohio,200929,171239,16379,1091,85.22363620980545,8.151635652394628,0.5429778678040502,North Central,OH,39758,55983,96532,Republican,No
39157,Tuscarawas County,Ohio,92385,86386,615,327,93.50652162147534,0.6656924825458679,0.3539535638902419,North Central,OH,12032,30652,43023,Republican,No
39159,Union County,Ohio,67324,57329,1550,3375,85.15388271641613,2.302299328619809,5.013071118768938,North Central,OH,12934,23982,37301,Republican,No
39161,Van Wert County,Ohio,28826,26802,138,100,92.97856102130021,0.47873447582043993,0.34690904044959414,North Central,OH,3000,11616,14729,Republican,No
39163,Vinton County,Ohio,12630,12129,128,183,96.0332541567696,1.0134600158353129,1.4489311163895486,North Central,OH,1169,4531,5738,Republican,No
39165,Warren County,Ohio,250008,206673,8181,17976,82.66655467025055,3.2722952865508304,7.190169914562734,North Central,OH,47128,91132,139619,Republican,No
39167,Washington County,Ohio,58978,55364,509,324,93.87229136288107,0.8630336735731967,0.549357387500424,North Central,OH,8600,22161,31000,Republican,No
39169,Wayne County,Ohio,116588,108807,1406,1341,93.32607129378667,1.205956016056541,1.1502041376470993,North Central,OH,15898,36764,53150,Republican,No
39171,Williams County,Ohio,36719,33673,228,241,91.7045671178409,0.6209319425910292,0.6563359568615703,North Central,OH,4644,13461,18275,Republican,No
39173,Wood County,Ohio,132064,115061,2830,2805,87.12518173007027,2.142900411921493,2.1239701962684756,North Central,OH,30016,36877,67586,Republican,No
39175,Wyandot County,Ohio,21598,20440,52,25,94.63839244374479,0.24076303361422355,0.1157514584683767,North Central,OH,2731,8564,11390,Republican,No
40001,Adair County,Oklahoma,19575,7748,148,250,39.58109833971903,0.756066411238825,1.277139208173691,South,OK,2578,11720,7256,Republican,No
40003,Alfalfa County,Oklahoma,5696,4668,213,24,81.95224719101124,3.739466292134831,0.42134831460674155,South,OK,472,3782,2160,Republican,No
40005,Atoka County,Oklahoma,14379,9759,591,17,67.86981013978719,4.110160650949301,0.1182279713471034,South,OK,1558,9664,5662,Republican,No
40007,Beaver County,Oklahoma,5028,3461,37,3,68.83452665075576,0.73587907716786,0.05966587112171838,South,OK,316,3876,2124,Republican,No
40009,Beckham County,Oklahoma,22148,17861,1230,262,80.6438504605382,5.553548853169586,1.1829510565288062,South,OK,2186,12948,7678,Republican,No
40011,Blaine County,Oklahoma,8570,6164,332,3,71.92532088681448,3.8739789964994165,0.03500583430571762,South,OK,1342,6108,3786,Republican,No
40013,Bryan County,Oklahoma,48253,33524,1162,347,69.47547302758377,2.408140426501979,0.7191262719416409,South,OK,7138,27998,17812,Republican,No
40015,Caddo County,Oklahoma,26447,14650,897,119,55.3938064808863,3.3916890384542673,0.44995651680719934,South,OK,4828,13772,9496,Republican,No
40017,Canadian County,Oklahoma,168985,122750,6586,5289,72.63958339497589,3.8973873420717813,3.1298635973607123,South,OK,42076,101102,73074,Republican,No
40019,Carter County,Oklahoma,48555,32987,3007,608,67.937390587993,6.1929770363505305,1.2521882401400473,South,OK,8554,29890,19488,Republican,No
40021,Cherokee County,Oklahoma,47942,22152,607,489,46.20583204705686,1.2661132201410037,1.0199824788285845,South,OK,11652,23274,17823,Republican,No
40023,Choctaw County,Oklahoma,14297,8426,1408,110,58.93544100160872,9.848219906274043,0.7693921801776596,South,OK,1888,9266,5639,Republican,No
40025,Cimarron County,Oklahoma,2218,1513,1,0,68.21460775473399,0.045085662759242556,0,South,OK,132,1720,935,Republican,No
40027,Cleveland County,Oklahoma,300047,209137,14586,14138,69.7014134452269,4.8612384059830624,4.711928464540556,South,OK,98864,134450,119294,Republican,No
40029,Coal County,Oklahoma,5320,3474,19,27,65.30075187969925,0.35714285714285715,0.5075187969924813,South,OK,690,4310,2538,Republican,No
40031,Comanche County,Oklahoma,121825,70201,18006,3351,57.62446131746357,14.780217525138518,2.7506669402831934,South,OK,25646,41646,34284,Republican,No
40033,Cotton County,Oklahoma,5485,4272,92,5,77.88514129443938,1.6773017319963537,0.09115770282588878,South,OK,784,4134,2506,Republican,No
40035,Craig County,Oklahoma,14302,8852,479,232,61.893441476716546,3.3491819325968395,1.6221507481471122,South,OK,2424,9480,6056,Republican,No
40037,Creek County,Oklahoma,72830,54700,1448,511,75.10641219277771,1.9881916792530552,0.7016339420568447,South,OK,13286,48196,31312,Republican,No
40039,Custer County,Oklahoma,28259,19436,806,268,68.77808839661701,2.8521886832513537,0.9483704306592591,South,OK,4558,15386,10168,Republican,No
40041,Delaware County,Oklahoma,41279,26130,153,635,63.300952057947136,0.370648513772136,1.5383124591196493,South,OK,6950,28814,18108,Republican,No
40043,Dewey County,Oklahoma,4360,3609,3,4,82.77522935779817,0.06880733944954129,0.09174311926605505,South,OK,418,3968,2215,Republican,No
40045,Ellis County,Oklahoma,3683,3191,14,31,86.64132500678794,0.38012489818083084,0.8417051316861255,South,OK,394,3170,1812,Republican,No
40047,Garfield County,Oklahoma,62146,45476,1486,798,73.1760692562675,2.391143436423905,1.2840729894120297,South,OK,9698,33186,21844,Republican,No
40049,Garvin County,Oklahoma,25860,20020,352,165,77.4168600154679,1.3611755607115237,0.6380510440835266,South,OK,3604,18126,10991,Republican,No
40051,Grady County,Oklahoma,56606,45420,1065,277,80.23884393880508,1.8814259972441083,0.4893474190015193,South,OK,9072,40756,25283,Republican,No
40053,Grant County,Oklahoma,4131,3569,84,6,86.39554587267006,2.033405954974582,0.14524328249818447,South,OK,590,3588,2125,Republican,No
40055,Greer County,Oklahoma,5489,4446,328,10,80.99836035707779,5.975587538713791,0.18218254691200583,South,OK,608,3022,1836,Republican,No
40057,Harmon County,Oklahoma,2406,1615,217,25,67.1238570241064,9.019118869492933,1.0390689941812137,South,OK,330,1418,882,Republican,No
40059,Harper County,Oklahoma,3203,2345,2,2,73.2126131751483,0.06244146113019045,0.06244146113019045,South,OK,294,2568,1451,Republican,No
40061,Haskell County,Oklahoma,11683,7996,32,135,68.44132500213986,0.27390225113412653,1.1555251219720963,South,OK,1436,8312,4936,Republican,No
40063,Hughes County,Oklahoma,13389,8404,706,60,62.767943834491,5.272985286429158,0.4481290611696168,South,OK,1662,7488,4659,Republican,No
40065,Jackson County,Oklahoma,24678,17698,1587,416,71.71569819272227,6.430829078531486,1.6857119701758652,South,OK,3204,12590,8053,Republican,No
40067,Jefferson County,Oklahoma,5380,4276,65,3,79.47955390334572,1.20817843866171,0.055762081784386616,South,OK,638,4040,2375,Republican,No
40069,Johnston County,Oklahoma,10278,7012,236,6,68.22338976454563,2.296166569371473,0.05837711617046118,South,OK,1368,6924,4230,Republican,No
40071,Kay County,Oklahoma,43625,32338,864,231,74.12722063037249,1.980515759312321,0.5295128939828081,South,OK,8272,24966,16913,Republican,No
40073,Kingfisher County,Oklahoma,15430,11705,73,86,75.85871678548283,0.47310434219053793,0.5573558003888529,South,OK,1846,11490,6754,Republican,No
40075,Kiowa County,Oklahoma,8383,6631,302,45,79.10056065847549,3.602528927591554,0.5368006680186092,South,OK,1316,5138,3278,Republican,No
40077,Latimer County,Oklahoma,9518,5907,128,26,62.061357428031094,1.3448203404076486,0.27316663164530364,South,OK,1362,6712,4079,Republican,No
40079,Le Flore County,Oklahoma,49053,34492,866,367,70.3157808900577,1.7654373840539823,0.7481703463600595,South,OK,6368,30666,18754,Republican,No
40081,Lincoln County,Oklahoma,34219,27938,569,192,81.64470031269178,1.662818901779713,0.5610917911102019,South,OK,5424,24990,15465,Republican,No
40083,Logan County,Oklahoma,51938,39498,2986,340,76.04836535869691,5.749162462936578,0.6546266702606954,South,OK,11802,35496,24149,Republican,No
40085,Love County,Oklahoma,10261,7233,213,79,70.49020563297924,2.075821070071143,0.7699054673033817,South,OK,1378,7020,4260,Republican,No
40087,McClain County,Oklahoma,45273,35192,550,269,77.73286506306188,1.2148521193647428,0.5941731274711197,South,OK,8062,34010,21397,Republican,No
40089,McCurtain County,Oklahoma,30863,18542,2409,321,60.07841104234844,7.805462851958655,1.0400803551177786,South,OK,3392,18970,11309,Republican,No
40091,McIntosh County,Oklahoma,19400,13087,504,186,67.45876288659794,2.597938144329897,0.9587628865979381,South,OK,3874,12774,8439,Republican,No
40093,Major County,Oklahoma,7628,6399,1,40,83.8883062401678,0.013109596224436287,0.5243838489774515,South,OK,654,6174,3478,Republican,No
40095,Marshall County,Oklahoma,15792,10429,67,69,66.03976697061803,0.42426545086119555,0.4369300911854103,South,OK,2338,10696,6589,Republican,No
40097,Mayes County,Oklahoma,39604,24901,182,196,62.87496212503787,0.45954954045045954,0.4948995051004949,South,OK,7058,27028,17374,Republican,No
40099,Murray County,Oklahoma,13753,9682,152,0,70.3991856322257,1.1052134079837126,0,South,OK,2160,9378,5885,Republican,No
40101,Muskogee County,Oklahoma,66444,36937,6422,508,55.591174522906506,9.665282042020348,0.7645536090542412,South,OK,14800,33100,24357,Republican,No
40103,Noble County,Oklahoma,10897,8631,30,30,79.20528585849317,0.2753051298522529,0.2753051298522529,South,OK,2018,7706,4957,Republican,No
40105,Nowata County,Oklahoma,9435,6174,165,66,65.43720190779014,1.7488076311605723,0.699523052464229,South,OK,1440,7548,4561,Republican,No
40107,Okfuskee County,Oklahoma,11278,6943,737,113,61.56233374711828,6.534846604007803,1.0019507004788084,South,OK,1708,6160,3988,Republican,No
40109,Oklahoma County,Oklahoma,806199,462934,115502,27443,57.4218028055108,14.326735706692764,3.403998268417599,South,OK,277538,287236,288923,Republican,No
40111,Okmulgee County,Oklahoma,36899,23071,2584,170,62.52472966747066,7.002899807582861,0.4607170926041356,South,OK,7958,20200,14349,Republican,No
40113,Osage County,Oklahoma,45997,28985,4657,121,63.01497923777638,10.124573341739678,0.2630606343891993,South,OK,11734,28808,20628,Republican,No
40115,Ottawa County,Oklahoma,30341,19188,343,255,63.24115882798853,1.130483504169276,0.8404469200092284,South,OK,5022,16980,11178,Republican,No
40117,Pawnee County,Oklahoma,15795,12026,131,81,76.13801836024058,0.8293763849319405,0.5128205128205128,South,OK,2710,10810,6880,Republican,No
40119,Payne County,Oklahoma,82972,62563,3034,3491,75.40254543701491,3.6566552571951982,4.207443474907198,South,OK,21120,35924,29279,Republican,No
40121,Pittsburg County,Oklahoma,43561,30277,1075,215,69.50483230412526,2.467803769426781,0.49356075388535614,South,OK,6946,27682,17572,Republican,No
40123,Pontotoc County,Oklahoma,38235,24372,960,416,63.742644174185955,2.5107885445272657,1.0880083692951485,South,OK,7790,21934,15174,Republican,No
40125,Pottawatomie County,Oklahoma,73463,52298,2176,739,71.18957842723547,2.9620353102922556,1.0059485727509085,South,OK,14532,41830,28774,Republican,No
40127,Pushmataha County,Oklahoma,10790,7511,157,40,69.61075069508804,1.4550509731232624,0.3707136237256719,South,OK,1232,8050,4702,Republican,No
40129,Roger Mills County,Oklahoma,3359,2792,9,10,83.1199761833879,0.2679368859779696,0.29770765108663294,South,OK,320,3096,1733,Republican,No
40131,Rogers County,Oklahoma,98610,69557,938,1835,70.53747084474192,0.9512219855998377,1.860866037927188,South,OK,20292,71884,46902,Republican,No
40133,Seminole County,Oklahoma,23494,15117,842,103,64.3440878522176,3.583893760108964,0.43840980675917257,South,OK,3902,11902,8044,Republican,No
40135,Sequoyah County,Oklahoma,39860,24654,799,272,61.851480180632215,2.004515805318615,0.6823883592574009,South,OK,5814,24982,15583,Republican,No
40137,Stephens County,Oklahoma,43551,34862,644,255,80.04867856076784,1.4787260912493398,0.5855204243300958,South,OK,6472,30184,18620,Republican,No
40139,Texas County,Oklahoma,20774,9648,1124,296,46.442668720516025,5.410609415615673,1.4248579955713874,South,OK,1586,8638,5206,Republican,No
40141,Tillman County,Oklahoma,6910,4462,490,19,64.57308248914616,7.091172214182344,0.27496382054992763,South,OK,1000,4012,2533,Republican,No
40143,Tulsa County,Oklahoma,680794,412418,64684,25746,60.57897102500903,9.501258824255208,3.781760708819408,South,OK,212210,290482,256939,Republican,No
40145,Wagoner County,Oklahoma,86609,59254,2961,1903,68.41552263621563,3.418813287302705,2.1972312346291956,South,OK,18660,56974,38501,Republican,No
40147,Washington County,Oklahoma,53326,38484,1289,1078,72.16742302066534,2.4172073660128266,2.021527960094513,South,OK,11586,33672,23174,Republican,No
40149,Washita County,Oklahoma,10815,9168,140,14,84.77115117891817,1.2944983818770228,0.12944983818770225,South,OK,1102,8060,4652,Republican,No
40151,Woods County,Oklahoma,8596,7392,229,3,85.99348534201955,2.664029781293625,0.034899953466728716,South,OK,1228,5910,3638,Republican,No
40153,Woodward County,Oklahoma,20158,15975,220,78,79.2489334259351,1.0913781129080267,0.38694314912193667,South,OK,1934,12462,7312,Republican,No
41001,Baker County,Oregon,16840,14973,222,63,88.91330166270784,1.3182897862232779,0.37410926365795727,West,OR,2343,7060,9694,Republican,No
41003,Benton County,Oregon,96303,76292,1260,6413,79.2207927063539,1.308370455749042,6.659190264062387,West,OR,33909,14187,50232,Democratic,No
41005,Clackamas County,Oregon,423975,332982,4470,21858,78.53812135149478,1.0543074473730762,5.155492658765257,West,OR,130580,106387,246240,Democratic,No
41007,Clatsop County,Oregon,41363,34355,421,526,83.05732176099413,1.0178178565384521,1.2716679157701327,West,OR,12533,9913,23290,Democratic,No
41009,Columbia County,Oregon,53493,45709,332,423,85.44856336343074,0.620641953152749,0.7907576692277494,West,OR,12895,17227,31334,Republican,No
41011,Coos County,Oregon,64827,54632,415,771,84.27352800530643,0.6401653631974331,1.1893192651210143,West,OR,13731,20849,35735,Republican,No
41013,Crook County,Oregon,26277,23003,138,82,87.54043460060129,0.5251741066331773,0.3120599764052213,West,OR,3836,12012,16297,Republican,No
41015,Curry County,Oregon,23381,19620,5,217,83.91428938026603,0.021384885163166674,0.9281040160814337,West,OR,5737,8000,14200,Republican,No
41017,Deschutes County,Oregon,206334,180121,882,2235,87.2958407242626,0.4274622699118904,1.0831952077699265,West,OR,68108,54850,127375,Democratic,No
41019,Douglas County,Oregon,112072,96864,392,959,86.43015204511386,0.3497751445499322,0.8556999072025127,West,OR,18386,41561,61807,Republican,No
41021,Gilliam County,Oregon,1971,1602,0,0,81.27853881278538,0,0,West,OR,291,805,1134,Republican,No
41023,Grant County,Oregon,7209,6311,9,57,87.54334859203773,0.12484394506866417,0.7906783187682065,West,OR,816,3490,4456,Republican,No
41025,Harney County,Oregon,7499,6503,140,15,86.71822909721297,1.866915588745166,0.20002667022269638,West,OR,797,3307,4255,Republican,No
41027,Hood River County,Oregon,23905,16162,236,190,67.60928676009203,0.9872411629366241,0.794812800669316,West,OR,8364,3854,12707,Democratic,No
41029,Jackson County,Oregon,222645,180152,1419,2411,80.91446023939454,0.6373374654719396,1.082889802151407,West,OR,54065,61743,119572,Republican,No
41031,Jefferson County,Oregon,25203,15628,142,118,62.00849105265246,0.5634249890886006,0.46819823036940045,West,OR,3941,7454,11750,Republican,No
41033,Josephine County,Oregon,88179,75554,367,703,85.68253212216061,0.4161988682112521,0.7972419737125619,West,OR,16928,31129,49628,Republican,No
41035,Klamath County,Oregon,70247,54261,534,726,77.243156291371875,0.7601748117357324,1.033496092359816,West,OR,9856,24675,35515,Republican,No
41037,Lake County,Oregon,8267,6633,40,12,80.23466795693722,0.483851457602516,0.1451554372807548,West,OR,681,3421,4213,Republican,No
41039,Lane County,Oregon,384207,310002,4587,10121,80.68619259930195,1.1938876699279295,2.634257054140086,West,OR,125775,77376,211285,Democratic,No
41041,Lincoln County,Oregon,50964,41211,183,607,80.86296209088768,0.35907699552625383,1.1910368102974649,West,OR,17112,11645,29804,Democratic,No
41043,Linn County,Oregon,130706,109727,664,1372,83.94947439291234,0.508010343825073,1.0496840236867473,West,OR,25749,43078,71429,Republican,No
41045,Malheur County,Oregon,31954,22103,321,380,69.17130875633724,1.0045690680353008,1.18920948863992,West,OR,2884,7710,10945,Republican,No
41047,Marion County,Oregon,349244,231379,4236,7059,66.25138871390776,1.2129055903608936,2.021222984503671,West,OR,73970,77089,156691,Republican,Yes
41049,Morrow County,Oregon,12300,7278,103,27,59.17073170731707,0.8373983739837397,0.21951219512195125,West,OR,1138,3408,4732,Republican,No
41051,Multnomah County,Oregon,801477,544065,44061,60157,67.88279638717019,5.497475286252755,7.505767476795966,West,OR,325927,70759,414250,Democratic,No
41053,Polk County,Oregon,89662,69670,791,1703,77.70292877696237,0.8822020476902145,1.8993553567843677,West,OR,22034,23768,47593,Republican,No
41055,Sherman County,Oregon,1938,1663,9,5,85.81011351909184,0.46439628482972134,0.2579979360165119,West,OR,233,890,1163,Republican,No
41057,Tillamook County,Oregon,27496,23046,218,212,83.81582775676462,0.7928425952865871,0.7710212394530114,West,OR,7747,7971,16252,Republican,No
41059,Umatilla County,Oregon,79940,53277,582,560,66.64623467600701,0.7280460345258944,0.7005253940455342,West,OR,9251,20973,31225,Republican,No
41061,Union County,Oregon,26144,22960,260,326,87.82129742962056,0.9944920440636474,1.2469400244798041,West,OR,4107,9942,14574,Republican,No
41063,Wallowa County,Oregon,7553,6793,99,22,89.9377730703032,1.3107374553157687,0.29127499007017077,West,OR,1573,3366,5108,Republican,No
41065,Wasco County,Oregon,26552,20024,114,185,75.41428141006328,0.42934618861102736,0.6967460078336848,West,OR,6069,6837,13391,Republican,No
41067,Washington County,Oregon,603947,383443,13996,69474,63.48951149686975,2.3174218929806756,11.503327278718166,West,OR,193013,92590,297949,Democratic,No
41069,Wheeler County,Oregon,1485,1264,0,7,85.11784511784512,0,0.47138047138047134,West,OR,210,618,868,Republican,No
41071,Yamhill County,Oregon,108734,83324,805,2111,76.6310445674766,0.7403388084683724,1.9414350617102287,West,OR,26011,29536,57800,Republican,No
42001,Adams County,Pennsylvania,106115,94377,1952,1000,88.93841586957546,1.8395137350987139,0.9423738397022099,Northeast,PA,39684,80496,60650,Republican,No
42003,Allegheny County,Pennsylvania,1238177,941697,154273,53826,76.05511974459225,12.459688719787236,4.347197533147522,Northeast,PA,859832,567190,720504,Democratic,No
42005,Armstrong County,Pennsylvania,64622,61501,608,228,95.17037541394572,0.9408560552133948,0.3528210207050231,Northeast,PA,17106,56592,37119,Republican,No
42007,Beaver County,Pennsylvania,166324,144595,10367,795,86.93573988119574,6.233015079002429,0.4779827324980159,Northeast,PA,74392,113674,94843,Republican,No
42009,Bedford County,Pennsylvania,47513,45397,342,247,95.5464820154484,0.7198030012838591,0.5198577231494538,Northeast,PA,8672,47316,28160,Republican,No
42011,Berks County,Pennsylvania,433015,301447,19969,5859,69.61583316975162,4.611618535154671,1.3530709097837257,Northeast,PA,182250,233354,209838,Republican,No
42013,Blair County,Pennsylvania,121277,111706,2423,849,92.10814911318717,1.997905621016351,0.7000502980779538,Northeast,PA,36254,92704,64949,Republican,No
42015,Bradford County,Pennsylvania,59858,56595,563,327,94.54876541147382,0.9405593237328344,0.5462928931805272,Northeast,PA,15980,45874,31192,Republican,No
42017,Bucks County,Pennsylvania,647461,525093,24691,32489,81.10032882289435,3.8135115474136665,5.0179084145608766,Northeast,PA,396862,397444,401028,Republican,Yes
42019,Butler County,Pennsylvania,197254,183018,2113,2846,92.78290934531113,1.0712076814665354,1.4428097782554474,Northeast,PA,81322,159546,121440,Republican,No
42021,Cambria County,Pennsylvania,131538,119720,4024,754,91.01552403107847,3.0591920205567975,0.5732183855615868,Northeast,PA,42354,98816,71136,Republican,No
42023,Cameron County,Pennsylvania,4427,4101,4,20,92.6360966794669,0.0903546419697312,0.451773209848656,Northeast,PA,1076,3308,2219,Republican,No
42025,Carbon County,Pennsylvania,65382,58151,1467,385,88.94038114465755,2.243736808295861,0.5888470832950965,Northeast,PA,22788,47416,35395,Republican,No
42027,Centre County,Pennsylvania,158576,133022,5257,9133,83.8853294319443,3.315129653919887,5.759383513268086,Northeast,PA,82238,77658,80792,Democratic,No
42029,Chester County,Pennsylvania,547840,422108,28542,37240,77.0495035046729,5.209915303738318,6.797605140186916,Northeast,PA,368562,274598,324964,Democratic,No
42031,Clarion County,Pennsylvania,37179,35093,625,255,94.38930579090346,1.6810565103956534,0.6858710562414266,Northeast,PA,9124,30072,19733,Republican,No
42033,Clearfield County,Pennsylvania,78635,73217,1556,451,93.10993832262987,1.9787626375023843,0.5735359572709353,Northeast,PA,19294,60962,40430,Republican,No
42035,Clinton County,Pennsylvania,37798,35538,391,224,94.02084766389756,1.034446266998254,0.5926239483570559,Northeast,PA,10790,25930,18522,Republican,No
42037,Columbia County,Pennsylvania,65362,59749,1184,485,91.41244147975888,1.8114500780269882,0.7420213579755821,Northeast,PA,22166,42380,32576,Republican,No
42039,Crawford County,Pennsylvania,82716,77153,1148,457,93.27457807437497,1.3878814256008511,0.5524928671599207,Northeast,PA,25716,59370,42872,Republican,No
42041,Cumberland County,Pennsylvania,268323,220348,11921,15553,82.12042948237757,4.442779784066218,5.796372282659332,Northeast,PA,132510,160534,148396,Republican,No
42043,Dauphin County,Pennsylvania,289593,182570,49862,18938,63.04365091697658,17.217957616378847,6.539522709457756,Northeast,PA,156654,138948,149526,Democratic,No
42045,Delaware County,Pennsylvania,579222,366265,128315,36677,63.23395865488535,22.152991426430628,6.332114456978499,Northeast,PA,402648,246842,328172,Democratic,No
42047,Elk County,Pennsylvania,30506,28966,184,130,94.95181275814593,0.6031600340916541,0.42614567626040784,Northeast,PA,8966,25086,17153,Republican,No
42049,Erie County,Pennsylvania,269052,222619,19375,5909,82.74199782941587,7.201210174984761,2.196229725108901,Northeast,PA,134912,137732,137595,Republican,Yes
42051,Fayette County,Pennsylvania,125997,112746,4932,582,89.48308293054596,3.9143789137836613,0.4619157598990452,Northeast,PA,39096,87266,63472,Republican,No
42053,Forest County,Pennsylvania,6715,5290,961,31,78.7788533134773,14.311243484735666,0.4616530156366344,Northeast,PA,1448,3804,2650,Republican,No
42055,Franklin County,Pennsylvania,157379,136565,4870,1632,86.77460143983632,3.0944408084941446,1.0369871456801734,Northeast,PA,47086,119208,83884,Republican,No
42057,Fulton County,Pennsylvania,14531,13601,187,33,93.59988989057875,1.2869038607115821,0.22710068130204392,Northeast,PA,2204,14078,8177,Republican,No
42059,Greene County,Pennsylvania,34835,31901,967,75,91.57743648629251,2.7759437347495335,0.2153007033156308,Northeast,PA,9184,24638,17236,Republican,No
42061,Huntingdon County,Pennsylvania,43653,39268,2020,239,89.95487137195612,4.62740246947518,0.5474995991111722,Northeast,PA,10736,35254,23156,Republican,No
42063,Indiana County,Pennsylvania,83042,76532,1886,743,92.16059343464752,2.271139905108259,0.8947279689795525,Northeast,PA,25394,58430,42229,Republican,No
42065,Jefferson County,Pennsylvania,43864,42057,157,121,95.88044865949298,0.3579244938902061,0.27585263541856647,Northeast,PA,9414,36470,23129,Republican,No
42067,Juniata County,Pennsylvania,23379,21660,233,112,92.64724752983446,0.9966208990974806,0.47906240643312376,Northeast,PA,4580,19442,12104,Republican,No
42069,Lackawanna County,Pennsylvania,216146,175665,6807,6465,81.27145540514282,3.1492602222571784,2.991033838238968,Northeast,PA,119020,112522,116590,Democratic,No
42071,Lancaster County,Pennsylvania,557931,455405,22388,13540,81.62389256019114,4.012682571859244,2.4268233885552157,Northeast,PA,240238,332522,289257,Republican,No
42073,Lawrence County,Pennsylvania,85024,76055,3223,252,89.45121377493413,3.790694392171622,0.2963869025216409,Northeast,PA,30880,62694,47110,Republican,No
42075,Lebanon County,Pennsylvania,144186,116318,3168,2331,80.67218731360882,2.197161999084516,1.616661811826391,Northeast,PA,49468,96564,73692,Republican,No
42077,Lehigh County,Pennsylvania,378792,236150,24476,13517,62.3429217090118,6.461593697860566,3.5684491752729732,Northeast,PA,192634,182414,189810,Democratic,No
42079,Luzerne County,Pennsylvania,327675,248337,16461,3957,75.78759441519799,5.023575188830396,1.2075989929045547,Northeast,PA,125008,184888,156150,Republican,No
42081,Lycoming County,Pennsylvania,113489,100481,4828,1077,88.53809620315626,4.254156790525954,0.9489906510763156,Northeast,PA,34432,83922,59685,Republican,No
42083,McKean County,Pennsylvania,39904,37055,902,285,92.86036487570169,2.2604250200481157,0.7142141138732959,Northeast,PA,10230,28802,19682,Republican,No
42085,Mercer County,Pennsylvania,109257,96236,6358,709,88.08222814098869,5.819306772106135,0.6489286727623859,Northeast,PA,40290,75522,58410,Republican,No
42087,Mifflin County,Pennsylvania,46041,43044,449,146,93.49058447905128,0.9752177407093677,0.31710866401685456,Northeast,PA,9470,34368,22071,Republican,No
42089,Monroe County,Pennsylvania,167515,106651,23309,4388,63.66653732501567,13.914574814195744,2.619466913410739,Northeast,PA,84014,85352,85525,Republican,Yes
42091,Montgomery County,Pennsylvania,867573,633871,80978,69994,73.06255496655612,9.333854326955771,8.067793718799456,Northeast,PA,634206,396622,520906,Democratic,No
42093,Montour County,Pennsylvania,18103,16230,439,622,89.65364856653594,2.425012428879191,3.4358946031044577,Northeast,PA,7724,11888,9908,Republican,No
42095,Northampton County,Pennsylvania,318580,236417,20188,9781,74.20961767844811,6.336869860003767,3.070186452382447,Northeast,PA,173310,179634,178215,Republican,Yes
42097,Northumberland County,Pennsylvania,90560,81389,2372,382,89.87301236749117,2.6192579505300353,0.4218197879858657,Northeast,PA,25726,60480,43522,Republican,No
42099,Perry County,Pennsylvania,46239,43464,369,145,93.99857263349121,0.7980276390060338,0.31358809662838727,Northeast,PA,12770,38146,25725,Republican,No
42101,Philadelphia County,Pennsylvania,1579706,555069,621637,125902,35.137487608453725,39.351436279915376,7.96996403128177,Northeast,PA,1137142,288622,721441,Democratic,No
42103,Pike County,Pennsylvania,60621,47981,3660,829,79.14913973705482,6.037511753352798,1.3675129080681612,Northeast,PA,26264,43074,34950,Republican,No
42105,Potter County,Pennsylvania,16188,15410,72,63,95.19397084259946,0.4447739065974796,0.3891771682727947,Northeast,PA,3350,14668,9085,Republican,No
42107,Schuylkill County,Pennsylvania,143558,125928,4118,697,87.71924936262695,2.8685270065060813,0.48551804845428326,Northeast,PA,41764,103330,73184,Republican,No
42109,Snyder County,Pennsylvania,39668,37487,259,258,94.50186548351316,0.6529192296057276,0.6503983059392962,Northeast,PA,10478,29328,20038,Republican,No
42111,Somerset County,Pennsylvania,72799,68331,1909,415,93.86255305704748,2.622288767702853,0.5700627755875767,Northeast,PA,17192,63986,40881,Republican,No
42113,Sullivan County,Pennsylvania,5888,5520,138,5,93.75,2.34375,0.08491847826086957,Northeast,PA,1952,5442,3721,Republican,No
42115,Susquehanna County,Pennsylvania,38219,36197,99,177,94.70943771422591,0.25903346503048225,0.46312043747874093,Northeast,PA,12186,32228,22404,Republican,No
42117,Tioga County,Pennsylvania,40945,39174,336,156,95.67468555379168,0.8206130174624496,0.38099890096470873,Northeast,PA,10200,32544,21587,Republican,No
42119,Union County,Pennsylvania,42456,37633,2526,846,88.6400037686075,5.949689089881289,1.9926512153759186,Northeast,PA,16030,25938,21188,Republican,No
42121,Venango County,Pennsylvania,49801,46630,628,156,93.63265797875545,1.2610188550430714,0.31324672195337444,Northeast,PA,15248,37766,26732,Republican,No
42123,Warren County,Pennsylvania,37920,35784,314,166,94.36708860759494,0.8280590717299579,0.43776371308016876,Northeast,PA,12424,28690,20723,Republican,No
42125,Washington County,Pennsylvania,210042,189198,6683,2711,90.07627046019367,3.1817446034602606,1.2906942421039602,Northeast,PA,89820,151858,121617,Republican,No
42127,Wayne County,Pennsylvania,51262,45605,1657,389,88.96453513323709,3.2324138738246653,0.7588467090632437,Northeast,PA,18300,40142,29444,Republican,No
42129,Westmoreland County,Pennsylvania,352500,323709,9148,3406,91.83234042553191,2.595177304964539,0.9662411347517731,Northeast,PA,149808,270016,211450,Republican,No
42131,Wyoming County,Pennsylvania,25967,24372,153,63,93.85758847768322,0.5892093811375977,0.2426156275272461,Northeast,PA,9360,20444,15052,Republican,No
42133,York County,Pennsylvania,462924,375793,29054,6866,81.17811995057505,6.276192204335917,1.4831808244981897,Northeast,PA,183852,309768,249210,Republican,No
44001,Bristol County,Rhode Island,50490,45210,572,1308,89.54248366013073,1.132897603485839,2.5906120023767083,Northeast,RI,17458,10048,28335,Democratic,No
44003,Kent County,Rhode Island,171456,146114,3552,5056,85.21953154162001,2.0716685330347144,2.948861515490855,Northeast,RI,46269,44526,93148,Democratic,No
44005,Newport County,Rhode Island,84657,70849,2916,1448,83.68947635753689,3.4444877564761334,1.7104315059593418,Northeast,RI,27332,16027,44618,Democratic,No
44007,Providence County,Rhode Island,664854,396508,52364,28206,59.63835669184513,7.876014884470877,4.24243518125784,Northeast,RI,150102,112443,269679,Democratic,No
44009,Washington County,Rhode Island,130344,116802,1738,2844,89.61056895599337,1.333394709384398,2.1819186153562877,Northeast,RI,42589,31247,76036,Democratic,No
45001,Abbeville County,South Carolina,24420,16916,6212,50,69.27108927108927,25.438165438165438,0.20475020475020475,South,SC,6798,17018,12048,Republican,No
45003,Aiken County,South Carolina,174160,113129,41593,1679,64.95693615066605,23.882062471290766,0.9640560404226,South,SC,62596,107184,86091,Republican,No
45005,Allendale County,South Carolina,7661,1877,5081,313,24.500717921942304,66.3229343427751,4.085628508027673,South,SC,4330,1626,3023,Democratic,No
45007,Anderson County,South Carolina,210478,161072,28586,2221,76.52676289208374,13.581466946664259,1.0552171723410524,South,SC,50562,143656,98296,Republican,No
45009,Bamberg County,South Carolina,13042,4912,7763,66,37.662935132648364,59.52307928231866,0.5060573531666922,South,SC,6490,4752,5694,Democratic,No
45011,Barnwell County,South Carolina,20521,10716,8783,120,52.2196774036353,42.80005847668242,0.5847668242288387,South,SC,8164,11210,9803,Republican,No
45013,Beaufort County,South Carolina,195289,135185,30745,2314,69.22304891724572,15.743334237975512,1.1849105684395946,South,SC,88004,118246,104403,Republican,No
45015,Berkeley County,South Carolina,246802,154062,56699,6365,62.42331909790034,22.973476714127113,2.5789904457824493,South,SC,92832,129554,112834,Republican,No
45017,Calhoun County,South Carolina,14182,7803,5526,30,55.02044845578903,38.964885065576084,0.21153574954167254,South,SC,6678,8948,7914,Republican,No
45019,Charleston County,South Carolina,420264,276973,96255,7521,65.90452667846877,22.90346068185712,1.7895894009479756,South,SC,222854,198530,214521,Democratic,No
45021,Cherokee County,South Carolina,56647,39840,10628,324,70.33029110102919,18.76180556781471,0.5719632107613819,South,SC,11878,37394,24839,Republican,No
45023,Chester County,South Carolina,32182,18737,11183,126,58.22198744639861,34.74923870486607,0.3915232117332671,South,SC,12706,18060,15556,Republican,No
45025,Chesterfield County,South Carolina,43784,26464,13165,202,60.44217065594738,30.06806139228942,0.4613557463913759,South,SC,13040,23364,18391,Republican,No
45027,Clarendon County,South Carolina,30986,15667,13687,260,50.561543923062025,44.17156135028723,0.8390886206673982,South,SC,14128,18130,16320,Republican,No
45029,Colleton County,South Carolina,38783,22225,13094,172,57.30603614985947,33.76221540365624,0.4434932831395199,South,SC,14752,21392,18276,Republican,No
45031,Darlington County,South Carolina,62558,33788,25447,364,54.0106780907318,40.677451325170246,0.5818600338885515,South,SC,25954,34034,30331,Republican,No
45033,Dillon County,South Carolina,27862,12439,12609,9,44.645036250089724,45.25518627521355,0.03230206015361425,South,SC,10482,13052,11861,Republican,No
45035,Dorchester County,South Carolina,167201,103549,42160,3531,61.930849695875025,25.21516019641031,2.111829474704099,South,SC,64978,87678,77764,Republican,No
45037,Edgefield County,South Carolina,27476,15993,8432,111,58.20716261464551,30.688600960838553,0.4039889357985151,South,SC,9318,18184,13919,Republican,No
45039,Fairfield County,South Carolina,20550,8034,11307,21,39.09489051094891,55.02189781021898,0.10218978102189782,South,SC,12554,9584,11215,Democratic,No
45041,Florence County,South Carolina,137117,68104,59096,2230,49.66853125433025,43.098959282948144,1.626348301085934,South,SC,55412,65230,61140,Republican,No
45043,Georgetown County,South Carolina,64811,43061,18109,184,66.44088194905186,27.941244541821604,0.28390242397123944,South,SC,29930,44652,37754,Republican,No
45045,Greenville County,South Carolina,548166,366157,85988,13813,66.7967367549246,15.686489129205386,2.5198571235720566,South,SC,200148,317082,263316,Republican,No
45047,Greenwood County,South Carolina,69489,43340,21748,600,62.36958367511405,31.29703981925197,0.8634460130380347,South,SC,21532,39430,30888,Republican,No
45049,Hampton County,South Carolina,18254,7509,9594,179,41.136189328366385,52.55834337679413,0.9806069902487126,South,SC,8656,7602,8233,Democratic,No
45051,Horry County,South Carolina,383016,293496,45064,5250,76.6276082461307,11.765565929360653,1.370699918541262,South,SC,124650,283438,205954,Republican,No
45053,Jasper County,South Carolina,32166,15468,10572,286,48.088043275508305,32.86700242492072,0.8891375987067089,South,SC,16288,19800,18227,Republican,Yes
45055,Kershaw County,South Carolina,68314,45586,16215,474,66.730099247592,23.735983839330153,0.6938548467371256,South,SC,23652,42578,33533,Republican,No
45057,Lancaster County,South Carolina,104475,71819,20156,2636,68.74276142617852,19.29265374491505,2.5230916487197894,South,SC,40292,67246,54427,Republican,No
45059,Laurens County,South Carolina,68666,46545,15761,422,67.78463868581248,22.953135467334633,0.6145690734861504,South,SC,17538,42220,30213,Republican,No
45061,Lee County,South Carolina,16166,5512,10051,26,34.09625139180997,62.17369788444884,0.16083137448966967,South,SC,9010,6156,8076,Democratic,No
45063,Lexington County,South Carolina,304887,219424,46578,6738,71.96895899136402,15.277135463302796,2.2099991144260005,South,SC,95630,193930,146903,Republican,No
45065,McCormick County,South Carolina,9760,5477,3913,16,56.11680327868852,40.0922131147541,0.16393442622950818,South,SC,5026,7130,6153,Republican,No
45067,Marion County,South Carolina,28664,11234,15736,3,39.19201786212671,54.89813005861011,0.010466089868825006,South,SC,14632,11812,13388,Democratic,No
45069,Marlboro County,South Carolina,25975,10179,12429,107,39.18768046198268,47.84985563041386,0.4119345524542829,South,SC,10274,9792,10152,Democratic,No
45071,Newberry County,South Carolina,38435,23731,11088,182,61.74320280993886,28.84870560686874,0.4735267334460778,South,SC,11682,24134,18129,Republican,No
45073,Oconee County,South Carolina,80469,67741,4291,575,84.18272875268738,5.332488287415029,0.7145608868011284,South,SC,19974,63544,42264,Republican,No
45075,Orangeburg County,South Carolina,83253,28290,50605,832,33.980757450181976,60.784596350882246,0.9993633863043975,South,SC,45664,27500,36970,Democratic,No
45077,Pickens County,South Carolina,134629,113363,7765,2209,84.20399765280882,5.767702352390644,1.6408054728178922,South,SC,27782,91456,60451,Republican,No
45079,Richland County,South Carolina,422117,170439,200284,12651,40.37719400071544,47.44750862912415,2.997036366694542,South,SC,242220,116038,182411,Democratic,No
45081,Saluda County,South Carolina,19131,11275,4063,71,58.935758716219745,21.237781610997857,0.3711253985677696,South,SC,4908,12904,9014,Republican,No
45083,Spartanburg County,South Carolina,347852,231820,67447,8385,66.6432850752619,19.389567977185703,2.4105079171601718,South,SC,101420,206064,155597,Republican,No
45085,Sumter County,South Carolina,104725,46981,48127,1553,44.86130341370255,45.955597994748146,1.4829314872284556,South,SC,46850,42430,45170,Democratic,No
45087,Union County,South Carolina,26885,17346,7475,43,64.5192486516645,27.803607959828902,0.1599404872605542,South,SC,8168,16204,12289,Republican,No
45089,Williamsburg County,South Carolina,30282,9950,19185,238,32.85780331550095,63.35446800079255,0.7859454461396209,South,SC,17268,11048,14330,Democratic,No
45091,York County,South Carolina,293673,200002,54027,8875,68.1036390815635,18.396992573372426,3.0220687635567454,South,SC,119200,176478,150059,Republican,No
46003,Aurora County,South Dakota,2642,2296,15,6,86.90386071158214,0.5677517032551098,0.22710068130204392,North Central,SD,302,1056,1393,Republican,No
46005,Beadle County,South Dakota,19309,13797,190,1892,71.45372624164898,0.9839970997980216,9.798539541146615,North Central,SD,2017,4826,7010,Republican,No
46007,Bennett County,South Dakota,3345,1214,6,49,36.29297458893871,0.17937219730941703,1.4648729446935727,North Central,SD,389,676,1088,Republican,No
46009,Bon Homme County,South Dakota,7044,6096,164,7,86.54173764906304,2.328222600795003,0.09937535491198182,North Central,SD,697,2236,2992,Republican,No
46011,Brookings County,South Dakota,35353,31063,401,1160,87.86524481656437,1.1342743190111166,3.2811925437728053,North Central,SD,5978,8575,14939,Republican,No
46013,Brown County,South Dakota,37877,32343,561,1121,85.38955038677825,1.481109908387676,2.95957969216147,North Central,SD,6075,10645,17043,Republican,No
46015,Brule County,South Dakota,5283,4342,34,0,82.18815067196668,0.6435737270490252,0,North Central,SD,666,1694,2423,Republican,No
46017,Buffalo County,South Dakota,1808,316,0,0,17.47787610619469,0,0,North Central,SD,291,164,466,Democratic,No
46019,Butte County,South Dakota,10676,9496,0,50,88.94717122517797,0,0.4683402023229674,North Central,SD,942,4024,5082,Republican,No
46021,Campbell County,South Dakota,1593,1451,0,1,91.08600125549277,0,0.06277463904582549,North Central,SD,120,706,836,Republican,No
46023,Charles Mix County,South Dakota,9281,5928,14,54,63.87242754013576,0.1508458140286607,0.5818338541105484,North Central,SD,1000,2551,3615,Republican,No
46025,Clark County,South Dakota,3917,3558,21,27,90.83482256829207,0.5361245851416901,0.6893030380393158,North Central,SD,415,1382,1842,Republican,No
46027,Clay County,South Dakota,15219,12933,278,452,84.9793021880544,1.8266640383730863,2.969971745844011,North Central,SD,2944,2574,5657,Democratic,No
46029,Codington County,South Dakota,28767,26037,303,176,90.50995932839713,1.053290228386693,0.6118121458615775,North Central,SD,3840,9349,13510,Republican,No
46031,Corson County,South Dakota,3806,1138,0,0,29.900157645822382,0,0,North Central,SD,495,631,1143,Republican,No
46033,Custer County,South Dakota,8892,7902,29,39,88.8663967611336,0.32613585245164195,0.43859649122807015,North Central,SD,1567,4313,6001,Republican,No
46035,Davison County,South Dakota,19952,17917,133,99,89.80052125100241,0.6665998396150762,0.49619085805934243,North Central,SD,2743,6208,9177,Republican,No
46037,Day County,South Dakota,5437,4572,2,4,84.0904910796395,0.03678499172337686,0.07356998344675372,North Central,SD,1000,1876,2932,Republican,No
46039,Deuel County,South Dakota,4328,4098,22,4,94.68576709796673,0.5083179297597042,0.09242144177449169,North Central,SD,528,1717,2298,Republican,No
46041,Dewey County,South Dakota,5205,1094,27,3,21.01825168107589,0.5187319884726225,0.05763688760806917,North Central,SD,1032,793,1871,Democratic,No
46043,Douglas County,South Dakota,2828,2608,18,0,92.22065063649222,0.6364922206506365,0,North Central,SD,219,1419,1658,Republican,No
46045,Edmunds County,South Dakota,4048,3834,2,30,94.71343873517787,0.04940711462450593,0.7411067193675889,North Central,SD,384,1618,2031,Republican,No
46047,Fall River County,South Dakota,7258,6089,14,140,83.89363461008543,0.19289060347203085,1.9289060347203086,North Central,SD,1030,3135,4274,Republican,No
46049,Faulk County,South Dakota,2126,2021,0,5,95.06114769520225,0,0.23518344308560676,North Central,SD,183,920,1130,Republican,No
46051,Grant County,South Dakota,7563,6862,28,60,90.73119132619331,0.3702234563004099,0.7933359777865925,North Central,SD,946,2594,3630,Republican,No
46053,Gregory County,South Dakota,4016,3475,35,43,86.5288844621514,0.8715139442231075,1.0707171314741035,North Central,SD,426,1790,2267,Republican,No
46055,Haakon County,South Dakota,1722,1550,22,0,90.01161440185831,1.2775842044134729,0,North Central,SD,105,1004,1125,Republican,No
46057,Hamlin County,South Dakota,6373,5860,9,18,91.95041581672682,0.14122077514514358,0.28244155029028717,North Central,SD,610,2560,3226,Republican,No
46059,Hand County,South Dakota,3140,2899,15,3,92.32484076433121,0.47770700636942676,0.09554140127388536,North Central,SD,365,1376,1764,Republican,No
46061,Hanson County,South Dakota,3472,3195,12,0,92.02188940092167,0.3456221198156682,0,North Central,SD,399,1611,2046,Republican,No
46063,Harding County,South Dakota,1148,1049,17,0,91.37630662020906,1.480836236933798,0,North Central,SD,48,754,820,Republican,No
46065,Hughes County,South Dakota,17664,14252,9,116,80.6838768115942,0.050951086956521736,0.6567028985507246,North Central,SD,2838,5379,8435,Republican,No
46067,Hutchinson County,South Dakota,7404,6747,8,27,91.12641815235008,0.10804970286331712,0.3646677471636953,North Central,SD,755,2918,3736,Republican,No
46069,Hyde County,South Dakota,1191,1025,3,0,86.0621326616289,0.2518891687657431,0,North Central,SD,148,530,695,Republican,No
46071,Jackson County,South Dakota,2802,1026,0,0,36.61670235546038,0,0,North Central,SD,357,753,1129,Republican,No
46073,Jerauld County,South Dakota,1772,1617,0,0,91.2528216704289,0,0,North Central,SD,276,708,999,Republican,No
46075,Jones County,South Dakota,1004,805,0,0,80.17928286852589,0,0,North Central,SD,60,477,550,Republican,No
46077,Kingsbury County,South Dakota,5244,4819,0,23,91.89549961861174,0,0.43859649122807015,North Central,SD,760,1989,2801,Republican,No
46079,Lake County,South Dakota,10972,9978,80,81,90.94057601166607,0.7291286912139993,0.7382427998541743,North Central,SD,1978,3819,5906,Republican,No
46081,Lawrence County,South Dakota,27233,24620,107,122,90.40502331729886,0.3929056659200235,0.4479858994602137,North Central,SD,5074,9904,15409,Republican,No
46083,Lincoln County,South Dakota,70638,63223,1691,1230,89.50281718055437,2.393895636909312,1.7412724029559161,North Central,SD,12981,22621,36393,Republican,No
46085,Lyman County,South Dakota,3724,2156,1,1,57.89473684210527,0.02685284640171858,0.02685284640171858,North Central,SD,422,993,1447,Republican,No
46087,McCook County,South Dakota,5751,5358,16,0,93.16640584246218,0.27821248478525473,0,North Central,SD,733,2227,3031,Republican,No
46089,McPherson County,South Dakota,2145,2076,0,0,96.78321678321679,0,0,North Central,SD,188,1087,1299,Republican,No
46091,Marshall County,South Dakota,4344,3670,19,8,84.48434622467772,0.43738489871086556,0.1841620626151013,North Central,SD,782,1288,2109,Republican,No
46093,Meade County,South Dakota,30546,26380,656,211,86.36155306750474,2.147580697963727,0.6907614744974793,North Central,SD,3421,10887,14672,Republican,No
46095,Mellette County,South Dakota,1943,674,0,0,34.68862583633556,0,0,North Central,SD,285,434,740,Republican,No
46097,Miner County,South Dakota,2300,2208,16,4,96,0.6956521739130435,0.17391304347826086,North Central,SD,293,841,1167,Republican,No
46099,Minnehaha County,South Dakota,203289,162033,13269,3188,79.70573912016883,6.527160839986424,1.5682107738244566,North Central,SD,39923,51842,93986,Republican,No
46101,Moody County,South Dakota,6397,4772,14,108,74.59746756292012,0.21885258715022668,1.688291386587463,North Central,SD,1052,2068,3189,Republican,No
46103,Pennington County,South Dakota,113512,89672,1280,1401,78.9978152089647,1.1276340827401508,1.2342307421241807,North Central,SD,20051,35009,56580,Republican,No
46105,Perkins County,South Dakota,3001,2787,0,20,92.86904365211596,0,0.6664445184938355,North Central,SD,228,1342,1591,Republican,No
46107,Potter County,South Dakota,2388,2227,37,15,93.25795644891123,1.5494137353433837,0.628140703517588,North Central,SD,214,1059,1298,Republican,No
46109,Roberts County,South Dakota,10221,5830,33,83,57.03942862733587,0.3228646903434106,0.8120536151061539,North Central,SD,1560,2514,4149,Republican,No
46111,Sanborn County,South Dakota,2384,2214,0,0,92.86912751677853,0,0,North Central,SD,259,929,1212,Republican,No
46115,Spink County,South Dakota,6219,5768,97,0,92.7480302299405,1.5597362920083615,0,North Central,SD,921,2145,3139,Republican,No
46117,Stanley County,South Dakota,3015,2655,3,0,88.05970149253731,0.09950248756218905,0,North Central,SD,447,1260,1735,Republican,No
46119,Sully County,South Dakota,1526,1320,69,0,86.50065530799476,4.521625163826998,0,North Central,SD,168,716,901,Republican,No
46121,Todd County,South Dakota,9244,747,41,287,8.08091735179576,0.44353093898745133,3.1047165729121593,North Central,SD,1570,497,2126,Democratic,No
46123,Tripp County,South Dakota,5611,4485,44,25,79.93227588665121,0.7841739440384958,0.44555337729459993,North Central,SD,470,2150,2654,Republican,No
46125,Turner County,South Dakota,8882,8299,37,27,93.43616302634543,0.4165728439540644,0.3039855888313443,North Central,SD,1044,3374,4538,Republican,No
46127,Union County,South Dakota,17081,15367,160,190,89.96545869679761,0.9367133071834202,1.1123470522803114,North Central,SD,2548,6160,8876,Republican,No
46129,Walworth County,South Dakota,5271,4142,18,32,78.58091443748815,0.3414911781445646,0.6070954278125593,North Central,SD,481,1940,2466,Republican,No
46135,Yankton County,South Dakota,23414,20564,385,75,87.82779533612369,1.6443153668745196,0.32032117536516613,North Central,SD,3883,6650,10832,Republican,No
46137,Ziebach County,South Dakota,2377,647,0,0,27.219183845183004,0,0,North Central,SD,366,388,781,Republican,Yes
47001,Anderson County,Tennessee,79153,68854,2662,1112,86.98849064470076,3.3631068942427955,1.4048741045822648,South,TN,11525,24582,36548,Republican,No
47003,Bedford County,Tennessee,52237,39330,3349,441,75.29146007619121,6.411164500258437,0.844229186209009,South,TN,4122,15772,20090,Republican,No
47005,Benton County,Tennessee,16006,14473,233,166,90.42234162189179,1.4557041109583906,1.037111083343746,South,TN,1317,5886,7260,Republican,No
47007,Bledsoe County,Tennessee,15032,13213,910,26,87.89914848323576,6.053751995742416,0.1729643427354976,South,TN,891,5254,6191,Republican,No
47009,Blount County,Tennessee,139333,124360,3553,1100,89.25380204258862,2.5500061004930634,0.7894755729080691,South,TN,17664,50699,69224,Republican,No
47011,Bradley County,Tennessee,111065,93033,4912,1297,83.76446225183452,4.422635393688381,1.167784630621708,South,TN,9852,38836,49246,Republican,No
47013,Campbell County,Tennessee,39761,38085,201,79,95.78481426523477,0.5055204848972612,0.19868715575563994,South,TN,2305,13115,15528,Republican,No
47015,Cannon County,Tennessee,14818,13832,337,0,93.34593062491564,2.2742610338777163,0,South,TN,1132,5682,6881,Republican,No
47017,Carroll County,Tennessee,28641,24195,2415,87,84.47679899444852,8.4319681575364,0.3037603435634231,South,TN,2233,9547,11882,Republican,No
47019,Carter County,Tennessee,56712,53094,1078,63,93.62039779940753,1.9008322753561857,0.11108760050782902,South,TN,4454,20167,24852,Republican,No
47021,Cheatham County,Tennessee,41829,37747,891,300,90.24122020607712,2.130101126013053,0.7172057663343614,South,TN,5464,14987,20741,Republican,No
47023,Chester County,Tennessee,17611,14928,1667,29,84.7652035659531,9.46567486230197,0.1646698086423258,South,TN,1286,6206,7577,Republican,No
47025,Claiborne County,Tennessee,32466,30577,191,220,94.18160537177354,0.5883077681266555,0.6776319842296556,South,TN,1971,11463,13534,Republican,No
47027,Clay County,Tennessee,7670,7214,256,41,94.05475880052151,3.33767926988266,0.5345501955671448,South,TN,614,3117,3760,Republican,No
47029,Cocke County,Tennessee,36813,34152,817,181,92.77157525874013,2.219324695080542,0.4916741368538288,South,TN,2415,13105,15663,Republican,No
47031,Coffee County,Tennessee,59710,51977,2526,764,87.04907050745268,4.230447161279518,1.2795176687322056,South,TN,5440,19174,24932,Republican,No
47033,Crockett County,Tennessee,13944,10070,1514,62,72.21744119334481,10.857716580608146,0.44463568559954103,South,TN,1196,4674,5921,Republican,No
47035,Cumberland County,Tennessee,63553,59603,544,221,93.7847151196639,0.8559784746589462,0.34774125533019684,South,TN,6996,27399,34642,Republican,No
47037,Davidson County,Tennessee,715388,395172,175808,24838,55.23883542916571,24.575195558214563,3.471962068136452,South,TN,181862,102256,290036,Democratic,No
47039,Decatur County,Tennessee,11579,10592,315,161,91.47594783660075,2.7204421798082734,1.3904482252353398,South,TN,819,4596,5466,Republican,No
47041,DeKalb County,Tennessee,20959,18453,325,231,88.04332267760866,1.5506465003101293,1.1021518202204303,South,TN,1706,7599,9396,Republican,No
47043,Dickson County,Tennessee,55983,49567,2093,83,88.53937802547202,3.738634942750478,0.1482592929996606,South,TN,5913,19002,25204,Republican,No
47045,Dyer County,Tennessee,36508,28284,5490,226,77.47343048099047,15.037799934260985,0.6190424016653884,South,TN,2707,11603,14394,Republican,No
47047,Fayette County,Tennessee,43267,28511,10858,302,65.89548616728685,25.0953382485497,0.6979915408972196,South,TN,6720,16756,23696,Republican,No
47049,Fentress County,Tennessee,19309,18321,45,42,94.88321508105028,0.23305194468900511,0.21751514837640476,South,TN,1149,8555,9771,Republican,No
47051,Franklin County,Tennessee,43990,38760,2151,434,88.11093430325074,4.889747669924983,0.9865878608774722,South,TN,4529,15016,19728,Republican,No
47053,Gibson County,Tennessee,50869,38272,7406,202,75.23639151546129,14.558965185083252,0.397098429298787,South,TN,5100,16346,21648,Republican,No
47055,Giles County,Tennessee,30620,25546,2617,150,83.42913128674068,8.546701502286087,0.48987589810581317,South,TN,2974,10394,13487,Republican,No
47057,Grainger County,Tennessee,24266,23185,324,43,95.54520728591444,1.3352015165251794,0.17720267040303306,South,TN,1432,9630,11130,Republican,No
47059,Greene County,Tennessee,71628,65436,1253,365,91.35533590216116,1.7493159099793376,0.5095772602892724,South,TN,5145,25586,31095,Republican,No
47061,Grundy County,Tennessee,13819,12962,62,105,93.79839351617338,0.4486576452710037,0.759823431507345,South,TN,948,5334,6328,Republican,No
47063,Hamblen County,Tennessee,65669,52162,1909,661,79.43169532047084,2.907003304451111,1.0065632185658377,South,TN,5132,20154,25501,Republican,No
47065,Hamilton County,Tennessee,376192,264229,64101,7861,70.23780410003403,17.03943730860837,2.089624447090847,South,TN,74437,97195,174438,Republican,No
47067,Hancock County,Tennessee,6852,6541,38,23,95.46117921774663,0.5545826036193812,0.3356684179801518,South,TN,334,2558,2908,Republican,No
47069,Hardeman County,Tennessee,25433,13590,9758,187,53.4345142138167,38.36747532733064,0.7352652066213187,South,TN,3527,5793,9399,Republican,No
47071,Hardin County,Tennessee,27249,25121,956,8,92.19053910235237,3.5083856288304154,0.029358875555066243,South,TN,1704,10293,12094,Republican,No
47073,Hawkins County,Tennessee,57964,54392,722,344,93.83755434407564,1.2456007176868402,0.5934718100890208,South,TN,3987,22066,26266,Republican,No
47075,Haywood County,Tennessee,17475,7568,8561,21,43.30758226037196,48.989985693848354,0.12017167381974249,South,TN,3311,3286,6652,Democratic,No
47077,Henderson County,Tennessee,27980,24389,2199,45,87.16583273766977,7.859185132237312,0.16082916368834882,South,TN,1902,10083,12047,Republican,No
47079,Henry County,Tennessee,32412,28116,2141,180,86.74564975934838,6.605578180920648,0.5553498704183636,South,TN,3286,11629,15076,Republican,No
47081,Hickman County,Tennessee,25436,22754,806,139,89.45588929076898,3.168737222833779,0.5464695706872149,South,TN,1968,8265,10309,Republican,No
47083,Houston County,Tennessee,8353,7703,214,22,92.2183646594038,2.5619537890578234,0.26337842691248653,South,TN,773,2989,3810,Republican,No
47085,Humphreys County,Tennessee,19214,17285,337,57,89.9604455084834,1.7539294264598728,0.2966586863745186,South,TN,1767,6400,8264,Republican,No
47087,Jackson County,Tennessee,12029,11171,49,0,92.86723750935239,0.4073489068085461,0,South,TN,1040,4586,5676,Republican,No
47089,Jefferson County,Tennessee,56864,51517,844,318,90.59686268992684,1.484243106359032,0.5592290377039955,South,TN,4503,21068,25815,Republican,No
47091,Johnson County,Tennessee,18196,15995,864,53,87.90393493075402,4.7482963288634865,0.2912728072103759,South,TN,1212,6829,8102,Republican,No
47093,Knox County,Tennessee,494148,395602,39839,11422,80.05739171260431,8.062159514963128,2.3114532488242387,South,TN,87516,130815,221864,Republican,No
47095,Lake County,Tennessee,6579,4285,1477,34,65.13147894816842,22.450220398236816,0.516795865633075,South,TN,429,1493,1939,Republican,No
47097,Lauderdale County,Tennessee,24784,14621,8305,155,58.993705616526796,33.50952227243383,0.6254034861200775,South,TN,2571,5633,8266,Republican,No
47099,Lawrence County,Tennessee,45385,42177,631,166,92.9315853255481,1.390327200616944,0.3657596122066762,South,TN,2939,16429,19533,Republican,No
47101,Lewis County,Tennessee,12992,12067,73,47,92.88023399014779,0.561884236453202,0.36176108374384236,South,TN,991,4852,5890,Republican,No
47103,Lincoln County,Tennessee,35946,30704,1998,227,85.41701441050465,5.558337506259389,0.6315028097702109,South,TN,2782,13208,16128,Republican,No
47105,Loudon County,Tennessee,58580,51108,743,526,87.24479344486173,1.2683509730283373,0.897917377944691,South,TN,7625,25226,33209,Republican,No
47107,McMinn County,Tennessee,54884,48155,1765,450,87.73959623934115,3.215873478609431,0.8199110851978719,South,TN,4207,19673,24072,Republican,No
47109,McNairy County,Tennessee,25970,23420,1394,108,90.18097805159799,5.367731998459761,0.4158644589911436,South,TN,1727,9437,11267,Republican,No
47111,Macon County,Tennessee,26240,23268,179,46,88.67378048780488,0.6821646341463414,0.1753048780487805,South,TN,1277,8958,10333,Republican,No
47113,Madison County,Tennessee,99295,53890,36004,981,54.27262198499421,36.259630394279675,0.9879651543380835,South,TN,16115,23385,39964,Republican,No
47115,Marion County,Tennessee,29250,26546,871,72,90.75555555555556,2.977777777777778,0.24615384615384617,South,TN,3026,10788,13933,Republican,No
47117,Marshall County,Tennessee,36049,31052,1347,250,86.1383117423507,3.736580765069766,0.6935005131903798,South,TN,3390,12426,15962,Republican,No
47119,Maury County,Tennessee,107791,84793,11171,1099,78.66426696106355,10.363573953298513,1.0195656409162175,South,TN,14145,37376,52090,Republican,No
47121,Meigs County,Tennessee,13343,11901,296,52,89.192835194484,2.2183916660421197,0.3897174548452372,South,TN,968,5085,6099,Republican,No
47123,Monroe County,Tennessee,47695,41985,956,104,88.02809518817486,2.004402977251284,0.21805220673026524,South,TN,3608,18526,22323,Republican,No
47125,Montgomery County,Tennessee,234153,146834,45681,6107,62.70857089168194,19.509038961704526,2.6081237481475785,South,TN,32736,47795,81755,Republican,No
47127,Moore County,Tennessee,6674,6181,144,39,92.61312556188193,2.1576266107281987,0.5843572070722206,South,TN,542,3060,3654,Republican,No
47129,Morgan County,Tennessee,21361,19578,939,25,91.65301249941481,4.395861616965497,0.11703571930153082,South,TN,1054,7427,8560,Republican,No
47131,Obion County,Tennessee,30453,24234,3198,99,79.57836666338292,10.501428430696484,0.3250911240271894,South,TN,2221,10596,12900,Republican,No
47133,Overton County,Tennessee,23065,21856,318,56,94.75829178408844,1.3787123347062649,0.24279210925644917,South,TN,1931,9042,11069,Republican,No
47135,Perry County,Tennessee,8697,7841,24,20,90.15752558353455,0.2759572266298724,0.22996435552489364,South,TN,558,3139,3716,Republican,No
47137,Pickett County,Tennessee,5079,4837,7,0,95.23528253593227,0.1378224059854302,0,South,TN,487,2441,2954,Republican,No
47139,Polk County,Tennessee,17898,16032,142,53,89.57425410660409,0.7933847357246621,0.2961224717845569,South,TN,1356,7302,8727,Republican,No
47141,Putnam County,Tennessee,82558,71624,2008,947,86.75597761573681,2.432229462923036,1.1470723612490612,South,TN,8991,25554,34939,Republican,No
47143,Rhea County,Tennessee,33992,29863,506,241,87.85302424099788,1.4885855495410685,0.708990350670746,South,TN,2312,11974,14444,Republican,No
47145,Roane County,Tennessee,55208,50301,1409,359,91.11179539197218,2.552166352702507,0.6502680770902768,South,TN,6073,21011,27412,Republican,No
47147,Robertson County,Tennessee,75539,60710,5448,566,80.36908087213229,7.2121685486967,0.7492818279299435,South,TN,8428,26260,35070,Republican,No
47149,Rutherford County,Tennessee,360646,237834,53479,13222,65.94666237806602,14.82866855586919,3.666198987372659,South,TN,56656,88811,147656,Republican,No
47151,Scott County,Tennessee,22113,21351,54,75,96.55406322072989,0.2442002442002442,0.3391670058336725,South,TN,942,8608,9605,Republican,No
47153,Sequatchie County,Tennessee,16809,15468,84,139,92.02213100124933,0.4997322862752097,0.8269379499077875,South,TN,1292,6522,7890,Republican,No
47155,Sevier County,Tennessee,99652,85838,1184,1295,86.13775940272147,1.1881347087865772,1.2995223377353189,South,TN,8322,35207,43970,Republican,No
47157,Shelby County,Tennessee,919173,312512,482006,27121,33.99925802868448,52.43909470796031,2.950587103842258,South,TN,201759,118917,326497,Democratic,No
47159,Smith County,Tennessee,20389,18414,384,91,90.31340428662514,1.8833684830055424,0.44631909362891753,South,TN,1595,7655,9336,Republican,No
47161,Stewart County,Tennessee,14027,12914,196,114,92.06530263064091,1.3973051971198402,0.81271832893705,South,TN,1160,5389,6620,Republican,No
47163,Sullivan County,Tennessee,160624,148461,3307,1204,92.42765713716506,2.058845502540094,0.7495766510608627,South,TN,16624,58154,75541,Republican,No
47165,Sumner County,Tennessee,204424,162961,17412,3242,79.71715649825852,8.517590889523735,1.5859194615113685,South,TN,27874,68767,97761,Republican,No
47167,Tipton County,Tennessee,61553,45987,11214,281,74.71122447321821,18.218445892157977,0.45651714782382663,South,TN,6178,20303,26733,Republican,No
47169,Trousdale County,Tennessee,11957,9517,1319,9,79.59354353098604,11.03119511583173,0.07526971648406791,South,TN,856,3359,4251,Republican,No
47171,Unicoi County,Tennessee,17756,16139,120,25,90.89321919351205,0.6758278891642262,0.1407974769092138,South,TN,1578,6876,8541,Republican,No
47173,Union County,Tennessee,20431,19327,70,11,94.59644657628115,0.3426166120111595,0.053839753316039345,South,TN,1216,7384,8669,Republican,No
47175,Van Buren County,Tennessee,6437,6092,17,8,94.64036041634301,0.26409818238309773,0.12428149759204597,South,TN,524,2718,3265,Republican,No
47177,Warren County,Tennessee,42166,36046,1131,240,85.48593653654603,2.6822558459422283,0.5691789593511359,South,TN,3647,13192,17015,Republican,No
47179,Washington County,Tennessee,136261,118236,4835,2135,86.77171017385751,3.5483373819361375,1.5668459794071672,South,TN,18131,42299,61234,Republican,No
47181,Wayne County,Tennessee,16168,14431,692,0,89.25655616031668,4.280059376546264,0,South,TN,762,6016,6831,Republican,No
47183,Weakley County,Tennessee,33016,28200,2597,446,85.41313302641143,7.865883208141507,1.350860188999273,South,TN,2725,10541,13394,Republican,No
47185,White County,Tennessee,28160,26076,287,124,92.59943181818183,1.0191761363636362,0.44034090909090906,South,TN,2105,10717,12931,Republican,No
47187,Williamson County,Tennessee,260351,213322,10189,13977,81.93630905969249,3.9135628440067447,5.368521726438539,South,TN,47695,94562,144668,Republican,No
47189,Wilson County,Tennessee,158805,128404,11470,3618,80.85639620918737,7.222694499543465,2.2782657976763954,South,TN,23855,56425,81254,Republican,No
48001,Anderson County,Texas,58439,34060,10841,390,58.28299594448912,18.550967675696025,0.6673625489826999,South,TX,6312,27163,19358,Republican,No
48003,Andrews County,Texas,18610,10736,298,75,57.68941429339065,1.601289629231596,0.4030091348737238,South,TX,1407,9412,6060,Republican,No
48005,Angelina County,Texas,87275,55368,10591,825,63.440847894586085,12.135204812374678,0.9452878831280435,South,TX,14246,46949,34422,Republican,No
48007,Aransas County,Texas,24876,19140,321,331,76.9416304872166,1.290400385914134,1.330599774883422,South,TX,5263,18743,13031,Republican,No
48009,Archer County,Texas,8867,7883,130,50,88.90267283184843,1.4661102966053907,0.563888575617458,South,TX,917,8137,5132,Republican,No
48011,Armstrong County,Texas,1822,1638,11,29,89.90120746432491,0.6037321624588364,1.5916575192096598,South,TX,138,1872,1109,Republican,No
48013,Atascosa County,Texas,51008,23692,627,318,46.44761606022585,1.2292189460476788,0.6234316185696361,South,TX,8931,23119,18444,Republican,No
48015,Austin County,Texas,31170,20766,2463,257,66.62175168431183,7.901828681424447,0.8245107475136348,South,TX,4971,22475,15383,Republican,No
48017,Bailey County,Texas,6913,4929,61,52,71.30044843049326,0.8823954867640676,0.7522059887169101,South,TX,541,2397,1741,Republican,No
48019,Bandera County,Texas,22021,16998,274,110,77.18995504291358,1.2442668362018074,0.499523182416784,South,TX,4692,20246,13600,Republican,No
48021,Bastrop County,Texas,106582,57769,6155,856,54.201459908802605,5.774896323957141,0.8031374903829914,South,TX,29061,42001,39806,Republican,No
48023,Baylor County,Texas,3485,2874,43,0,82.46771879483501,1.2338593974175036,0,South,TX,326,2711,1675,Republican,No
48025,Bee County,Texas,31083,13725,2262,156,44.155969501013416,7.277289836888332,0.5018820577164366,South,TX,4557,10692,8790,Republican,No
48027,Bell County,Texas,386897,190153,88557,11766,49.14822291204119,22.88903765084764,3.0411194710736966,South,TX,96159,133602,130662,Republican,No
48029,Bexar County,Texas,2067341,874523,163786,69327,42.301826355690714,7.922543982826248,3.3534380636769647,South,TX,747781,603686,758323,Democratic,No
48031,Blanco County,Texas,12446,10003,134,12,80.37120359955006,1.0766511328941024,0.09641651936365098,South,TX,3717,12003,8523,Republican,No
48033,Borden County,Texas,713,645,4,0,90.46283309957924,0.5610098176718092,0,South,TX,27,665,387,Republican,No
48035,Bosque County,Texas,18687,14409,230,81,77.10707978808797,1.230802161930754,0.4334564135495264,South,TX,2602,13636,9576,Republican,No
48037,Bowie County,Texas,92115,59018,22866,1273,64.06991260923846,24.82331867773978,1.3819681919339954,South,TX,16345,47693,36644,Republican,No
48039,Brazoria County,Texas,391255,186775,63338,29076,47.737409106592885,16.188419317325017,7.431470524338348,South,TX,118863,177854,162046,Republican,No
48041,Brazos County,Texas,242311,153237,25439,14486,63.23980339316003,10.498491607892337,5.978267598251833,South,TX,60767,103052,91961,Republican,No
48043,Brewster County,Texas,9503,6547,56,177,68.89403346311691,0.5892875933915606,1.8625697148268967,South,TX,3407,4458,4578,Republican,No
48045,Briscoe County,Texas,1301,1089,79,0,83.70484242890085,6.072252113758648,0,South,TX,123,1135,745,Republican,No
48047,Brooks County,Texas,6943,1672,40,0,24.081809016275386,0.5761198329252484,0,South,TX,2252,1750,2402,Democratic,No
48049,Brown County,Texas,38347,28670,1408,228,74.76464912509454,3.6717344251180015,0.594570631340131,South,TX,3642,25480,16853,Republican,No
48051,Burleson County,Texas,18857,13131,2002,180,69.63461844407912,10.616747096568915,0.9545526860051969,South,TX,2972,13608,9369,Republican,No
48053,Burnet County,Texas,52652,41755,656,377,79.30373015270075,1.2459165843652662,0.7160221833928435,South,TX,11208,39898,28153,Republican,No
48055,Caldwell County,Texas,48669,22908,2372,370,47.06897614497935,4.873738930325258,0.7602375228584931,South,TX,11909,15966,15693,Republican,No
48057,Calhoun County,Texas,19868,11034,517,824,55.53654117173345,2.602174350714717,4.14737265955305,South,TX,3223,10062,7832,Republican,No
48059,Callahan County,Texas,14241,11886,165,82,83.46323994101537,1.158626500947967,0.5758022610771715,South,TX,1343,11057,6988,Republican,No
48061,Cameron County,Texas,426120,150891,2563,3463,35.41044776119403,0.6014737632591759,0.8126818736506148,South,TX,96351,105792,116153,Republican,Yes
48063,Camp County,Texas,12798,7564,2002,173,59.10298484138147,15.64306922956712,1.351773714642913,South,TX,2098,7272,5242,Republican,No
48065,Carson County,Texas,5801,5237,40,16,90.27753835545596,0.6895362868470953,0.27581451473883817,South,TX,503,4754,3177,Republican,No
48067,Cass County,Texas,28568,21831,4640,210,76.41767012041444,16.241949033884065,0.7350882105852702,South,TX,4185,20927,14143,Republican,No
48069,Castro County,Texas,7344,3000,86,66,40.849673202614376,1.1710239651416121,0.8986928104575163,South,TX,644,2547,2023,Republican,No
48071,Chambers County,Texas,51498,35031,4198,779,68.02400093207504,8.15177288438386,1.512680104081712,South,TX,7481,38079,24973,Republican,No
48073,Cherokee County,Texas,51886,33771,6666,231,65.08692132752573,12.847396214778554,0.445206799522029,South,TX,6606,29636,20507,Republican,No
48075,Childress County,Texas,6743,4309,454,13,63.90330713332345,6.732908201097435,0.19279252558208512,South,TX,448,3551,2272,Republican,No
48077,Clay County,Texas,10495,9426,104,84,89.81419723677942,0.9909480705097666,0.800381133873273,South,TX,971,8671,5908,Republican,No
48079,Cochran County,Texas,2550,1089,125,1,42.705882352941174,4.901960784313726,0.0392156862745098,South,TX,234,1190,893,Republican,No
48081,Coke County,Texas,3353,2826,42,8,84.28273188189681,1.2526096033402923,0.23859230539815093,South,TX,303,2787,1814,Republican,No
48083,Coleman County,Texas,7833,6085,360,44,77.68415677262863,4.595940252776714,0.5617260308949318,South,TX,790,6908,4156,Republican,No
48085,Collin County,Texas,1163337,621943,127684,218741,53.461980492325104,10.975667411936524,18.80289202526869,South,TX,412218,519368,515585,Republican,No
48087,Collingsworth County,Texas,2588,1482,115,0,57.26429675425039,4.443585780525503,0,South,TX,235,1823,1201,Republican,No
48089,Colorado County,Texas,21006,12532,2159,141,59.65914500618871,10.278015805008094,0.6712367894887175,South,TX,3743,14012,9994,Republican,No
48091,Comal County,Texas,183826,130763,4872,2947,71.13411595748154,2.650332379532819,1.603146453711662,South,TX,51395,139421,103491,Republican,No
48093,Comanche County,Texas,13950,9727,60,47,69.72759856630825,0.43010752688172044,0.33691756272401435,South,TX,1447,10084,6544,Republican,No
48095,Concho County,Texas,3328,2248,158,56,67.54807692307693,4.747596153846153,1.6826923076923077,South,TX,239,1695,1198,Republican,No
48097,Cooke County,Texas,43046,33253,1378,313,77.2499186916322,3.201226594805557,0.7271291176880547,South,TX,5690,28989,20447,Republican,No
48099,Coryell County,Texas,84748,49672,12161,1665,58.61141265870581,14.349601170529096,1.9646481332892811,South,TX,12452,29604,23926,Republican,No
48101,Cottle County,Texas,1368,694,32,0,50.73099415204678,2.3391812865497075,0,South,TX,156,1050,657,Republican,No
48103,Crane County,Texas,4610,1849,145,72,40.108459869848154,3.14533622559653,1.561822125813449,South,TX,293,2040,1389,Republican,No
48105,Crockett County,Texas,2822,930,7,0,32.9553508150248,0.24805102763997164,0,South,TX,566,1920,1417,Republican,No
48107,Crosby County,Texas,5041,3319,175,35,65.84011108906964,3.471533425907558,0.6943066851815116,South,TX,716,2248,1880,Republican,No
48109,Culberson County,Texas,2195,1127,5,27,51.34396355353075,0.22779043280182232,1.2300683371298404,South,TX,532,710,781,Republican,Yes
48111,Dallam County,Texas,7298,3717,15,3,50.931762126610025,0.20553576322280076,0.04110715264456015,South,TX,240,2137,1447,Republican,No
48113,Dallas County,Texas,2621179,910742,587065,185198,34.74550955886645,22.396982426610315,7.065446503272001,South,TX,915104,570084,849872,Democratic,No
48115,Dawson County,Texas,12134,6001,815,63,49.456073842096586,6.716663919564859,0.519202241635075,South,TX,1119,4941,3513,Republican,No
48117,Deaf Smith County,Texas,18460,7469,479,12,40.46045503791983,2.594799566630553,0.06500541711809318,South,TX,1686,5698,4286,Republican,No
48119,Delta County,Texas,5438,4419,440,24,81.26149319602796,8.091210003677823,0.4413387274733358,South,TX,671,3832,2658,Republican,No
48121,Denton County,Texas,979561,557664,107302,108976,56.929992108709925,10.95409065897887,11.124983538544306,South,TX,353554,465295,449188,Republican,No
48123,DeWitt County,Texas,20016,11786,1214,133,58.88289368505196,6.065147881694644,0.6644684252597921,South,TX,2214,11517,7825,Republican,No
48125,Dickens County,Texas,1747,1303,24,27,74.58500286204924,1.3737836290784202,1.5455065827132226,South,TX,222,1411,993,Republican,No
48127,Dimmit County,Texas,8380,1203,94,46,14.35560859188544,1.1217183770883055,0.548926014319809,South,TX,2964,2679,3427,Democratic,No
48129,Donley County,Texas,3257,2742,168,83,84.1879029782008,5.158120970217992,2.5483573840957936,South,TX,313,2773,1712,Republican,No
48131,Duval County,Texas,9742,5401,69,117,55.440361322110455,0.7082734551426811,1.20098542393759,South,TX,3534,4212,4461,Republican,Yes
48133,Eastland County,Texas,18011,14545,388,85,80.75620454166898,2.154239076120149,0.47193381822219754,South,TX,1615,13010,8364,Republican,No
48135,Ector County,Texas,164654,79219,7352,2015,48.11240540770343,4.465120798765897,1.2237783473222636,South,TX,17132,55784,42615,Republican,No
48137,Edwards County,Texas,1290,960,27,0,74.4186046511628,2.0930232558139537,0,South,TX,220,1541,1005,Republican,No
48139,Ellis County,Texas,213160,126957,30976,1820,59.55948583223869,14.531807093263277,0.8538187277162694,South,TX,61445,118218,99557,Republican,No
48141,El Paso County,Texas,870779,257683,29487,11128,29.59223867364739,3.386278263485913,1.2779361927653285,South,TX,250950,177576,251569,Democratic,No
48143,Erath County,Texas,43794,34730,835,441,79.30310088139927,1.9066538795268757,1.0069872585285655,South,TX,5093,27529,18351,Republican,No
48145,Falls County,Texas,17291,10009,3230,961,57.885605228153366,18.68023827424672,5.557804638251113,South,TX,2768,7203,6277,Republican,No
48147,Fannin County,Texas,37326,30313,2200,187,81.21148797085141,5.8940148957831,0.5009912661415635,South,TX,4548,23772,16395,Republican,No
48149,Fayette County,Texas,25042,19022,1458,69,75.960386550595,5.822218672629981,0.27553709767590445,South,TX,4252,18189,13331,Republican,No
48151,Fisher County,Texas,3655,2762,126,7,75.56771545827633,3.4473324213406293,0.19151846785225718,South,TX,550,2581,1830,Republican,No
48153,Floyd County,Texas,5216,3260,126,10,62.5,2.415644171779141,0.19171779141104295,South,TX,608,3051,2090,Republican,No
48155,Foard County,Texas,991,829,3,3,83.65287588294652,0.30272452068617556,0.30272452068617556,South,TX,156,830,545,Republican,No
48157,Fort Bend County,Texas,893767,300429,186159,197513,33.613794199159294,20.828582840941767,22.098936299952896,South,TX,332689,321165,362524,Democratic,No
48159,Franklin County,Texas,10632,8261,578,33,77.69939804364184,5.436418359668925,0.31038374717832956,South,TX,1403,7854,5311,Republican,No
48161,Freestone County,Texas,20049,13164,2908,44,65.65913511895856,14.504464063045539,0.21946231732255972,South,TX,2642,13277,9045,Republican,No
48163,Frio County,Texas,18582,6136,950,330,33.021203315036054,5.112474437627812,1.7759121730707137,South,TX,3001,4835,4945,Republican,No
48165,Gaines County,Texas,22232,15601,460,124,70.17362360561353,2.069089600575747,0.5577545879812882,South,TX,915,10593,6416,Republican,No
48167,Galveston County,Texas,358990,216591,44109,12211,60.33343547174016,12.286971781943787,3.401487506615783,South,TX,104478,185942,158996,Republican,No
48169,Garza County,Texas,5118,2495,516,3,48.749511527940605,10.082063305978899,0.058616647127784284,South,TX,363,2388,1599,Republican,No
48171,Gillespie County,Texas,27524,22545,86,116,81.91033280046504,0.31245458508937657,0.4214503705856707,South,TX,5844,23674,16492,Republican,No
48173,Glasscock County,Texas,1068,756,0,0,70.78651685393258,0,0,South,TX,66,1088,663,Republican,No
48175,Goliad County,Texas,7141,5242,382,1,73.40708584231899,5.3493908416188205,0.014003640946646129,South,TX,1363,5531,3987,Republican,No
48177,Gonzales County,Texas,19851,10687,1281,84,53.83607878696287,6.453075411818045,0.4231524860208554,South,TX,3029,10843,7755,Republican,No
48179,Gray County,Texas,21045,16229,960,225,77.11570444286053,4.5616535994297935,1.069137562366358,South,TX,1452,11811,7580,Republican,No
48181,Grayson County,Texas,143337,109325,7432,2168,76.2713046875545,5.184983639953397,1.5125194471769325,South,TX,26780,91946,65915,Republican,No
48183,Gregg County,Texas,125480,72261,22555,1656,57.587663372649025,17.97497609180746,1.3197322282435446,South,TX,23687,60601,46738,Republican,No
48185,Grimes County,Texas,31340,19177,3586,116,61.19017230376515,11.442246330567963,0.37013401403956603,South,TX,4694,19585,14051,Republican,No
48187,Guadalupe County,Texas,183642,101276,14514,3140,55.14860434976748,7.903420786094683,1.7098485096002005,South,TX,54057,99871,85136,Republican,No
48189,Hale County,Texas,32131,16893,1489,288,52.5753944788522,4.634153932339485,0.8963306464162336,South,TX,3248,12890,9285,Republican,No
48191,Hall County,Texas,2820,1698,116,12,60.21276595744681,4.113475177304964,0.425531914893617,South,TX,249,1673,1149,Republican,No
48193,Hamilton County,Texas,8406,7082,165,3,84.24934570544849,1.9628836545324768,0.03568879371877231,South,TX,1075,6697,4465,Republican,No
48195,Hansford County,Texas,5119,3321,7,15,64.87595233444033,0.1367454580972846,0.29302598163703847,South,TX,240,3211,1999,Republican,No
48197,Hardeman County,Texas,3501,2575,118,48,73.55041416738075,3.3704655812624966,1.371036846615253,South,TX,312,2001,1405,Republican,No
48199,Hardin County,Texas,57642,48357,3304,317,83.89195378369939,5.731931577669061,0.5499462197703064,South,TX,5970,44613,28157,Republican,No
48201,Harris County,Texas,4838303,1666127,919291,355427,34.43618557994404,19.00027757666273,7.346108749286681,South,TX,1455904,1297052,1557484,Democratic,No
48203,Harrison County,Texas,70155,43784,14260,337,62.41037702230775,20.32642006984534,0.4803649062789538,South,TX,13208,41646,30243,Republican,No
48205,Hartley County,Texas,5215,3631,315,9,69.62607861936722,6.0402684563758395,0.1725790987535954,South,TX,284,3276,2016,Republican,No
48207,Haskell County,Texas,5421,4152,321,10,76.59103486441616,5.9214167127836195,0.18446781036709095,South,TX,533,3286,2247,Republican,No
48209,Hays County,Texas,268638,162563,11062,5497,60.51377690423544,4.117809096255928,2.0462481108406108,South,TX,120969,107141,125827,Democratic,No
48211,Hemphill County,Texas,3234,2552,115,0,78.91156462585033,3.5559678416821274,0,South,TX,340,2490,1612,Republican,No
48213,Henderson County,Texas,84862,65819,4308,667,77.56003865098631,5.076477104004148,0.7859819471612736,South,TX,12433,56352,38540,Republican,No
48215,Hidalgo County,Texas,891977,247551,6207,9202,27.753069866151257,0.6958699607725312,1.0316409503832498,South,TX,186511,192036,217265,Republican,Yes
48217,Hill County,Texas,37328,28005,2093,285,75.02411058722674,5.6070510072867545,0.7635019288469782,South,TX,5082,23888,16706,Republican,No
48219,Hockley County,Texas,21363,12211,736,29,57.15957496606282,3.4452090062257175,0.1357487244300894,South,TX,2271,11603,7988,Republican,No
48221,Hood County,Texas,65894,55776,737,520,84.64503596685586,1.1184629860078308,0.7891462045102741,South,TX,11086,55268,36553,Republican,No
48223,Hopkins County,Texas,37784,30095,2652,327,79.65011645140801,7.018843955113276,0.8654456912979039,South,TX,5044,24406,16778,Republican,No
48225,Houston County,Texas,22051,13511,4609,84,61.27159765997007,20.901546415128568,0.38093510498390093,South,TX,3559,12310,9365,Republican,No
48227,Howard County,Texas,32290,20696,1660,429,64.09414679467326,5.14091049860638,1.3285847011458656,South,TX,3083,14124,9641,Republican,No
48229,Hudspeth County,Texas,3403,1092,51,0,32.08933294152219,1.4986776373787833,0,South,TX,339,1051,1038,Republican,No
48231,Hunt County,Texas,108972,76656,8728,1514,70.3446756965092,8.009396909297802,1.3893477223506956,South,TX,17552,62320,46733,Republican,No
48233,Hutchinson County,Texas,20184,14205,434,127,70.37752675386444,2.1502179944510504,0.6292112564407452,South,TX,1565,13036,8244,Republican,No
48235,Irion County,Texas,1409,1022,1,0,72.53371185237756,0.07097232079488999,0,South,TX,173,1391,868,Republican,No
48237,Jack County,Texas,8882,7598,259,42,85.54379644224274,2.916009907678451,0.47286647151542444,South,TX,666,6819,4201,Republican,No
48239,Jackson County,Texas,15152,10216,994,214,67.4234424498416,6.560190073917635,1.4123548046462515,South,TX,1552,9635,6329,Republican,No
48241,Jasper County,Texas,32727,24241,5001,147,74.07033947505118,15.28096067467229,0.44917040975341455,South,TX,4582,23493,15841,Republican,No
48243,Jeff Davis County,Texas,1865,1280,0,0,68.63270777479893,0,0,South,TX,810,1243,1169,Republican,No
48245,Jefferson County,Texas,253878,101964,83680,9630,40.162597783187195,32.960713413529334,3.7931604944107016,South,TX,70913,86256,86314,Republican,No
48247,Jim Hogg County,Texas,4727,1585,16,103,33.53078062195896,0.33848106621535856,2.1789718637613706,South,TX,1450,1139,1585,Democratic,No
48249,Jim Wells County,Texas,38850,26412,548,197,67.98455598455598,1.4105534105534105,0.5070785070785071,South,TX,9672,12992,13268,Republican,No
48251,Johnson County,Texas,195597,140616,10634,2396,71.8906731698339,5.436688701769454,1.2249676631032174,South,TX,34788,110651,80721,Republican,No
48253,Jones County,Texas,20304,12860,2059,116,63.33727344365643,10.140858944050434,0.5713159968479117,South,TX,1449,9677,6947,Republican,No
48255,Karnes County,Texas,14968,7630,1424,45,50.97541421699626,9.51362907536077,0.30064136825227156,South,TX,1750,6725,5075,Republican,No
48257,Kaufman County,Texas,172604,93550,32086,3293,54.19920743435842,18.589372204583903,1.9078352761233808,South,TX,44035,79168,69406,Republican,No
48259,Kendall County,Texas,48567,36503,455,800,75.16008812568205,0.9368501245701815,1.647209010233286,South,TX,11830,42458,29315,Republican,No
48261,Kenedy County,Texas,145,29,1,1,20,0.6896551724137931,0.6896551724137931,South,TX,71,201,158,Republican,No
48263,Kent County,Texas,734,624,7,0,85.01362397820164,0.9536784741144414,0,South,TX,91,669,445,Republican,No
48265,Kerr County,Texas,53489,39539,850,618,73.91987137542299,1.589111779992148,1.1553777412178203,South,TX,11614,40214,28170,Republican,No
48267,Kimble County,Texas,4389,3247,62,0,73.98040555935293,1.4126224652540442,0,South,TX,478,3768,2404,Republican,No
48269,King County,Texas,211,146,0,0,69.19431279620854,0,0,South,TX,12,229,135,Republican,No
48271,Kinney County,Texas,3157,1993,2,0,63.12955337345581,0.06335128286347799,0,South,TX,601,1924,1419,Republican,No
48273,Kleberg County,Texas,30579,12881,1159,395,42.12367964943262,3.790182805193106,1.2917361588017922,South,TX,7724,9755,10014,Republican,No
48275,Knox County,Texas,3307,2251,162,10,68.06773510734804,4.8986997278500155,0.3023888720895071,South,TX,287,1724,1376,Republican,No
48277,Lamar County,Texas,50669,38037,6146,470,75.06956916457794,12.129704553079792,0.9275888610392943,South,TX,7187,30032,21285,Republican,No
48279,Lamb County,Texas,12828,8771,473,101,68.37386966011849,3.6872466479575925,0.7873401933270969,South,TX,1124,5332,4151,Republican,No
48281,Lampasas County,Texas,22715,17448,911,268,76.81267884657716,4.01056570548096,1.179837112040502,South,TX,4026,16314,11301,Republican,No
48283,La Salle County,Texas,6839,2277,400,6,33.29434127796461,5.848808305307793,0.0877321245796169,South,TX,1545,2344,2360,Republican,No
48285,Lavaca County,Texas,20552,15211,749,71,74.01226158038146,3.6444141689373293,0.34546516154145585,South,TX,2122,16078,10491,Republican,No
48287,Lee County,Texas,17971,11832,1731,47,65.8394079350064,9.632185187246119,0.2615324689777976,South,TX,2838,11976,8415,Republican,No
48289,Leon County,Texas,16263,12350,1168,24,75.9392486011191,7.181946750292075,0.14757424829367274,South,TX,1719,13547,9064,Republican,No
48291,Liberty County,Texas,103380,58688,7853,582,56.769201005997296,7.596246856258464,0.5629715612304121,South,TX,10399,45848,31323,Republican,No
48293,Limestone County,Texas,22283,13176,3811,219,59.130278687788895,17.102724049724007,0.9828120091549613,South,TX,3385,12427,9075,Republican,No
48295,Lipscomb County,Texas,2918,2069,1,0,70.90472926662098,0.034270047978067174,0,South,TX,180,1747,1259,Republican,No
48297,Live Oak County,Texas,11620,8104,262,84,69.74182444061962,2.2547332185886404,0.7228915662650602,South,TX,1282,7373,5093,Republican,No
48299,Llano County,Texas,22424,19606,65,142,87.43310738494469,0.28986799857295753,0.6332500891901534,South,TX,4887,20478,13629,Republican,No
48301,Loving County,Texas,33,31,0,2,93.93939393939394,0,6.0606060606060606,South,TX,18,154,97,Republican,No
48303,Lubbock County,Texas,318884,200827,23567,7734,62.978073531440906,7.390461735301865,2.4253333500583283,South,TX,67441,160282,125038,Republican,No
48305,Lynn County,Texas,5752,3558,103,28,61.856745479833094,1.7906815020862308,0.48678720445062584,South,TX,574,3536,2567,Republican,No
48307,McCulloch County,Texas,7514,5186,71,10,69.01783337769497,0.9449028480170348,0.13308490817141336,South,TX,795,5347,3513,Republican,No
48309,McLennan County,Texas,266067,156288,37090,4595,58.74009178139341,13.940097794916317,1.7270086106131164,South,TX,59389,112593,99672,Republican,No
48311,McMullen County,Texas,700,306,0,0,43.714285714285715,0,0,South,TX,64,797,487,Republican,No
48313,Madison County,Texas,13648,8080,2111,155,59.20281359906213,15.46746776084408,1.1356975381008205,South,TX,1695,8063,5489,Republican,No
48315,Marion County,Texas,9737,6854,2135,16,70.39129095203862,21.926671459381737,0.16432165964876247,South,TX,1919,6193,4714,Republican,No
48317,Martin County,Texas,5218,3505,146,5,67.17133001149865,2.798006899195094,0.09582215408202377,South,TX,415,3230,2083,Republican,No
48319,Mason County,Texas,3955,3340,2,8,84.45006321112515,0.05056890012642225,0.202275600505689,South,TX,800,3856,2527,Republican,No
48321,Matagorda County,Texas,36329,19089,3750,650,52.54479892097223,10.322332021250242,1.7892042170167086,South,TX,5738,17867,13312,Republican,No
48323,Maverick County,Texas,58082,9998,103,270,17.213594573189628,0.1773354912020936,0.4648600254812162,South,TX,10867,15428,15745,Republican,Yes
48325,Medina County,Texas,53547,31173,1567,487,58.21614656283265,2.926401105570807,0.909481390180589,South,TX,12684,32218,24617,Republican,No
48327,Menard County,Texas,1955,1469,8,0,75.14066496163683,0.40920716112531963,0,South,TX,296,1561,1040,Republican,No
48329,Midland County,Texas,174801,97750,12602,4197,55.92073271892038,7.20934090766071,2.4010160124942077,South,TX,20124,84436,58808,Republican,No
48331,Milam County,Texas,25567,17667,2129,129,69.10079399225563,8.327140454492119,0.5045566550631674,South,TX,4136,15935,11098,Republican,No
48333,Mills County,Texas,4511,3474,30,30,77.01174905785857,0.6650410108623366,0.6650410108623366,South,TX,570,4386,2742,Republican,No
48335,Mitchell County,Texas,9018,5534,764,87,61.36615657573742,8.471944998891107,0.9647371922821024,South,TX,615,3784,2513,Republican,No
48337,Montague County,Texas,21046,18901,14,35,89.80803953245272,0.06652095410054168,0.16630238525135418,South,TX,2163,17837,11101,Republican,No
48339,Montgomery County,Texas,684432,456971,43569,23374,66.76645744208336,6.365716389648643,3.415094560160834,South,TX,147859,404096,307258,Republican,No
48341,Moore County,Texas,21373,10415,1053,449,48.72970570345763,4.926776774435035,2.100781359659383,South,TX,1373,7624,5362,Republican,No
48343,Morris County,Texas,12076,7586,2701,144,62.81881417687977,22.366677707850283,1.1924478304074198,South,TX,2190,7001,5434,Republican,No
48345,Motley County,Texas,1183,952,63,0,80.4733727810651,5.325443786982249,0,South,TX,61,1058,650,Republican,No
48347,Nacogdoches County,Texas,65162,40377,10903,554,61.964028114545286,16.73214450139652,0.8501887603204321,South,TX,13611,30623,25486,Republican,No
48349,Navarro County,Texas,54711,31901,5149,496,58.30820127579462,9.411270128493356,0.9065818573961361,South,TX,7852,25427,19831,Republican,No
48351,Newton County,Texas,12093,9019,2097,86,74.58033573141488,17.340610270404365,0.7111552137600264,South,TX,1471,7970,5749,Republican,No
48353,Nolan County,Texas,14454,9596,388,13,66.38992666389927,2.6843780268437802,0.08994050089940502,South,TX,1656,6637,5115,Republican,No
48355,Nueces County,Texas,352955,161750,13625,8171,45.82737176127269,3.8602654729356436,2.315025994815203,South,TX,96031,120183,121678,Republican,No
48357,Ochiltree County,Texas,9786,6617,4,28,67.6170038830983,0.04087471898630697,0.28612303290414876,South,TX,451,4792,3010,Republican,No
48359,Oldham County,Texas,2249,1592,197,7,70.78701645175633,8.759448643841708,0.31124944419742107,South,TX,109,1461,974,Republican,No
48361,Orange County,Texas,85307,67656,6635,953,79.30884921518751,7.777790802630499,1.1171416179211553,South,TX,10600,54817,36338,Republican,No
48363,Palo Pinto County,Texas,29295,23144,698,255,79.00324287421061,2.3826591568527054,0.8704557091653866,South,TX,3765,19332,13336,Republican,No
48365,Panola County,Texas,22726,16526,2575,121,72.71847223444513,11.33063451553287,0.5324298160696999,South,TX,3106,16037,11439,Republican,No
48367,Parker County,Texas,165168,137359,2158,1443,83.16320352610676,1.3065484839678387,0.8736559139784945,South,TX,27118,137880,90840,Republican,No
48369,Parmer County,Texas,9731,6231,28,0,64.03247353817696,0.2877402116945843,0,South,TX,526,3225,2504,Republican,No
48371,Pecos County,Texas,14896,7482,678,386,50.22824919441461,4.5515574650913,2.5912996777658432,South,TX,2014,5330,4233,Republican,No
48373,Polk County,Texas,52800,39355,4087,314,74.53598484848484,7.740530303030304,0.5946969696969697,South,TX,8980,35286,24292,Republican,No
48375,Potter County,Texas,115975,64757,12321,5599,55.83703384350075,10.623841345117482,4.827764604440612,South,TX,15302,40764,32121,Republican,No
48377,Presidio County,Texas,5930,2683,42,1,45.24451939291737,0.7082630691399663,0.016863406408094434,South,TX,2300,1166,1994,Democratic,No
48379,Rains County,Texas,12775,10773,319,128,84.32876712328768,2.49706457925636,1.0019569471624266,South,TX,1559,10310,6556,Republican,No
48381,Randall County,Texas,146070,108479,5068,2586,74.2650783870747,3.4695693845416584,1.7703840624358185,South,TX,23522,98301,66901,Republican,No
48383,Reagan County,Texas,3232,1235,188,46,38.211633663366335,5.816831683168317,1.4232673267326734,South,TX,234,1399,949,Republican,No
48385,Real County,Texas,2802,2613,21,0,93.25481798715204,0.7494646680942184,0,South,TX,575,2978,1958,Republican,No
48387,Red River County,Texas,11611,8694,1892,39,74.87727155283783,16.29489277409353,0.33588838170700197,South,TX,1889,8077,5796,Republican,No
48389,Reeves County,Texas,12664,4910,226,23,38.77132027795325,1.7845862286797223,0.18161718256475046,South,TX,1913,3997,3439,Republican,No
48391,Refugio County,Texas,6707,3799,480,0,56.6423140002982,7.156701953183241,0,South,TX,1479,3691,3075,Republican,No
48393,Roberts County,Texas,832,778,3,0,93.50961538461539,0.3605769230769231,0,South,TX,37,925,572,Republican,No
48395,Robertson County,Texas,17167,10556,2950,110,61.49006815401643,17.18413234694472,0.6407642570047184,South,TX,3312,11154,8158,Republican,No
48397,Rockwall County,Texas,123617,83523,11479,4322,67.56594966711698,9.285939636134188,3.4962828737147804,South,TX,33518,81236,62269,Republican,No
48399,Runnels County,Texas,9874,6360,290,11,64.41158598339072,2.9370062791168725,0.1114036864492607,South,TX,723,5985,4056,Republican,No
48401,Rusk County,Texas,52842,34666,6976,195,65.60311873131222,13.201619923545666,0.3690246394913137,South,TX,7411,30057,21706,Republican,No
48403,Sabine County,Texas,10023,8590,685,71,85.70288336825301,6.834281153347301,0.7083707472812532,South,TX,990,8811,5581,Republican,No
48405,San Augustine County,Texas,7874,5468,1696,0,69.44373888747778,21.539243078486155,0,South,TX,1396,5021,3747,Republican,No
48407,San Jacinto County,Texas,28441,20618,2504,98,72.49393481241869,8.804191132519954,0.34457297563376815,South,TX,3751,18452,12789,Republican,No
48409,San Patricio County,Texas,70181,39142,1050,754,55.77292999529787,1.496131431584047,1.0743648565851156,South,TX,14075,30533,25579,Republican,No
48411,San Saba County,Texas,5696,4128,141,14,72.47191011235955,2.475421348314607,0.24578651685393257,South,TX,468,4168,2709,Republican,No
48413,Schleicher County,Texas,2381,1162,13,0,48.80302393952121,0.5459890802183957,0,South,TX,327,1639,1108,Republican,No
48415,Scurry County,Texas,16488,10628,537,137,64.45900048520136,3.2569141193595343,0.8309073265405142,South,TX,1260,8753,5721,Republican,No
48417,Shackelford County,Texas,3175,2657,27,1,83.68503937007874,0.8503937007874015,0.031496062992125984,South,TX,252,2736,1728,Republican,No
48419,Shelby County,Texas,24155,15508,3649,9,64.2020285655144,15.10660318774581,0.03725936659076796,South,TX,2877,13766,9948,Republican,No
48421,Sherman County,Texas,2295,1318,3,12,57.429193899782135,0.130718954248366,0.522875816993464,South,TX,95,1426,873,Republican,No
48423,Smith County,Texas,241740,160640,39393,4265,66.4515595267643,16.29560685033507,1.764292214776206,South,TX,50030,136853,103879,Republican,No
48425,Somervell County,Texas,9691,8066,126,0,83.23186461665463,1.3001754204932412,0,South,TX,1362,8238,5294,Republican,No
48427,Starr County,Texas,66067,21731,280,38,32.892366839723316,0.4238121906549412,0.05751736873174202,South,TX,12014,16402,16421,Republican,Yes
48429,Stephens County,Texas,9351,7308,289,98,78.15206929740135,3.090578547748904,1.048016254945995,South,TX,662,5978,3761,Republican,No
48431,Sterling County,Texas,1468,1064,2,2,72.47956403269755,0.13623978201634876,0.13623978201634876,South,TX,69,1045,629,Republican,No
48433,Stonewall County,Texas,1227,1088,5,0,88.67155664221679,0.40749796251018744,0,South,TX,183,1050,716,Republican,No
48435,Sutton County,Texas,3277,1489,4,0,45.437900518767165,0.12206286237412267,0,South,TX,396,2135,1400,Republican,No
48437,Swisher County,Texas,6937,4126,543,120,59.478160588150494,7.827591177742541,1.7298544039210033,South,TX,663,3137,2265,Republican,No
48439,Tarrant County,Texas,2167390,1044807,383072,132937,48.205768228145374,17.67434564153198,6.133506198699819,South,TX,692730,771904,823312,Republican,Yes
48441,Taylor County,Texas,145863,98072,11843,3304,67.23569376743932,8.119262595723384,2.2651392059672433,South,TX,24419,74083,55417,Republican,No
48443,Terrell County,Texas,835,583,0,0,69.82035928143713,0,0,South,TX,167,562,405,Republican,No
48445,Terry County,Texas,11629,5475,389,20,47.080574426003956,3.3450855619571764,0.17198383351964913,South,TX,990,4972,3420,Republican,No
48447,Throckmorton County,Texas,1639,1456,0,13,88.8346552776083,0,0.7931665649786455,South,TX,113,1385,900,Republican,No
48449,Titus County,Texas,31363,16774,3222,0,53.48340401109588,10.27325192105347,0,South,TX,3890,13943,10214,Republican,No
48451,Tom Green County,Texas,119577,75400,4703,1669,63.05560433862699,3.93303059953001,1.3957533639412263,South,TX,20797,60154,45460,Republican,No
48453,Travis County,Texas,1330015,729783,108536,106667,54.87028341785619,8.160509467938331,8.019984737014244,South,TX,740017,306555,581276,Democratic,No
48455,Trinity County,Texas,14046,11070,1141,26,78.81247330200769,8.123309127153638,0.18510608002278228,South,TX,2060,11048,7374,Republican,No
48457,Tyler County,Texas,20238,15775,2157,98,77.94742563494417,10.658167803142602,0.4842375728826959,South,TX,2136,13999,9578,Republican,No
48459,Upshur County,Texas,42567,33744,3052,251,79.2726760166326,7.169873376089458,0.5896586557662039,South,TX,4915,29906,19887,Republican,No
48461,Upton County,Texas,3191,1497,38,36,46.913193356314636,1.1908492635537449,1.1281729865246004,South,TX,266,2074,1303,Republican,No
48463,Uvalde County,Texas,24881,14609,86,425,58.71548571198907,0.34564527149230334,1.708130702142197,South,TX,5689,11109,9772,Republican,No
48465,Val Verde County,Texas,47741,23381,672,381,48.974675855135,1.407595148823862,0.7980561781278147,South,TX,9430,16238,14588,Republican,No
48467,Van Zandt County,Texas,62649,52813,1456,301,84.2998292071701,2.3240594422895815,0.4804545962425577,South,TX,5520,38968,27950,Republican,No
48469,Victoria County,Texas,91413,51754,5430,1160,56.61557984094166,5.940074168881888,1.2689661207924474,South,TX,17461,43532,35315,Republican,No
48471,Walker County,Texas,80209,46673,16167,906,58.18923063496615,20.156092209103715,1.1295490530987793,South,TX,13247,31887,25175,Republican,No
48473,Waller County,Texas,61552,27463,14538,1239,44.61755913698987,23.619053808162207,2.0129321549259163,South,TX,17757,31281,27561,Republican,No
48475,Ward County,Texas,11144,6717,734,92,60.2745872218234,6.586503948312994,0.8255563531945441,South,TX,1007,5279,3765,Republican,No
48477,Washington County,Texas,36647,24488,5218,529,66.82129505825853,14.238546129287528,1.443501514448659,South,TX,7283,25628,18217,Republican,No
48479,Webb County,Texas,269294,55703,1282,1339,20.68482773474344,0.4760596225686424,0.49722608004634344,South,TX,54904,56103,65865,Republican,Yes
48481,Wharton County,Texas,41794,24009,4779,209,57.44604488682587,11.434655692204624,0.5000717806383692,South,TX,7030,23122,16453,Republican,No
48483,Wheeler County,Texas,4862,3929,69,56,80.81036610448376,1.4191690662278897,1.1517893870835048,South,TX,279,3776,2274,Republican,No
48485,Wichita County,Texas,129996,92184,13745,2976,70.91295116772824,10.573402258531031,2.2893012092679776,South,TX,21800,57230,44530,Republican,No
48487,Wilbarger County,Texas,12616,7892,740,389,62.55548509828789,5.865567533291059,3.0833861762840837,South,TX,1479,6417,4467,Republican,No
48489,Willacy County,Texas,20139,8023,307,32,39.83812503103431,1.5244053825909927,0.1588956750583445,South,TX,4392,4657,5563,Republican,Yes
48491,Williamson County,Texas,672688,400958,46889,67402,59.6053445282211,6.970393406750232,10.019801155959374,South,TX,274807,285567,308469,Republican,Yes
48493,Wilson County,Texas,52781,35805,1041,336,67.83691100964361,1.9723006384873347,0.6365927132869782,South,TX,11340,38054,27275,Republican,No
48495,Winkler County,Texas,7454,3773,294,41,50.61711832573115,3.9441910383686616,0.5500402468473303,South,TX,439,2656,1933,Republican,No
48497,Wise County,Texas,75005,60127,1273,559,80.1639890673955,1.6972201853209787,0.7452836477568162,South,TX,10075,59557,38243,Republican,No
48499,Wood County,Texas,46961,38481,1792,256,81.94246289474243,3.8159323694129172,0.5451331956304167,South,TX,6414,37275,24386,Republican,No
48501,Yoakum County,Texas,7571,3425,11,71,45.238409721304976,0.14529124290054155,0.9377889314489499,South,TX,576,3669,2393,Republican,No
48503,Young County,Texas,18029,14716,142,194,81.6240501414388,0.7876199456431304,1.0760441510899106,South,TX,1767,13392,8314,Republican,No
48505,Zapata County,Texas,13841,2924,20,84,21.125641210895164,0.14449822989668376,0.6068925655660717,South,TX,3225,5069,4871,Republican,No
48507,Zavala County,Texas,9412,2079,79,47,22.088822779430515,0.8393540161495963,0.4993625159371015,South,TX,3333,2342,3492,Democratic,No
49001,Beaver County,Utah,7273,6465,24,0,88.89041660937714,0.3299876254640451,0,West,UT,394,2781,3212,Republican,No
49003,Box Elder County,Utah,61246,53715,207,439,87.70368677138099,0.3379812559187539,0.7167815040982268,West,UT,5274,22853,28920,Republican,No
49005,Cache County,Utah,140046,117444,1318,2460,83.86101709438327,0.9411193465004356,1.756565699841481,West,UT,18718,39457,60258,Republican,No
49007,Carbon County,Utah,20517,17971,167,51,87.5907783789053,0.8139591558220014,0.24857435297558125,West,UT,2525,6719,9445,Republican,No
49009,Daggett County,Utah,783,711,0,0,90.80459770114942,0,0,West,UT,101,443,550,Republican,No
49011,Davis County,Utah,370924,310858,4470,7324,83.80638621388748,1.2050986185849393,1.9745284748358154,West,UT,59895,101293,166570,Republican,No
49013,Duchesne County,Utah,20185,17567,29,97,87.02997275204359,0.14367104285360416,0.4805548674758484,West,UT,1009,7815,8968,Republican,No
49015,Emery County,Utah,10046,9385,8,0,93.42026677284491,0.07963368504877563,0,West,UT,603,4341,5011,Republican,No
49017,Garfield County,Utah,5219,4925,6,0,94.36673692278215,0.11496455259628281,0,West,UT,541,2211,2811,Republican,No
49019,Grand County,Utah,9754,8175,0,216,83.81176953044904,0,2.2144761123641583,West,UT,2828,2327,5300,Democratic,No
49021,Iron County,Utah,62252,54088,435,789,86.88556190965751,0.6987727301934075,1.2674291589025253,West,UT,5683,21571,27878,Republican,No
49023,Juab County,Utah,12586,11757,104,0,93.41331638328302,0.826314953122517,0,West,UT,734,5671,6518,Republican,No
49025,Kane County,Utah,8170,7310,17,9,89.47368421052632,0.208078335373317,0.1101591187270502,West,UT,1137,3277,4488,Republican,No
49027,Millard County,Utah,13315,11250,15,273,84.49117536612843,0.11265490048817123,2.0503191888847168,West,UT,713,5558,6387,Republican,No
49029,Morgan County,Utah,12802,12029,12,27,93.9618809561006,0.0937353538509608,0.21090454616466175,West,UT,1256,5300,6760,Republican,No
49031,Piute County,Utah,1694,1545,2,0,91.20425029515938,0.11806375442739078,0,West,UT,94,854,963,Republican,No
49033,Rich County,Utah,2631,2417,0,2,91.8662105663246,0,0.07601672367920942,West,UT,214,1211,1447,Republican,No
49035,Salt Lake County,Utah,1196523,841252,21947,51261,70.30805091084751,1.8342313520091131,4.284163363345293,West,UT,273658,221555,509637,Democratic,No
49037,San Juan County,Utah,14483,6712,20,37,46.34398950493682,0.13809293654629565,0.25547193261064693,West,UT,2581,3613,6329,Republican,No
49039,Sanpete County,Utah,29719,25505,267,250,85.82051885998855,0.898415155287863,0.8412126922171002,West,UT,1906,10653,12944,Republican,No
49041,Sevier County,Utah,22085,20340,25,72,92.09870953135612,0.11319900384876612,0.32601313108444646,West,UT,1236,9526,10926,Republican,No
49043,Summit County,Utah,42970,36536,159,756,85.02676285780777,0.3700255992552944,1.7593670002327206,West,UT,14612,10783,25876,Democratic,No
49045,Tooele County,Utah,79347,66774,790,581,84.15441037468335,0.9956268037859024,0.7322268012653282,West,UT,9560,23484,34006,Republican,No
49047,Uintah County,Utah,37056,30969,184,316,83.57351036269431,0.4965457685664939,0.8527633851468048,West,UT,1952,13599,15832,Republican,No
49049,Utah County,Utah,705400,573234,5344,11125,81.26368018145733,0.7575843493053587,1.577119364899348,West,UT,84937,203476,298143,Republican,No
49051,Wasatch County,Utah,36642,30407,65,394,82.98400742317558,0.1773920637519786,1.0752688172043012,West,UT,6459,11495,18354,Republican,No
49053,Washington County,Utah,196431,166345,853,2314,84.68368027449843,0.43424917655563533,1.1780217990032122,West,UT,22327,73165,97256,Republican,No
49055,Wayne County,Utah,2584,2379,9,0,92.06656346749226,0.348297213622291,0,West,UT,381,1238,1651,Republican,No
49057,Weber County,Utah,269648,223284,3012,4157,82.80573191716609,1.1170118079867086,1.5416394707173797,West,UT,41238,67549,112054,Republican,No
50001,Addison County,Vermont,37664,33924,345,748,90.07009345794393,0.9159940526762956,1.9859813084112148,Northeast,VT,14879,6841,22832,Democratic,No
50003,Bennington County,Vermont,37269,34230,435,317,91.84576994284794,1.1671898897206794,0.8505728621642653,Northeast,VT,12326,7697,20926,Democratic,No
50005,Caledonia County,Vermont,30475,28294,247,136,92.84331419196063,0.8105004101722723,0.44626743232157506,Northeast,VT,8977,6927,16812,Democratic,No
50007,Chittenden County,Vermont,169758,146389,3936,7430,86.23393301052086,2.3185947054041636,4.376818765536823,Northeast,VT,72656,20937,98300,Democratic,No
50009,Essex County,Vermont,5982,5606,4,62,93.7144767636242,0.06686726847208291,1.0364426613172852,Northeast,VT,1344,1890,3456,Republican,No
50011,Franklin County,Vermont,50638,46651,124,348,92.12646629013784,0.24487539002330266,0.6872309332912042,Northeast,VT,13280,12490,26998,Democratic,No
50013,Grand Isle County,Vermont,7450,6792,26,24,91.16778523489933,0.348993288590604,0.3221476510067114,Northeast,VT,2940,1893,5042,Democratic,No
50015,Lamoille County,Vermont,26148,24169,233,261,92.43154352149304,0.8910815358727244,0.9981642955484167,Northeast,VT,9788,4505,15006,Democratic,No
50017,Orange County,Vermont,29761,27755,108,192,93.25963509290682,0.3628910318873694,0.6451396122442122,Northeast,VT,10220,6683,17852,Democratic,No
50019,Orleans County,Vermont,27606,25862,255,213,93.68253278272839,0.9237122364703325,0.7715713975222778,Northeast,VT,7006,7233,14894,Republican,Yes
50021,Rutland County,Vermont,60425,56201,394,350,93.0095159288374,0.6520479933802235,0.5792304509722797,Northeast,VT,17375,15586,34392,Democratic,No
50023,Washington County,Vermont,60017,55238,524,518,92.03725611076862,0.8730859589782894,0.8630887915090724,Northeast,VT,24527,9327,35711,Democratic,No
50025,Windham County,Vermont,45923,41871,394,548,91.17653463406137,0.8579578860266097,1.1933018313263506,Northeast,VT,17904,6928,26085,Democratic,No
50027,Windsor County,Vermont,57990,53730,291,596,92.6539058458355,0.5018106570098293,1.0277634074840492,Northeast,VT,22569,10458,34579,Democratic,No
51001,Accomack County,Virginia,33335,19765,9061,240,59.29203539823009,27.181640917954102,0.7199640017999099,South,VA,7374,9659,17144,Republican,No
51003,Albemarle County,Virginia,114919,85958,10584,6680,74.79877130848685,9.209965279892794,5.8127898780880445,South,VA,44279,21513,66740,Democratic,No
51005,Alleghany County,Virginia,14859,13664,778,60,91.95773605222423,5.235883976041456,0.40379567938623057,South,VA,2114,6093,8277,Republican,No
51007,Amelia County,Virginia,13462,9732,2627,24,72.29237854702124,19.514188084979946,0.17827960184222255,South,VA,2214,5776,8032,Republican,No
51009,Amherst County,Virginia,31485,23348,5358,217,74.15594727648086,17.017627441638876,0.6892170875019851,South,VA,5429,11742,17303,Republican,No
51011,Appomattox County,Virginia,16610,12820,2637,66,77.18242022877784,15.875978326309454,0.3973509933774834,South,VA,2324,7243,9642,Republican,No
51013,Arlington County,Virginia,236254,142640,22327,24923,60.37569734269049,9.450422003436978,10.54923937795762,South,VA,100446,25223,128362,Democratic,No
51015,Augusta County,Virginia,78033,69697,3339,345,89.3173400997014,4.278958902002999,0.4421206412671562,South,VA,11403,32429,44223,Republican,No
51017,Bath County,Virginia,4100,3766,140,10,91.85365853658537,3.414634146341464,0.24390243902439024,South,VA,588,1976,2582,Republican,No
51019,Bedford County,Virginia,80894,69252,5108,1044,85.60832694637426,6.314436175736149,1.290577793161421,South,VA,12414,38017,50830,Republican,No
51021,Bland County,Virginia,6199,5771,262,6,93.09566059041781,4.226488143248911,0.09678980480722697,South,VA,524,2998,3548,Republican,No
51023,Botetourt County,Virginia,34004,30833,872,244,90.6746265145277,2.5644041877426185,0.7175626396894482,South,VA,5915,15796,21893,Republican,No
51025,Brunswick County,Virginia,15841,6535,8198,87,41.25370873050944,51.751783347010914,0.5492077520358564,South,VA,4184,3523,7738,Democratic,No
51027,Buchanan County,Virginia,19415,18205,751,152,93.76770538243626,3.868143188256503,0.7828998197270152,South,VA,1355,7939,9327,Republican,No
51029,Buckingham County,Virginia,16976,10432,5195,65,61.45146088595664,30.602026390197928,0.3828934967012253,South,VA,2988,4847,7915,Republican,No
51031,Campbell County,Virginia,55312,42771,7860,576,77.32680069424357,14.210297946196123,1.041365345675441,South,VA,7890,23032,31171,Republican,No
51033,Caroline County,Virginia,32098,19782,7628,339,61.63000810019316,23.764720543336033,1.056140569505888,South,VA,7957,9511,17653,Republican,No
51035,Carroll County,Virginia,29157,27402,71,82,93.98086222862435,0.24350927736049663,0.2812360668107144,South,VA,2925,13152,16160,Republican,No
51036,Charles City County,Virginia,6627,2977,2701,71,44.92228761128716,40.7575071676475,1.0713746793420855,South,VA,2384,1917,4341,Democratic,No
51037,Charlotte County,Virginia,11422,7812,2847,22,68.39432673787428,24.92558220977062,0.1926107511819296,South,VA,2008,3963,6006,Republican,No
51041,Chesterfield County,Virginia,377869,218762,88373,13687,57.893608631562785,23.3872056188785,3.6221547679222166,South,VA,112869,94030,209730,Democratic,No
51043,Clarke County,Virginia,15216,12754,964,149,83.81966351209253,6.335436382754994,0.9792323869610936,South,VA,3993,5641,9782,Republican,No
51045,Craig County,Virginia,4856,4652,3,0,95.7990115321252,0.06177924217462932,0,South,VA,542,2562,3121,Republican,No
51047,Culpeper County,Virginia,54397,36381,6994,613,66.88052649962314,12.857326690810156,1.1269003805356912,South,VA,10557,17685,28553,Republican,No
51049,Cumberland County,Virginia,9818,6290,2887,0,64.06600122224486,29.405174169892035,0,South,VA,2117,3335,5486,Republican,No
51051,Dickenson County,Virginia,13733,13423,134,13,97.74266365688487,0.9757518386368602,0.0946624918080536,South,VA,1316,5701,7047,Republican,No
51053,Dinwiddie County,Virginia,28191,18028,8415,168,63.94948742506473,29.849952112376286,0.5959348728317548,South,VA,5942,9549,15589,Republican,No
51057,Essex County,Virginia,10623,5819,3941,107,54.7773698578556,37.09874799962346,1.0072484232326084,South,VA,2775,3245,6064,Republican,No
51059,Fairfax County,Virginia,1147837,564082,110478,228940,49.143040344578544,9.624885763396719,19.94534067119286,South,VA,386438,181895,584387,Democratic,No
51061,Fauquier County,Virginia,74577,59529,4688,1308,79.8221971921638,6.286120385641686,1.753891950601392,South,VA,17180,26825,44537,Republican,No
51063,Floyd County,Virginia,15593,14439,404,62,92.59924325017637,2.590906175848137,0.3976143141153081,South,VA,2968,6551,9625,Republican,No
51065,Fluvanna County,Virginia,28092,21323,3311,251,75.90417200626513,11.78627367221985,0.8934928093407376,South,VA,7731,8777,16678,Republican,No
51067,Franklin County,Virginia,55130,47606,3781,329,86.35225829856702,6.858334844912026,0.5967712679122076,South,VA,8321,22319,30912,Republican,No
51069,Frederick County,Virginia,95008,75587,4235,1910,79.55856348939037,4.457519366790165,2.0103570225665206,South,VA,18331,33117,52040,Republican,No
51071,Giles County,Virginia,16557,15570,456,76,94.038775140424,2.754122123573111,0.4590203539288519,South,VA,2069,7102,9234,Republican,No
51073,Gloucester County,Virginia,39526,32841,3215,328,83.08708192076102,8.133886555684866,0.8298335272984871,South,VA,7034,15918,23149,Republican,No
51075,Goochland County,Virginia,26410,20703,3611,501,78.39076107535024,13.672851192730025,1.8970087088224157,South,VA,7875,11521,19616,Republican,No
51077,Grayson County,Virginia,15287,13405,841,157,87.68888598155296,5.501406423758749,1.027016419179695,South,VA,1503,6544,8104,Republican,No
51079,Greene County,Virginia,21155,16708,1563,464,78.97896478373907,7.388324273221461,2.1933349090049634,South,VA,4456,7432,12038,Republican,No
51081,Greensville County,Virginia,11275,4015,6344,26,35.609756097560975,56.26607538802661,0.23059866962305986,South,VA,2334,1936,4296,Democratic,No
51083,Halifax County,Virginia,33639,20154,11685,210,59.91260144475162,34.736466601266386,0.6242753946312316,South,VA,6984,10741,17844,Republican,No
51085,Hanover County,Virginia,112879,91982,9497,2414,81.4872562655587,8.413433853949805,2.138573162412849,South,VA,26733,45569,73087,Republican,No
51087,Henrico County,Virginia,335744,169578,98584,31613,50.50812523827678,29.362847884102173,9.415804898970645,South,VA,115040,62882,180642,Democratic,No
51089,Henry County,Virginia,49980,34448,11123,260,68.9235694277711,22.254901960784313,0.5202080832332933,South,VA,8457,16800,25413,Republican,No
51091,Highland County,Virginia,2296,2179,0,55,94.90418118466899,0,2.3954703832752613,South,VA,416,1095,1529,Republican,No
51093,Isle of Wight County,Virginia,39974,27651,8543,501,69.17246210036524,21.37139140441287,1.2533146545254414,South,VA,9779,14659,24672,Republican,No
51095,James City County,Virginia,81013,59107,10046,2063,72.9598953254416,12.40047893547949,2.5465048819325293,South,VA,26742,23575,50892,Democratic,No
51097,King and Queen County,Virginia,6695,4504,1463,5,67.2740851381628,21.8521284540702,0.07468259895444362,South,VA,1536,2608,4173,Republican,No
51099,King George County,Virginia,27896,19539,4202,364,70.04229997132205,15.063091482649844,1.3048465729853742,South,VA,5657,9500,15362,Republican,No
51101,King William County,Virginia,18593,14420,2795,116,77.55606948851718,15.032539127628677,0.6238907115581133,South,VA,3388,8080,11561,Republican,No
51103,Lancaster County,Virginia,10936,7494,2803,69,68.5259692757864,25.630943672275052,0.6309436722750549,South,VA,3355,3866,7279,Republican,No
51105,Lee County,Virginia,21900,20294,950,40,92.66666666666666,4.337899543378995,0.182648401826484,South,VA,1391,8674,10108,Republican,No
51107,Loudoun County,Virginia,432998,228302,33411,94508,52.72587864147179,7.716201922410727,21.826428759486188,South,VA,129280,92107,228208,Democratic,No
51109,Louisa County,Virginia,39980,30890,4640,242,77.26363181590796,11.605802901450724,0.6053026513256629,South,VA,8779,15084,24067,Republican,No
51111,Lunenburg County,Virginia,12016,6908,3907,25,57.490013315579226,32.51498002663116,0.20805592543275633,South,VA,2253,3594,5879,Republican,No
51113,Madison County,Virginia,14044,11856,1245,53,84.42039305041298,8.864995727712904,0.37738536029621195,South,VA,2700,5671,8439,Republican,No
51115,Mathews County,Virginia,8540,7326,825,0,85.78454332552693,9.660421545667447,0,South,VA,1774,4106,5929,Republican,No
51117,Mecklenburg County,Virginia,30516,18792,9895,301,61.58081006685018,32.425612793288764,0.9863678070520382,South,VA,6404,9791,16266,Republican,No
51119,Middlesex County,Virginia,10847,8556,1747,43,78.87895270581727,16.105835714944224,0.3964229740942196,South,VA,2473,4357,6882,Republican,No
51121,Montgomery County,Virginia,99101,81034,3878,6434,81.76910424718217,3.913179483557179,6.49236637369956,South,VA,23811,22179,46767,Democratic,No
51125,Nelson County,Virginia,14732,11975,1623,132,81.28563670920445,11.016834102633723,0.8960086885691012,South,VA,4298,5004,9388,Republican,No
51127,New Kent County,Virginia,25105,19287,3351,336,76.82533359888468,13.34793865763792,1.3383788090021906,South,VA,5641,10974,16744,Republican,No
51131,Northampton County,Virginia,12059,6840,3618,129,56.72112115432457,30.00248776847168,1.069740442822788,South,VA,3603,3183,6832,Democratic,No
51133,Northumberland County,Virginia,12188,8450,2326,533,69.33048900557925,19.084345257630456,4.373153921890384,South,VA,3202,4938,8205,Republican,No
51135,Nottoway County,Virginia,15597,8452,5692,125,54.18990831570174,36.494197602102965,0.8014361736231327,South,VA,2636,4168,6853,Republican,No
51137,Orange County,Virginia,37822,28900,3812,378,76.41055470361165,10.07879012215113,0.9994183279572735,South,VA,8274,13764,22247,Republican,No
51139,Page County,Virginia,23727,21877,498,94,92.20297551312851,2.0988746997091923,0.39617313608968685,South,VA,2976,10123,13211,Republican,No
51141,Patrick County,Virginia,17512,15670,884,90,89.48149840109639,5.047967108268616,0.5139333028780265,South,VA,1886,7746,9698,Republican,No
51143,Pittsylvania County,Virginia,59856,44353,12175,185,74.09950547981823,20.340483827853514,0.3090751136059877,South,VA,9599,24310,34100,Republican,No
51145,Powhatan County,Virginia,31555,26832,2306,90,85.0324829662494,7.307875138646808,0.28521628901917284,South,VA,5734,14918,20841,Republican,No
51147,Prince Edward County,Virginia,21996,13675,6549,242,62.17039461720313,29.77359519912711,1.100200036370249,South,VA,4539,4782,9424,Republican,Yes
51149,Prince George County,Virginia,43146,23235,13557,801,53.85203726880823,31.421220970657764,1.8564872757613684,South,VA,6842,10590,17596,Republican,No
51153,Prince William County,Virginia,488880,211371,97931,48981,43.23576337751596,20.03170512191131,10.019023073146785,South,VA,131128,90203,227591,Democratic,No
51155,Pulaski County,Virginia,33687,30325,1576,148,90.01988897794402,4.678362573099415,0.4393386172707573,South,VA,4830,12732,17690,Republican,No
51157,Rappahannock County,Virginia,7427,6161,267,14,82.95408644136259,3.594991248148647,0.1885014137606032,South,VA,2041,2943,5038,Republican,No
51159,Richmond County,Virginia,9095,5581,2439,59,61.36338647608576,26.81693238042881,0.6487080813633864,South,VA,1439,2697,4161,Republican,No
51161,Roanoke County,Virginia,97023,80836,6284,3681,83.31632705647115,6.476814775877885,3.7939457654370616,South,VA,21693,34453,56789,Republican,No
51163,Rockbridge County,Virginia,22531,20297,697,196,90.08477209178464,3.093515600727886,0.8699125649105678,South,VA,4160,8468,12752,Republican,No
51165,Rockingham County,Virginia,85600,73563,2060,943,85.93808411214954,2.4065420560747666,1.1016355140186915,South,VA,15035,33033,48581,Republican,No
51167,Russell County,Virginia,25538,24711,287,23,96.76168846424935,1.1238154906413973,0.09006186858798654,South,VA,2172,11303,13525,Republican,No
51169,Scott County,Virginia,21479,20570,274,15,95.7679594022068,1.275664602635132,0.06983565342893058,South,VA,1607,9392,11057,Republican,No
51171,Shenandoah County,Virginia,44925,38352,1368,554,85.36894824707846,3.045075125208681,1.2331663884251531,South,VA,6914,17215,24380,Republican,No
51173,Smyth County,Virginia,29420,27843,628,23,94.63970088375255,2.1346023113528214,0.07817811012916383,South,VA,2805,11521,14420,Republican,No
51175,Southampton County,Virginia,17964,11038,5240,140,61.44511244711646,29.169450011133378,0.779336450679136,South,VA,3626,6133,9831,Republican,No
51177,Spotsylvania County,Virginia,146603,92975,24730,3911,63.41957531564838,16.868686179682545,2.6677489546598636,South,VA,35747,42531,79209,Republican,No
51179,Stafford County,Virginia,163466,88530,32585,6483,54.15805121554329,19.933808865452143,3.965962340792581,South,VA,41252,40590,83123,Democratic,No
51181,Surry County,Virginia,6549,3630,2554,23,55.428309665597794,38.998320354252556,0.3511986562834021,South,VA,2176,2205,4429,Republican,Yes
51183,Sussex County,Virginia,10765,4382,5823,58,40.705991639572694,54.09196470041802,0.538783093358105,South,VA,2539,2322,4892,Democratic,No
51185,Tazewell County,Virginia,39624,36879,1268,244,93.07238037552999,3.2000807591358775,0.6157884110640016,South,VA,3030,16711,19858,Republican,No
51187,Warren County,Virginia,41531,34270,2160,561,82.5166742914931,5.200934241891599,1.3507981989357347,South,VA,6910,15400,22561,Republican,No
51191,Washington County,Virginia,53926,50961,981,272,94.50172458554316,1.8191595890664984,0.5043949115454512,South,VA,6772,22455,29412,Republican,No
51193,Westmoreland County,Virginia,18826,11820,4424,185,62.785509401891005,23.499415701689152,0.9826835227876342,South,VA,4491,6003,10581,Republican,No
51195,Wise County,Virginia,35448,31982,1724,112,90.2222974497856,4.863461972466712,0.315955766192733,South,VA,3036,13655,16776,Republican,No
51197,Wythe County,Virginia,28188,26248,644,225,93.11763871150845,2.2846601390662693,0.7982120051085568,South,VA,3075,12267,15439,Republican,No
51199,York County,Virginia,71005,48443,9295,4241,68.22477290331666,13.090627420604184,5.972818815576368,South,VA,18296,20722,39540,Republican,No
51510,Alexandria city,Virginia,156976,80079,33474,10006,51.01353073081235,21.324278870655387,6.374222811130364,South,VA,62326,16112,80062,Democratic,No
51520,Bristol city,Virginia,16849,14334,969,76,85.07329811858271,5.751083150335331,0.45106534512433977,South,VA,2231,5197,7479,Republican,No
51530,Buena Vista city,Virginia,6593,5583,134,68,84.6807219778553,2.0324586682845442,1.0313969361443955,South,VA,767,2035,2853,Republican,No
51540,Charlottesville city,Virginia,45437,30209,7103,3207,66.4854633888681,15.632634196799966,7.058124436032307,South,VA,19435,3428,23303,Democratic,No
51550,Chesapeake city,Virginia,252583,139259,73386,9781,55.13395596694948,29.054211882826635,3.8723904617492075,South,VA,65399,60550,127493,Democratic,No
51570,Colonial Heights city,Virginia,18352,12149,3542,686,66.19986922406277,19.300348735832607,3.738012205754141,South,VA,2982,5883,8941,Republican,No
51580,Covington city,Virginia,5680,4525,720,76,79.66549295774648,12.676056338028168,1.3380281690140845,South,VA,818,1642,2475,Republican,No
51590,Danville city,Virginia,42214,16795,21517,522,39.785379258066044,50.971241768133794,1.2365565925996116,South,VA,10615,6894,17667,Democratic,No
51595,Emporia city,Virginia,5547,1087,3569,32,19.596178114296016,64.34108527131784,0.5768884081485488,South,VA,1419,744,2178,Democratic,No
51600,Fairfax city,Virginia,25026,13215,1585,4597,52.805082713977455,6.333413250219771,18.368896347798287,South,VA,8797,4302,13445,Democratic,No
51610,Falls Church city,Virginia,14710,10333,559,1344,70.24473147518695,3.8001359619306596,9.136641740312712,South,VA,7200,1620,8969,Democratic,No
51620,Franklin city,Virginia,8250,3141,4601,3,38.07272727272728,55.769696969696966,0.03636363636363636,South,VA,2359,1476,3876,Democratic,No
51630,Fredericksburg city,Virginia,28873,16428,5733,1154,56.897447442247085,19.85592075641603,3.996813632113047,South,VA,8760,4480,13495,Democratic,No
51640,Galax city,Virginia,6726,5409,331,19,80.4192685102587,4.921201308355635,0.2824858757062147,South,VA,753,1946,2717,Republican,No
51650,Hampton city,Virginia,137557,50457,67805,3131,36.68079414351869,49.2922933765639,2.2761473425561767,South,VA,43357,18383,62632,Democratic,No
51660,Harrisonburg city,Virginia,51392,33036,3938,1837,64.28237858032378,7.662671232876712,3.5744863013698627,South,VA,10641,6266,17245,Democratic,No
51670,Hopewell city,Virginia,22959,9436,10004,247,41.09935101703036,43.57332636438869,1.0758308288688532,South,VA,5078,3838,9006,Democratic,No
51678,Lexington city,Virginia,7525,6220,437,262,82.65780730897009,5.807308970099668,3.4817275747508307,South,VA,1795,1030,2863,Democratic,No
51680,Lynchburg city,Virginia,79497,48749,21589,1833,61.32181088594538,27.156999635206358,2.305747386693837,South,VA,16664,19574,36715,Republican,Yes
51683,Manassas city,Virginia,42976,18655,5153,2397,43.40794862248697,11.990413253909159,5.5775316455696204,South,VA,9048,6670,16021,Democratic,No
51685,Manassas Park city,Virginia,16798,5543,2297,1747,32.9979759495178,13.674246934158829,10.400047624717228,South,VA,3506,2314,5967,Democratic,No
51690,Martinsville city,Virginia,13658,5771,6004,399,42.253624249524094,43.95958412651926,2.921364767901596,South,VA,3435,2155,5658,Democratic,No
51700,Newport News city,Virginia,184216,75455,75866,6120,40.96006861510401,41.18317627133365,3.3221869978720635,South,VA,48169,26385,75629,Democratic,No
51710,Norfolk city,Virginia,233596,100966,92432,8544,43.22248668641586,39.56917070497782,3.6575968766588467,South,VA,59941,24377,85643,Democratic,No
51720,Norton city,Virginia,3577,3275,79,11,91.5571708135309,2.2085546547386077,0.3075202683813251,South,VA,458,1174,1643,Republican,No
51730,Petersburg city,Virginia,33537,5094,25663,433,15.189194024510241,76.52145391656975,1.2911113098965321,South,VA,11219,1702,13077,Democratic,No
51735,Poquoson city,Virginia,12639,11384,238,217,90.07041696336735,1.8830603687000556,1.7169079832265213,South,VA,2119,5800,8024,Republican,No
51740,Portsmouth city,Virginia,97190,35186,49167,1673,36.203313098055354,50.588537915423395,1.7213705113694824,South,VA,28306,12370,41252,Democratic,No
51750,Radford city,Virginia,16726,13781,1568,406,82.39268205189525,9.37462633026426,2.427358603371996,South,VA,3231,3197,6550,Democratic,No
51760,Richmond city,Virginia,229359,98088,93993,4857,42.76614390540593,40.98073326095771,2.1176409035616652,South,VA,88710,17041,108143,Democratic,No
51770,Roanoke city,Virginia,98355,55840,27466,3082,56.77393116770881,27.925372375578263,3.133546845610289,South,VA,25737,15787,42128,Democratic,No
51775,Salem city,Virginia,25618,21128,2217,503,82.47326098836756,8.654071356077758,1.9634631899445703,South,VA,5237,7769,13148,Republican,No
51790,Staunton city,Virginia,25948,20567,2816,361,79.26237089563742,10.852474179127485,1.3912440265145676,South,VA,7592,5778,13562,Democratic,No
51800,Suffolk city,Virginia,98796,45942,41515,1843,46.50188266731446,42.02093202153933,1.865460140086643,South,VA,30597,22112,53352,Democratic,No
51810,Virginia Beach city,Virginia,456349,277439,85740,33022,60.79535618572628,18.788251973818284,7.236128489379838,South,VA,115412,109375,227770,Democratic,No
51820,Waynesboro city,Virginia,22841,16910,2711,436,74.0335361849306,11.869007486537367,1.908848123987566,South,VA,5240,5882,11274,Republican,No
51830,Williamsburg city,Virginia,15798,10751,2269,1075,68.05291809089759,14.362577541460944,6.804658817571845,South,VA,5613,2119,7851,Democratic,No
51840,Winchester city,Virginia,27913,17403,2215,613,62.34729337584638,7.935370615842081,2.196109339734174,South,VA,6407,5252,11822,Democratic,No
53001,Adams County,Washington,20800,8932,40,119,42.94230769230769,0.19230769230769232,0.5721153846153846,West,WA,1455,3767,5365,Republican,No
53003,Asotin County,Washington,22467,19815,210,256,88.19602083055148,0.9347042328748831,1.1394489695998575,West,WA,4082,7004,11468,Republican,No
53005,Benton County,Washington,212905,148319,3542,6663,69.66440431178225,1.6636528028933093,3.1295648293839977,West,WA,37662,59555,100693,Republican,No
53007,Chelan County,Washington,80172,53704,425,661,66.98598014269321,0.5301102629346904,0.8244773736466596,West,WA,18397,22363,42191,Republican,No
53009,Clallam County,Washington,77813,63706,656,1384,81.87063858224204,0.8430467916672022,1.7786231092490974,West,WA,25440,21632,48663,Democratic,No
53011,Clark County,Washington,516959,388754,11253,26084,75.20016094119649,2.1767683704123537,5.04566126133794,West,WA,143206,123998,276578,Democratic,No
53013,Columbia County,Washington,4014,3337,22,75,83.13403089187842,0.5480817140009965,1.8684603886397608,West,WA,661,1737,2485,Republican,No
53015,Cowlitz County,Washington,112360,93447,759,1351,83.16749733001068,0.6755072979708081,1.2023851904592382,West,WA,22825,34580,59325,Republican,No
53017,Douglas County,Washington,44366,26955,193,367,60.75598431231123,0.43501780642834603,0.8272100256953524,West,WA,7410,13095,21182,Republican,No
53019,Ferry County,Washington,7387,5339,24,52,72.27561933125762,0.3248950859618248,0.7039393529172872,West,WA,1315,2667,4119,Republican,No
53021,Franklin County,Washington,98902,44953,1909,1825,45.45206365897555,1.9301935249034397,1.845260965400093,West,WA,11884,19086,31897,Republican,No
53023,Garfield County,Washington,2353,2092,19,49,88.90777730556736,0.8074798130046749,2.08244793880153,West,WA,330,973,1352,Republican,No
53025,Grant County,Washington,101799,56828,1345,1066,55.82373107790842,1.3212310533502294,1.0471615634731186,West,WA,10806,24326,36253,Republican,No
53027,Grays Harbor County,Washington,77053,60470,1137,1037,78.47844989812207,1.4756076985970696,1.3458268983686552,West,WA,17161,19432,37793,Republican,No
53029,Island County,Washington,86836,67437,1969,4291,77.66018701920862,2.267492744944493,4.941498917499654,West,WA,29595,20967,52449,Democratic,No
53031,Jefferson County,Washington,33577,28727,131,434,85.5555886469905,0.390148017988504,1.292551448908479,West,WA,17459,6324,24698,Democratic,No
53033,King County,Washington,2287171,1251054,149956,472849,54.6987523014239,6.55639652653868,20.67396797178698,West,WA,832606,252193,1130502,Democratic,No
53035,Kitsap County,Washington,277881,208426,6408,13655,75.0054879606738,2.306023081822795,4.913973967273761,West,WA,91731,59080,156872,Democratic,No
53037,Kittitas County,Washington,47172,38721,532,813,82.0847112693971,1.1277876706520817,1.7234800305265834,West,WA,10810,14645,26499,Republican,No
53039,Klickitat County,Washington,23411,19171,81,179,81.88885566613985,0.34599120071761136,0.7645978386228696,West,WA,5917,7178,13607,Republican,No
53041,Lewis County,Washington,85154,70016,713,1011,82.22279634544472,0.8373065269981446,1.187260727622895,West,WA,14433,29322,45338,Republican,No
53043,Lincoln County,Washington,11489,10353,68,54,90.11228131255984,0.5918704848115588,0.47001479676212027,West,WA,1678,5272,7144,Republican,No
53045,Mason County,Washington,67982,52340,709,665,76.99096819746404,1.0429231267100114,0.9782001117942986,West,WA,17215,18127,36689,Republican,No
53047,Okanogan County,Washington,43425,27935,559,303,64.3293033966609,1.2872769142199194,0.697754749568221,West,WA,8466,11555,20732,Republican,No
53049,Pacific County,Washington,23994,19714,157,374,82.16220721847128,0.654330249228974,1.558723014086855,West,WA,6825,7010,14244,Republican,No
53051,Pend Oreille County,Washington,14050,12038,25,71,85.6797153024911,0.1779359430604982,0.5053380782918149,West,WA,2461,5826,8545,Republican,No
53053,Pierce County,Washington,930319,595791,68964,64156,64.04158143604506,7.412941152443409,6.896129177196208,West,WA,235169,188194,439581,Democratic,No
53055,San Juan County,Washington,18478,16035,45,248,86.77887217231303,0.24353284987552767,1.3421365948695747,West,WA,9539,2890,13006,Democratic,No
53057,Skagit County,Washington,131328,98556,1020,2739,75.04568713450293,0.7766812865497076,2.0856176900584793,West,WA,36956,30765,70256,Democratic,No
53059,Skamania County,Washington,12402,10742,98,158,86.61506208676019,0.7901951298177713,1.2739880664408965,West,WA,3147,3961,7355,Republican,No
53061,Snohomish County,Washington,844430,541948,31141,114960,64.17915043283635,3.6878130810132275,13.613917080160581,West,WA,240099,161371,418221,Democratic,No
53063,Spokane County,Washington,549056,454089,11408,12568,82.70358579088472,2.0777479892761392,2.2890196992656486,West,WA,131163,145338,287082,Republican,No
53065,Stevens County,Washington,48067,40868,197,430,85.02298874487694,0.40984459192377304,0.8945846422701644,West,WA,7492,19895,28246,Republican,No
53067,Thurston County,Washington,299067,215637,9947,18347,72.10324107975805,3.3260105595067326,6.134745725874135,West,WA,95663,62282,164537,Democratic,No
53069,Wahkiakum County,Washington,4658,4084,39,78,87.67711464147703,0.8372692142550452,1.6745384285100904,West,WA,1204,1757,3062,Republican,No
53071,Walla Walla County,Washington,62161,45047,1032,1151,72.46826788500829,1.660204951657792,1.85164331333151,West,WA,13106,15476,29568,Republican,No
53073,Whatcom County,Washington,230503,179852,2213,10078,78.0258825264747,0.9600742723522037,4.3721773686242695,West,WA,83295,49213,137868,Democratic,No
53075,Whitman County,Washington,47003,35796,685,3228,76.15684105269877,1.4573537859285577,6.867646745952386,West,WA,10480,8699,20027,Democratic,No
53077,Yakima County,Washington,257152,120276,1804,3182,46.77233698357392,0.701530612244898,1.2374004479840717,West,WA,36706,49368,88751,Republican,No
54001,Barbour County,West Virginia,15424,13963,234,47,90.5277489626556,1.517116182572614,0.30471991701244816,South,WV,1199,5071,6395,Republican,No
54003,Berkeley County,West Virginia,129514,104505,9606,1251,80.69011844279383,7.416958784378523,0.9659187423753417,South,WV,17500,37580,56102,Republican,No
54005,Boone County,West Virginia,21026,20470,86,36,97.35565490345287,0.4090174070198802,0.17121658898506611,South,WV,1641,6314,8142,Republican,No
54007,Braxton County,West Virginia,12208,10610,70,11,86.91022280471822,0.573394495412844,0.09010484927916121,South,WV,1233,3991,5313,Republican,No
54009,Brooke County,West Virginia,21805,20236,327,144,92.80440265994038,1.4996560421921579,0.660398991057097,South,WV,2621,6986,9782,Republican,No
54011,Cabell County,West Virginia,92739,82935,3947,1075,89.42839582052858,4.256030364787199,1.1591671249420417,South,WV,13474,21229,35429,Republican,No
54013,Calhoun County,West Virginia,6048,5794,5,3,95.80026455026454,0.08267195767195767,0.0496031746031746,South,WV,488,2391,2936,Republican,No
54015,Clay County,West Virginia,7835,7587,4,0,96.83471601786854,0.05105296745373325,0,South,WV,580,2597,3240,Republican,No
54017,Doddridge County,West Virginia,7711,7137,189,35,92.55608870444819,2.451043963169498,0.45389703021657374,South,WV,374,2541,2956,Republican,No
54019,Fayette County,West Virginia,39519,36269,1641,21,91.77610769503278,4.15243300690807,0.05313899643209595,South,WV,4387,10910,15620,Republican,No
54021,Gilmer County,West Virginia,7288,5915,1008,16,81.16081229418222,13.830954994511528,0.21953896816684962,South,WV,486,1822,2344,Republican,No
54023,Grant County,West Virginia,10983,10547,185,19,96.03022853500866,1.6844213784940363,0.17299462806154967,South,WV,552,4949,5568,Republican,No
54025,Greenbrier County,West Virginia,32386,29951,758,214,92.48131908849503,2.3405175075649973,0.6607793491014636,South,WV,4196,10517,14996,Republican,No
54027,Hampshire County,West Virginia,23465,21939,227,7,93.49669720860857,0.9673982527168122,0.029831664180694654,South,WV,1890,8464,10500,Republican,No
54029,Hancock County,West Virginia,28431,26330,501,146,92.61017902993211,1.7621610214202807,0.5135239703140938,South,WV,3360,9462,13030,Republican,No
54031,Hardy County,West Virginia,14243,12798,695,8,89.85466544969458,4.879589974022327,0.05616794214701959,South,WV,1297,4997,6411,Republican,No
54033,Harrison County,West Virginia,64984,60111,974,553,92.50123107226395,1.4988304813492552,0.8509787024498339,South,WV,8402,20480,29495,Republican,No
54035,Jackson County,West Virginia,27705,26567,39,110,95.8924381880527,0.14076881429344884,0.3970402454430608,South,WV,2699,9907,12822,Republican,No
54037,Jefferson County,West Virginia,59260,47826,3375,827,80.70536618292272,5.695241309483631,1.3955450556868039,South,WV,11967,16573,29156,Republican,No
54039,Kanawha County,West Virginia,176537,152605,8657,2046,86.4436350453446,4.903787874496564,1.158963843273648,South,WV,30231,43352,75239,Republican,No
54041,Lewis County,West Virginia,16740,15064,197,21,89.98805256869773,1.1768219832735962,0.12544802867383512,South,WV,1372,5550,7048,Republican,No
54043,Lincoln County,West Virginia,19902,19306,1,103,97.0053260978796,0.005024620641141594,0.5175359260375841,South,WV,1279,5770,7187,Republican,No
54045,Logan County,West Virginia,31418,30048,616,79,95.63944235788402,1.9606594945572602,0.2514482143993889,South,WV,1848,9500,11469,Republican,No
54047,McDowell County,West Virginia,17943,15784,1611,9,87.96745248843561,8.97843170038455,0.05015883631499749,South,WV,1036,4310,5425,Republican,No
54049,Marion County,West Virginia,55909,51194,1428,323,91.56665295390725,2.5541504945536495,0.5777245166252303,South,WV,8185,15881,24634,Republican,No
54051,Marshall County,West Virginia,29865,27801,98,104,93.08890005022602,0.32814331156872595,0.34823371839946426,South,WV,3186,9808,13233,Republican,No
54053,Mason County,West Virginia,25043,23915,253,93,95.49574731461885,1.0102623487601325,0.3713612586351475,South,WV,2111,8232,10547,Republican,No
54055,Mercer County,West Virginia,58563,52059,2372,127,88.89401157727576,4.050338951214931,0.21686047504396977,South,WV,4851,18372,23584,Republican,No
54057,Mineral County,West Virginia,26854,24957,357,58,92.9358754747896,1.3294108885082296,0.21598272138228944,South,WV,2483,10247,12904,Republican,No
54059,Mingo County,West Virginia,22542,21483,447,1,95.3021027415491,1.982965131754059,0.0044361636057137785,South,WV,1061,7325,8490,Republican,No
54061,Monongalia County,West Virginia,107163,93057,3486,3738,86.8368746675625,3.2529884381736234,3.4881442288849698,South,WV,19265,21084,41452,Republican,No
54063,Monroe County,West Virginia,12386,11690,180,0,94.38075246245762,1.4532536735023414,0,South,WV,1155,5089,6367,Republican,No
54065,Morgan County,West Virginia,17426,16320,8,115,93.65316194192586,0.04590841271663032,0.6599334328015609,South,WV,1947,7009,9097,Republican,No
54067,Nicholas County,West Virginia,24277,23386,133,59,96.32985953783417,0.5478436380112863,0.24302838077192407,South,WV,1919,7960,10037,Republican,No
54069,Ohio County,West Virginia,41582,37521,1390,203,90.23375499013997,3.3427925544706847,0.48819200615651,South,WV,6727,11593,18689,Republican,No
54071,Pendleton County,West Virginia,6043,5707,117,13,94.43984775773623,1.936124441502565,0.21512493794472945,South,WV,680,2687,3425,Republican,No
54073,Pleasants County,West Virginia,7521,7149,31,0,95.0538492221779,0.4121792314851749,0,South,WV,656,2632,3348,Republican,No
54075,Pocahontas County,West Virginia,7784,7295,42,10,93.71788283658788,0.539568345323741,0.12846865364850976,South,WV,927,2889,3901,Republican,No
54077,Preston County,West Virginia,34160,30270,2258,125,88.61241217798595,6.610070257611242,0.3659250585480094,South,WV,2953,11176,14426,Republican,No
54079,Putnam County,West Virginia,57177,53747,542,458,94.00108435209961,0.9479336096682233,0.8010213897196425,South,WV,7124,19868,27507,Republican,No
54081,Raleigh County,West Virginia,73195,63941,5015,632,87.3570599084637,6.851560898968509,0.8634469567593416,South,WV,6816,23644,30966,Republican,No
54083,Randolph County,West Virginia,27576,24928,397,2,90.39744705541051,1.4396576733391353,0.00725268349289237,South,WV,3008,8356,11594,Republican,No
54085,Ritchie County,West Virginia,8286,8051,9,111,97.16389090031379,0.10861694424330195,1.3396089790007242,South,WV,517,3473,4050,Republican,No
54087,Roane County,West Virginia,13786,13227,3,34,95.94516175830553,0.02176120702161613,0.24662701291164948,South,WV,1218,4189,5521,Republican,No
54089,Summers County,West Virginia,11729,10651,718,0,90.80910563560406,6.121578992241453,0,South,WV,1226,3931,5264,Republican,No
54091,Taylor County,West Virginia,16487,15680,114,0,95.1052344271244,0.6914538727482259,0,South,WV,1694,5422,7265,Republican,No
54093,Tucker County,West Virginia,6654,6446,0,0,96.87406071535918,0,0,South,WV,890,2669,3636,Republican,No
54095,Tyler County,West Virginia,8064,7579,71,0,93.98561507936508,0.8804563492063492,0,South,WV,554,2991,3617,Republican,No
54097,Upshur County,West Virginia,23712,21830,317,88,92.06309041835358,1.3368758434547907,0.37112010796221323,South,WV,2033,7633,9859,Republican,No
54099,Wayne County,West Virginia,38164,36590,366,17,95.87569437165916,0.9590189707577822,0.044544597002410646,South,WV,3532,11934,15747,Republican,No
54101,Webster County,West Virginia,8144,7604,11,0,93.36935166994105,0.13506876227897838,0,South,WV,479,2478,2998,Republican,No
54103,Wetzel County,West Virginia,14078,13327,26,6,94.6654354311692,0.18468532461997442,0.04261969029691717,South,WV,1294,4718,6168,Republican,No
54105,Wirt County,West Virginia,5053,4873,0,11,96.43775974668513,0,0.21769245992479713,South,WV,409,2120,2581,Republican,No
54107,Wood County,West Virginia,83407,78671,978,365,94.32181951155178,1.1725634539067464,0.4376131499754217,South,WV,10317,26380,37313,Republican,No
54109,Wyoming County,West Virginia,20629,19982,55,17,96.86363856706578,0.26661495952300157,0.08240826021620049,South,WV,980,6503,7565,Republican,No
55001,Adams County,Wisconsin,21123,18788,429,135,88.94569900108887,2.0309615111489845,0.6391137622496805,North Central,WI,4443,7763,12882,Republican,No
55003,Ashland County,Wisconsin,16080,13326,83,119,82.8731343283582,0.5161691542288558,0.740049751243781,North Central,WI,4612,4191,8955,Democratic,No
55005,Barron County,Wisconsin,46797,42846,618,281,91.55715109942945,1.320597474197064,0.6004658418274675,North Central,WI,8941,16726,26809,Republican,No
55007,Bayfield County,Wisconsin,16575,13945,125,92,84.13273001508296,0.7541478129713424,0.555052790346908,North Central,WI,6107,4860,11240,Democratic,No
55009,Brown County,Wisconsin,270892,214103,6745,9193,79.0362949071955,2.4899221830102034,3.3936033548425204,North Central,WI,67937,79132,149333,Republican,No
55011,Buffalo County,Wisconsin,13393,12599,57,33,94.07152990368103,0.42559546031509,0.2463973717613679,North Central,WI,2765,5213,8100,Republican,No
55013,Burnett County,Wisconsin,16916,15226,148,92,90.00945850082762,0.8749113265547411,0.5438637975880822,North Central,WI,3665,7008,10810,Republican,No
55015,Calumet County,Wisconsin,52942,46733,509,1375,88.27207132333497,0.9614294888746174,2.5971818216161084,North Central,WI,12927,19488,32916,Republican,No
55017,Chippewa County,Wisconsin,66799,61893,967,881,92.6555786763275,1.447626461473974,1.318882019191904,North Central,WI,14573,23399,38471,Republican,No
55019,Clark County,Wisconsin,34739,31688,299,136,91.21736376982642,0.860704107775123,0.3914908316301563,North Central,WI,4509,10481,15340,Republican,No
55021,Columbia County,Wisconsin,58272,53053,1062,466,91.04372597473915,1.8224876441515652,0.7996979681493684,North Central,WI,16388,17988,34914,Republican,No
55023,Crawford County,Wisconsin,16042,14901,255,83,92.88742052113203,1.5895773594314921,0.5173918464031917,North Central,WI,3860,5113,9105,Republican,No
55025,Dane County,Wisconsin,572674,442561,29788,35212,77.27974379839141,5.201563193020811,6.148698910724077,North Central,WI,273995,85454,365929,Democratic,No
55027,Dodge County,Wisconsin,88742,78439,2268,554,88.38993937481689,2.555723332807464,0.6242816253859503,North Central,WI,16518,33067,50300,Republican,No
55029,Door County,Wisconsin,30445,28122,70,138,92.36984726556085,0.22992281162752506,0.45327640006569225,North Central,WI,10565,10099,20944,Democratic,No
55031,Douglas County,Wisconsin,44229,39928,375,331,90.27561102444098,0.847860001356576,0.7483777611974044,North Central,WI,13073,11732,25234,Democratic,No
55033,Dunn County,Wisconsin,45527,41442,400,1405,91.02730247984712,0.8785995123772707,3.086080787225163,North Central,WI,10643,14726,25678,Republican,No
55035,Eau Claire County,Wisconsin,107116,94156,1476,4427,87.90096717577207,1.3779454049815154,4.132902647596998,North Central,WI,34400,27728,63177,Democratic,No
55037,Florence County,Wisconsin,4646,4411,12,0,94.94188549289711,0.2582866982350409,0,North Central,WI,783,2356,3158,Republican,No
55039,Fond du Lac County,Wisconsin,104137,91257,1770,1976,87.6316775017525,1.6996840700231428,1.8975004081162317,North Central,WI,20495,37272,58527,Republican,No
55041,Forest County,Wisconsin,9369,7314,39,8,78.06596221581812,0.4162664105027218,0.08538798164158394,North Central,WI,1681,3382,5097,Republican,No
55043,Grant County,Wisconsin,51770,48488,853,368,93.66042109329727,1.6476723971412015,0.7108363917326637,North Central,WI,10966,15922,27306,Republican,No
55045,Green County,Wisconsin,37017,34484,385,264,93.15719804414188,1.0400626739065835,0.7131858335359429,North Central,WI,10903,10843,22076,Democratic,No
55047,Green Lake County,Wisconsin,19263,17641,135,219,91.57971240201422,0.7008254166017754,1.1368945647095468,North Central,WI,3449,7458,11052,Republican,No
55049,Iowa County,Wisconsin,23867,22162,181,209,92.85624502451083,0.7583692965182051,0.8756860937696401,North Central,WI,7750,6631,14677,Democratic,No
55051,Iron County,Wisconsin,6210,5800,3,30,93.39774557165862,0.04830917874396135,0.4830917874396135,North Central,WI,1487,2557,4084,Republican,No
55053,Jackson County,Wisconsin,20981,18036,448,103,85.96349077737,2.1352652399790286,0.49092035651303556,North Central,WI,4157,6204,10502,Republican,No
55055,Jefferson County,Wisconsin,86003,76167,809,561,88.56318965617479,0.940664860528121,0.6523028266455821,North Central,WI,20574,28771,50146,Republican,No
55057,Juneau County,Wisconsin,26689,23481,605,158,87.98006669414366,2.266851511858818,0.5920041964854434,North Central,WI,4854,9525,14553,Republican,No
55059,Kenosha County,Wisconsin,168438,126687,10300,3108,75.21283795818046,6.115009677151237,1.8451893278238878,North Central,WI,41826,47478,90680,Republican,No
55061,Kewaunee County,Wisconsin,20664,19138,84,160,92.61517615176152,0.40650406504065045,0.7742934572202865,North Central,WI,4059,8267,12484,Republican,No
55063,La Crosse County,Wisconsin,120488,106232,1819,5423,88.16811632693712,1.5096939114268642,4.500863156496913,North Central,WI,39008,32247,72261,Democratic,No
55065,Lafayette County,Wisconsin,16942,15422,62,123,91.02821390626843,0.3659544327706292,0.7260063746901193,North Central,WI,3469,5256,8832,Republican,No
55067,Langlade County,Wisconsin,19490,17893,93,31,91.80605438686506,0.47716777834787066,0.1590559261159569,North Central,WI,3746,7782,11664,Republican,No
55069,Lincoln County,Wisconsin,28426,26638,136,123,93.70998381763175,0.4784352353479209,0.4327024554984873,North Central,WI,6306,10633,17209,Republican,No
55071,Manitowoc County,Wisconsin,81406,71911,620,1964,88.33624057194801,0.7616146230007617,2.412598579957251,North Central,WI,17399,28200,46316,Republican,No
55073,Marathon County,Wisconsin,138403,120384,800,7850,86.98077353814585,0.5780221526990023,5.671842373358959,North Central,WI,31529,46213,78826,Republican,No
55075,Marinette County,Wisconsin,42046,39496,214,214,93.93521381344242,0.5089663701660087,0.5089663701660087,North Central,WI,7415,16670,24415,Republican,No
55077,Marquette County,Wisconsin,15746,14675,77,72,93.19827257716246,0.48901308268766674,0.4572589864092468,North Central,WI,3252,6041,9427,Republican,No
55078,Menominee County,Wisconsin,4252,567,35,2,13.334901222953905,0.8231420507996237,0.047036688617121354,North Central,WI,1266,296,1572,Democratic,No
55079,Milwaukee County,Wisconsin,926331,467429,239717,45162,50.460256646922105,25.878114842318784,4.875363126139576,North Central,WI,316292,138022,464107,Democratic,No
55081,Monroe County,Wisconsin,46208,41596,701,423,90.01904432132964,1.5170533240997228,0.9154259002770082,North Central,WI,8476,14563,23369,Republican,No
55083,Oconto County,Wisconsin,39589,37016,57,140,93.50071989694106,0.1439793882138978,0.3536335850867665,North Central,WI,6967,17675,24912,Republican,No
55085,Oneida County,Wisconsin,38167,35797,196,178,93.79044724500223,0.5135326329027694,0.4663714727382294,North Central,WI,10080,14455,24895,Republican,No
55087,Outagamie County,Wisconsin,192826,165450,3138,7230,85.80274444317675,1.6273739018597078,3.749494362793399,North Central,WI,49438,60827,111932,Republican,No
55089,Ozaukee County,Wisconsin,92966,83279,1392,2028,89.5800615278704,1.4973216014456898,2.1814426779682896,North Central,WI,27874,34504,63472,Republican,No
55091,Pepin County,Wisconsin,7431,7046,31,48,94.8190014802853,0.4171713093796259,0.6459426725878078,North Central,WI,1523,2798,4354,Republican,No
55093,Pierce County,Wisconsin,42584,39265,242,501,92.20599286116851,0.5682885590832237,1.1764982152921286,North Central,WI,10171,14417,25392,Republican,No
55095,Polk County,Wisconsin,45555,42719,128,210,93.77455822631984,0.28097903632971133,0.4609812314784327,North Central,WI,9567,18296,28222,Republican,No
55097,Portage County,Wisconsin,70832,63752,547,2039,90.00451773209849,0.7722498305850464,2.878642421504405,North Central,WI,21503,20987,43258,Democratic,No
55099,Price County,Wisconsin,14092,13170,14,78,93.45728072665342,0.09934714731762702,0.5535055350553505,North Central,WI,3005,5763,8856,Republican,No
55101,Racine County,Wisconsin,197532,142655,20827,2370,72.21867849259867,10.543608124253286,1.1998056011177936,North Central,WI,49721,56347,107686,Republican,No
55103,Richland County,Wisconsin,17205,15947,55,158,92.68817204301075,0.31967451322290036,0.9183376925312409,North Central,WI,3985,5207,9323,Republican,No
55105,Rock County,Wisconsin,164350,134161,7727,1779,81.63127471858837,4.7015515667782175,1.0824459993915423,North Central,WI,46642,40218,88310,Democratic,No
55107,Rusk County,Wisconsin,14179,13275,164,52,93.62437407433528,1.156640101558643,0.3667395443966429,North Central,WI,2516,5660,8270,Republican,No
55109,St. Croix County,Wisconsin,96033,88464,662,1067,92.11833432257662,0.6893463705184676,1.1110764008205514,North Central,WI,23870,35537,60642,Republican,No
55111,Sauk County,Wisconsin,66009,57628,517,296,87.30324652698874,0.7832265297156449,0.4484236997985123,North Central,WI,18172,18798,37584,Republican,Yes
55113,Sawyer County,Wisconsin,18476,14349,118,109,77.66291405066032,0.6386663780038969,0.5899545356137692,North Central,WI,4599,6422,11140,Republican,No
55115,Shawano County,Wisconsin,41039,34965,245,262,85.19944443090719,0.5969931041204708,0.6384171154267891,North Central,WI,7336,15850,23500,Republican,No
55117,Sheboygan County,Wisconsin,117991,98331,2547,6812,83.33771219838802,2.1586392182454595,5.77332169402751,North Central,WI,27735,38763,67562,Republican,No
55119,Taylor County,Wisconsin,20024,18903,67,63,94.40171793847382,0.33459848182181384,0.3146224530563324,North Central,WI,2823,8209,11186,Republican,No
55121,Trempealeau County,Wisconsin,30839,26190,107,142,84.92493271506858,0.3469632608061221,0.4604559162099939,North Central,WI,6219,9661,16079,Republican,No
55123,Vernon County,Wisconsin,31049,29338,90,65,94.48935553479984,0.28986440787142903,0.20934651679603206,North Central,WI,7514,8807,16609,Republican,No
55125,Vilas County,Wisconsin,23647,20150,65,91,85.21165475536009,0.2748763056624519,0.38482682792743267,North Central,WI,6119,9837,16135,Republican,No
55127,Walworth County,Wisconsin,105657,90011,853,916,85.19170523486376,0.8073293771354477,0.8669562830669051,North Central,WI,23161,36603,60597,Republican,No
55129,Washburn County,Wisconsin,16854,15666,45,78,92.951228195087225,0.266998932004272,0.4627981488074048,North Central,WI,3867,6962,10978,Republican,No
55131,Washington County,Wisconsin,137879,126038,1836,2019,91.41203519027553,1.3316023469854004,1.4643274175182588,North Central,WI,28504,61604,91407,Republican,No
55133,Waukesha County,Wisconsin,411762,357179,6501,15988,86.74404146084389,1.5788246608477712,3.882825515710532,North Central,WI,108478,162768,275787,Republican,No
55135,Waupaca County,Wisconsin,51569,48037,285,139,93.15092400473152,0.5526576043747212,0.2695417789757413,North Central,WI,9947,20093,30403,Republican,No
55137,Waushara County,Wisconsin,24868,22058,450,111,88.70033778349686,1.8095544474827086,0.4463567637124015,North Central,WI,4571,9625,14363,Republican,No
55139,Winnebago County,Wisconsin,171769,148625,4785,5561,86.52609027240072,2.7857180282821696,3.2374875559617857,North Central,WI,44660,49179,95371,Republican,No
55141,Wood County,Wisconsin,74004,67397,541,1293,91.07210421058322,0.7310415653207935,1.7472028538997892,North Central,WI,16599,24997,42216,Republican,No
56001,Albany County,Wyoming,38249,31971,429,1395,83.58649899343774,1.1215979502732099,3.647154173965332,West,WY,8371,8930,17877,Republican,Yes
56003,Big Horn County,Wyoming,11828,10444,79,66,88.29895164017584,0.6679066621575922,0.5579979709164694,West,WY,742,4867,5735,Republican,No
56005,Campbell County,Wyoming,47240,40501,157,115,85.73454699407283,0.3323454699407282,0.24343776460626587,West,WY,2004,16006,18342,Republican,No
56007,Carbon County,Wyoming,14463,11781,203,34,81.45612943372744,1.4035815529281614,0.23508262462836202,West,WY,1274,4952,6387,Republican,No
56009,Converse County,Wyoming,13762,12631,78,28,91.78171777357942,0.5667780845807295,0.20345879959308238,West,WY,845,5756,6739,Republican,No
56011,Crook County,Wyoming,7455,6940,0,15,93.09188464118041,0,0.2012072434607646,West,WY,443,3805,4344,Republican,No
56013,Fremont County,Wyoming,39533,28031,216,130,70.90531960640477,0.5463789745276099,0.3288391976323578,West,WY,5179,11552,17256,Republican,No
56015,Goshen County,Wyoming,12605,10975,33,119,87.06862356207854,0.2618008726695755,0.9440698135660452,West,WY,1156,4893,6174,Republican,No
56017,Hot Springs County,Wyoming,4620,4205,0,14,91.01731601731602,0,0.30303030303030304,West,WY,488,2082,2620,Republican,No
56019,Johnson County,Wyoming,8686,7964,1,47,91.68777342850564,0.011512779184895234,0.541100621690076,West,WY,847,3936,4898,Republican,No
56021,Laramie County,Wyoming,101060,81104,2277,1148,80.25331486245794,2.2531169602216505,1.1359588363348505,West,WY,14153,28063,43362,Republican,No
56023,Lincoln County,Wyoming,20486,18878,10,67,92.15073708874353,0.048813824074978036,0.3270526213023528,West,WY,1623,8957,10840,Republican,No
56025,Natrona County,Wyoming,79977,70747,426,455,88.45918201482927,0.532653137777111,0.5689135626492617,West,WY,8337,24671,33921,Republican,No
56027,Niobrara County,Wyoming,2368,2177,82,0,91.93412162162163,3.4628378378378377,0,West,WY,112,1108,1234,Republican,No
56029,Park County,Wyoming,30449,26889,74,137,88.30831882820453,0.2430293277283326,0.44993267430785905,West,WY,3259,13084,16743,Republican,No
56031,Platte County,Wyoming,8612,7490,29,0,86.97166744078031,0.3367394333488156,0,West,WY,780,3874,4765,Republican,No
56033,Sheridan County,Wyoming,32055,29234,221,318,91.19950085790049,0.689440024957105,0.9920449227889564,West,WY,3920,12041,16425,Republican,No
56035,Sublette County,Wyoming,8838,7907,10,0,89.46594252093234,0.11314777098891153,0,West,WY,920,3905,4924,Republican,No
56037,Sweetwater County,Wyoming,41542,33545,566,197,80.74960281161235,1.3624765297770929,0.47421886283761017,West,WY,3731,12541,16698,Republican,No
56039,Teton County,Wyoming,23396,18227,95,368,77.90647974012653,0.40605231663532226,1.57291844759788,West,WY,8748,4134,13286,Democratic,No
56041,Uinta County,Wyoming,20644,18343,116,49,88.85390428211586,0.5619066072466576,0.23735710133695023,West,WY,1561,7282,9089,Republican,No
56043,Washakie County,Wyoming,7703,6355,9,26,82.50032454887706,0.11683759574191872,0.3375308321433208,West,WY,656,3125,3877,Republican,No
56045,Weston County,Wyoming,6826,5819,18,48,85.24758277175506,0.2636976267213595,0.7031936712569586,West,WY,378,3069,3512,Republican,No
